[INFO] Scanning for projects...
[INFO] 
[INFO] ---------------------< com.example:eureka-server >----------------------
[INFO] Building eureka-server 0.0.1-SNAPSHOT
[INFO]   from pom.xml
[INFO] --------------------------------[ jar ]---------------------------------
[INFO] 
[INFO] >>> spring-boot:3.2.2:run (default-cli) > test-compile @ eureka-server >>>
[INFO] 
[INFO] --- resources:3.3.1:resources (default-resources) @ eureka-server ---
[INFO] Copying 1 resource from src/main/resources to target/classes
[INFO] Copying 0 resource from src/main/resources to target/classes
[INFO] 
[INFO] --- compiler:3.11.0:compile (default-compile) @ eureka-server ---
[INFO] Nothing to compile - all classes are up to date
[INFO] 
[INFO] --- resources:3.3.1:testResources (default-testResources) @ eureka-server ---
[INFO] skip non existing resourceDirectory /home/moneesh/.gemini/antigravity/playground/vast-triangulum/eureka_server_app/src/test/resources
[INFO] 
[INFO] --- compiler:3.11.0:testCompile (default-testCompile) @ eureka-server ---
[INFO] No sources to compile
[INFO] 
[INFO] <<< spring-boot:3.2.2:run (default-cli) < test-compile @ eureka-server <<<
[INFO] 
[INFO] 
[INFO] --- spring-boot:3.2.2:run (default-cli) @ eureka-server ---
[INFO] Attaching agents: []

  .   ____          _            __ _ _
 /\\ / ___'_ __ _ _(_)_ __  __ _ \ \ \ \
( ( )\___ | '_ | '_| | '_ \/ _` | \ \ \ \
 \\/  ___)| |_)| | | | | || (_| |  ) ) ) )
  '  |____| .__|_| |_|_| |_\__, | / / / /
 =========|_|==============|___/=/_/_/_/
 :: Spring Boot ::                (v3.2.2)

2026-04-04T00:42:11.606+05:30  INFO 99059 --- [eureka-server] [           main] c.e.e.EurekaServerApplication            : Starting EurekaServerApplication using Java 21.0.10 with PID 99059 (/home/moneesh/.gemini/antigravity/playground/vast-triangulum/eureka_server_app/target/classes started by moneesh in /home/moneesh/.gemini/antigravity/playground/vast-triangulum/eureka_server_app)
2026-04-04T00:42:11.609+05:30  INFO 99059 --- [eureka-server] [           main] c.e.e.EurekaServerApplication            : No active profile set, falling back to 1 default profile: "default"
2026-04-04T00:42:12.456+05:30  INFO 99059 --- [eureka-server] [           main] o.s.cloud.context.scope.GenericScope     : BeanFactory id=518f9ce7-d331-3309-9e3c-993627a4303d
2026-04-04T00:42:12.515+05:30  WARN 99059 --- [eureka-server] [           main] trationDelegate$BeanPostProcessorChecker : Bean 'org.springframework.cloud.client.loadbalancer.LoadBalancerAutoConfiguration$LoadBalancerInterceptorConfig' of type [org.springframework.cloud.client.loadbalancer.LoadBalancerAutoConfiguration$LoadBalancerInterceptorConfig] is not eligible for getting processed by all BeanPostProcessors (for example: not eligible for auto-proxying). The currently created BeanPostProcessor [lbRestClientPostProcessor] is declared through a non-static factory method on that class; consider declaring it as static instead.
2026-04-04T00:42:12.518+05:30  WARN 99059 --- [eureka-server] [           main] trationDelegate$BeanPostProcessorChecker : Bean 'org.springframework.cloud.loadbalancer.config.BlockingLoadBalancerClientAutoConfiguration' of type [org.springframework.cloud.loadbalancer.config.BlockingLoadBalancerClientAutoConfiguration] is not eligible for getting processed by all BeanPostProcessors (for example: not eligible for auto-proxying). Is this bean getting eagerly injected into a currently created BeanPostProcessor [lbRestClientPostProcessor]? Check the corresponding BeanPostProcessor declaration and its dependencies.
2026-04-04T00:42:12.520+05:30  WARN 99059 --- [eureka-server] [           main] trationDelegate$BeanPostProcessorChecker : Bean 'org.springframework.cloud.loadbalancer.config.LoadBalancerAutoConfiguration' of type [org.springframework.cloud.loadbalancer.config.LoadBalancerAutoConfiguration] is not eligible for getting processed by all BeanPostProcessors (for example: not eligible for auto-proxying). Is this bean getting eagerly injected into a currently created BeanPostProcessor [lbRestClientPostProcessor]? Check the corresponding BeanPostProcessor declaration and its dependencies.
2026-04-04T00:42:12.525+05:30  WARN 99059 --- [eureka-server] [           main] trationDelegate$BeanPostProcessorChecker : Bean 'org.springframework.cloud.commons.config.CommonsConfigAutoConfiguration' of type [org.springframework.cloud.commons.config.CommonsConfigAutoConfiguration] is not eligible for getting processed by all BeanPostProcessors (for example: not eligible for auto-proxying). Is this bean getting eagerly injected into a currently created BeanPostProcessor [lbRestClientPostProcessor]? Check the corresponding BeanPostProcessor declaration and its dependencies.
2026-04-04T00:42:12.527+05:30  WARN 99059 --- [eureka-server] [           main] trationDelegate$BeanPostProcessorChecker : Bean 'org.springframework.cloud.client.loadbalancer.LoadBalancerDefaultMappingsProviderAutoConfiguration' of type [org.springframework.cloud.client.loadbalancer.LoadBalancerDefaultMappingsProviderAutoConfiguration] is not eligible for getting processed by all BeanPostProcessors (for example: not eligible for auto-proxying). Is this bean getting eagerly injected into a currently created BeanPostProcessor [lbRestClientPostProcessor]? Check the corresponding BeanPostProcessor declaration and its dependencies.
2026-04-04T00:42:12.527+05:30  WARN 99059 --- [eureka-server] [           main] trationDelegate$BeanPostProcessorChecker : Bean 'loadBalancerClientsDefaultsMappingsProvider' of type [org.springframework.cloud.client.loadbalancer.LoadBalancerDefaultMappingsProviderAutoConfiguration$$Lambda/0x00007fdda030b5a0] is not eligible for getting processed by all BeanPostProcessors (for example: not eligible for auto-proxying). Is this bean getting eagerly injected into a currently created BeanPostProcessor [lbRestClientPostProcessor]? Check the corresponding BeanPostProcessor declaration and its dependencies.
2026-04-04T00:42:12.528+05:30  WARN 99059 --- [eureka-server] [           main] trationDelegate$BeanPostProcessorChecker : Bean 'defaultsBindHandlerAdvisor' of type [org.springframework.cloud.commons.config.DefaultsBindHandlerAdvisor] is not eligible for getting processed by all BeanPostProcessors (for example: not eligible for auto-proxying). Is this bean getting eagerly injected into a currently created BeanPostProcessor [lbRestClientPostProcessor]? Check the corresponding BeanPostProcessor declaration and its dependencies.
2026-04-04T00:42:12.534+05:30  WARN 99059 --- [eureka-server] [           main] trationDelegate$BeanPostProcessorChecker : Bean 'spring.cloud.loadbalancer-org.springframework.cloud.client.loadbalancer.LoadBalancerClientsProperties' of type [org.springframework.cloud.client.loadbalancer.LoadBalancerClientsProperties] is not eligible for getting processed by all BeanPostProcessors (for example: not eligible for auto-proxying). Is this bean getting eagerly injected into a currently created BeanPostProcessor [lbRestClientPostProcessor]? Check the corresponding BeanPostProcessor declaration and its dependencies.
2026-04-04T00:42:12.541+05:30  WARN 99059 --- [eureka-server] [           main] trationDelegate$BeanPostProcessorChecker : Bean 'default.org.springframework.cloud.loadbalancer.config.LoadBalancerAutoConfiguration.LoadBalancerClientSpecification' of type [org.springframework.cloud.loadbalancer.annotation.LoadBalancerClientSpecification] is not eligible for getting processed by all BeanPostProcessors (for example: not eligible for auto-proxying). Is this bean getting eagerly injected into a currently created BeanPostProcessor [lbRestClientPostProcessor]? Check the corresponding BeanPostProcessor declaration and its dependencies.
2026-04-04T00:42:12.542+05:30  WARN 99059 --- [eureka-server] [           main] trationDelegate$BeanPostProcessorChecker : Bean 'default.org.springframework.cloud.loadbalancer.config.BlockingLoadBalancerClientAutoConfiguration.LoadBalancerClientSpecification' of type [org.springframework.cloud.loadbalancer.annotation.LoadBalancerClientSpecification] is not eligible for getting processed by all BeanPostProcessors (for example: not eligible for auto-proxying). Is this bean getting eagerly injected into a currently created BeanPostProcessor [lbRestClientPostProcessor]? Check the corresponding BeanPostProcessor declaration and its dependencies.
2026-04-04T00:42:12.543+05:30  WARN 99059 --- [eureka-server] [           main] trationDelegate$BeanPostProcessorChecker : Bean 'default.org.springframework.cloud.netflix.eureka.loadbalancer.LoadBalancerEurekaAutoConfiguration.LoadBalancerClientSpecification' of type [org.springframework.cloud.loadbalancer.annotation.LoadBalancerClientSpecification] is not eligible for getting processed by all BeanPostProcessors (for example: not eligible for auto-proxying). Is this bean getting eagerly injected into a currently created BeanPostProcessor [lbRestClientPostProcessor]? Check the corresponding BeanPostProcessor declaration and its dependencies.
2026-04-04T00:42:12.544+05:30  WARN 99059 --- [eureka-server] [           main] trationDelegate$BeanPostProcessorChecker : Bean 'loadBalancerClientFactory' of type [org.springframework.cloud.loadbalancer.support.LoadBalancerClientFactory] is not eligible for getting processed by all BeanPostProcessors (for example: not eligible for auto-proxying). Is this bean getting eagerly injected into a currently created BeanPostProcessor [lbRestClientPostProcessor]? Check the corresponding BeanPostProcessor declaration and its dependencies.
2026-04-04T00:42:12.545+05:30  WARN 99059 --- [eureka-server] [           main] trationDelegate$BeanPostProcessorChecker : Bean 'blockingLoadBalancerClient' of type [org.springframework.cloud.loadbalancer.blocking.client.BlockingLoadBalancerClient] is not eligible for getting processed by all BeanPostProcessors (for example: not eligible for auto-proxying). Is this bean getting eagerly injected into a currently created BeanPostProcessor [lbRestClientPostProcessor]? Check the corresponding BeanPostProcessor declaration and its dependencies.
2026-04-04T00:42:12.551+05:30  WARN 99059 --- [eureka-server] [           main] trationDelegate$BeanPostProcessorChecker : Bean 'loadBalancerServiceInstanceCookieTransformer' of type [org.springframework.cloud.loadbalancer.core.LoadBalancerServiceInstanceCookieTransformer] is not eligible for getting processed by all BeanPostProcessors (for example: not eligible for auto-proxying). Is this bean getting eagerly injected into a currently created BeanPostProcessor [lbRestClientPostProcessor]? Check the corresponding BeanPostProcessor declaration and its dependencies.
2026-04-04T00:42:12.552+05:30  WARN 99059 --- [eureka-server] [           main] trationDelegate$BeanPostProcessorChecker : Bean 'xForwarderHeadersTransformer' of type [org.springframework.cloud.loadbalancer.blocking.XForwardedHeadersTransformer] is not eligible for getting processed by all BeanPostProcessors (for example: not eligible for auto-proxying). Is this bean getting eagerly injected into a currently created BeanPostProcessor [lbRestClientPostProcessor]? Check the corresponding BeanPostProcessor declaration and its dependencies.
2026-04-04T00:42:12.553+05:30  WARN 99059 --- [eureka-server] [           main] trationDelegate$BeanPostProcessorChecker : Bean 'org.springframework.cloud.client.loadbalancer.LoadBalancerAutoConfiguration' of type [org.springframework.cloud.client.loadbalancer.LoadBalancerAutoConfiguration] is not eligible for getting processed by all BeanPostProcessors (for example: not eligible for auto-proxying). Is this bean getting eagerly injected into a currently created BeanPostProcessor [lbRestClientPostProcessor]? Check the corresponding BeanPostProcessor declaration and its dependencies.
2026-04-04T00:42:12.554+05:30  WARN 99059 --- [eureka-server] [           main] trationDelegate$BeanPostProcessorChecker : Bean 'loadBalancerRequestFactory' of type [org.springframework.cloud.client.loadbalancer.LoadBalancerRequestFactory] is not eligible for getting processed by all BeanPostProcessors (for example: not eligible for auto-proxying). Is this bean getting eagerly injected into a currently created BeanPostProcessor [lbRestClientPostProcessor]? Check the corresponding BeanPostProcessor declaration and its dependencies.
2026-04-04T00:42:12.555+05:30  WARN 99059 --- [eureka-server] [           main] trationDelegate$BeanPostProcessorChecker : Bean 'loadBalancerInterceptor' of type [org.springframework.cloud.client.loadbalancer.LoadBalancerInterceptor] is not eligible for getting processed by all BeanPostProcessors (for example: not eligible for auto-proxying). Is this bean getting eagerly injected into a currently created BeanPostProcessor [lbRestClientPostProcessor]? Check the corresponding BeanPostProcessor declaration and its dependencies.
2026-04-04T00:42:12.728+05:30  INFO 99059 --- [eureka-server] [           main] o.s.b.w.embedded.tomcat.TomcatWebServer  : Tomcat initialized with port 9000 (http)
2026-04-04T00:42:12.738+05:30  INFO 99059 --- [eureka-server] [           main] o.apache.catalina.core.StandardService   : Starting service [Tomcat]
2026-04-04T00:42:12.739+05:30  INFO 99059 --- [eureka-server] [           main] o.apache.catalina.core.StandardEngine    : Starting Servlet engine: [Apache Tomcat/10.1.18]
2026-04-04T00:42:12.789+05:30  INFO 99059 --- [eureka-server] [           main] o.a.c.c.C.[Tomcat].[localhost].[/]       : Initializing Spring embedded WebApplicationContext
2026-04-04T00:42:12.790+05:30  INFO 99059 --- [eureka-server] [           main] w.s.c.ServletWebServerApplicationContext : Root WebApplicationContext: initialization completed in 1139 ms
2026-04-04T00:42:13.460+05:30  INFO 99059 --- [eureka-server] [           main] c.n.d.provider.DiscoveryJerseyProvider   : Using JSON encoding codec LegacyJacksonJson
2026-04-04T00:42:13.461+05:30  INFO 99059 --- [eureka-server] [           main] c.n.d.provider.DiscoveryJerseyProvider   : Using JSON decoding codec LegacyJacksonJson
2026-04-04T00:42:13.600+05:30  INFO 99059 --- [eureka-server] [           main] c.n.d.provider.DiscoveryJerseyProvider   : Using XML encoding codec XStreamXml
2026-04-04T00:42:13.601+05:30  INFO 99059 --- [eureka-server] [           main] c.n.d.provider.DiscoveryJerseyProvider   : Using XML decoding codec XStreamXml
2026-04-04T00:42:14.212+05:30  WARN 99059 --- [eureka-server] [           main] iguration$LoadBalancerCaffeineWarnLogger : Spring Cloud LoadBalancer is currently working with the default cache. While this cache implementation is useful for development and tests, it's recommended to use Caffeine cache in production.You can switch to using Caffeine cache, by adding it and org.springframework.cache.caffeine.CaffeineCacheManager to the classpath.
2026-04-04T00:42:14.228+05:30  INFO 99059 --- [eureka-server] [           main] o.s.c.n.eureka.InstanceInfoFactory       : Setting initial instance status as: STARTING
2026-04-04T00:42:14.251+05:30  INFO 99059 --- [eureka-server] [           main] com.netflix.discovery.DiscoveryClient    : Initializing Eureka in region us-east-1
2026-04-04T00:42:14.251+05:30  INFO 99059 --- [eureka-server] [           main] com.netflix.discovery.DiscoveryClient    : Client configured to neither register nor query for data.
2026-04-04T00:42:14.260+05:30  INFO 99059 --- [eureka-server] [           main] com.netflix.discovery.DiscoveryClient    : Discovery Client initialized at timestamp 1775243534258 with initial instances count: 0
2026-04-04T00:42:14.289+05:30  INFO 99059 --- [eureka-server] [           main] c.n.eureka.DefaultEurekaServerContext    : Initializing ...
2026-04-04T00:42:14.291+05:30  INFO 99059 --- [eureka-server] [           main] c.n.eureka.cluster.PeerEurekaNodes       : Adding new peer nodes [http://localhost:8761/eureka/]
2026-04-04T00:42:14.413+05:30  INFO 99059 --- [eureka-server] [           main] c.n.d.provider.DiscoveryJerseyProvider   : Using JSON encoding codec LegacyJacksonJson
2026-04-04T00:42:14.413+05:30  INFO 99059 --- [eureka-server] [           main] c.n.d.provider.DiscoveryJerseyProvider   : Using JSON decoding codec LegacyJacksonJson
2026-04-04T00:42:14.413+05:30  INFO 99059 --- [eureka-server] [           main] c.n.d.provider.DiscoveryJerseyProvider   : Using XML encoding codec XStreamXml
2026-04-04T00:42:14.413+05:30  INFO 99059 --- [eureka-server] [           main] c.n.d.provider.DiscoveryJerseyProvider   : Using XML decoding codec XStreamXml
2026-04-04T00:42:14.558+05:30  INFO 99059 --- [eureka-server] [           main] c.n.eureka.cluster.PeerEurekaNodes       : Replica node URL:  http://localhost:8761/eureka/
2026-04-04T00:42:14.564+05:30  INFO 99059 --- [eureka-server] [           main] c.n.e.registry.AbstractInstanceRegistry  : Finished initializing remote region registries. All known remote regions: []
2026-04-04T00:42:14.565+05:30  INFO 99059 --- [eureka-server] [           main] c.n.eureka.DefaultEurekaServerContext    : Initialized
2026-04-04T00:42:14.574+05:30  INFO 99059 --- [eureka-server] [           main] o.s.b.a.e.web.EndpointLinksResolver      : Exposing 1 endpoint(s) beneath base path '/actuator'
2026-04-04T00:42:14.609+05:30  INFO 99059 --- [eureka-server] [           main] o.s.c.n.e.s.EurekaServiceRegistry        : Registering application EUREKA-SERVER with eureka with status UP
2026-04-04T00:42:14.617+05:30  INFO 99059 --- [eureka-server] [       Thread-9] o.s.c.n.e.server.EurekaServerBootstrap   : isAws returned false
2026-04-04T00:42:14.618+05:30  INFO 99059 --- [eureka-server] [       Thread-9] o.s.c.n.e.server.EurekaServerBootstrap   : Initialized server context
2026-04-04T00:42:14.618+05:30  INFO 99059 --- [eureka-server] [       Thread-9] c.n.e.r.PeerAwareInstanceRegistryImpl    : Got 1 instances from neighboring DS node
2026-04-04T00:42:14.618+05:30  INFO 99059 --- [eureka-server] [       Thread-9] c.n.e.r.PeerAwareInstanceRegistryImpl    : Renew threshold is: 1
2026-04-04T00:42:14.618+05:30  INFO 99059 --- [eureka-server] [       Thread-9] c.n.e.r.PeerAwareInstanceRegistryImpl    : Changing status to UP
2026-04-04T00:42:14.626+05:30  INFO 99059 --- [eureka-server] [       Thread-9] e.s.EurekaServerInitializerConfiguration : Started Eureka Server
2026-04-04T00:42:14.626+05:30  INFO 99059 --- [eureka-server] [           main] o.s.b.w.embedded.tomcat.TomcatWebServer  : Tomcat started on port 9000 (http) with context path ''
2026-04-04T00:42:14.627+05:30  INFO 99059 --- [eureka-server] [           main] .s.c.n.e.s.EurekaAutoServiceRegistration : Updating port to 9000
2026-04-04T00:42:14.647+05:30  INFO 99059 --- [eureka-server] [           main] c.e.e.EurekaServerApplication            : Started EurekaServerApplication in 3.552 seconds (process running for 3.871)
2026-04-04T00:42:40.760+05:30  INFO 99059 --- [eureka-server] [nio-9000-exec-1] o.a.c.c.C.[Tomcat].[localhost].[/]       : Initializing Spring DispatcherServlet 'dispatcherServlet'
2026-04-04T00:42:40.760+05:30  INFO 99059 --- [eureka-server] [nio-9000-exec-1] o.s.web.servlet.DispatcherServlet        : Initializing Servlet 'dispatcherServlet'
2026-04-04T00:42:40.762+05:30  INFO 99059 --- [eureka-server] [nio-9000-exec-1] o.s.web.servlet.DispatcherServlet        : Completed initialization in 2 ms
2026-04-04T00:42:41.033+05:30  INFO 99059 --- [eureka-server] [nio-9000-exec-2] c.n.e.registry.AbstractInstanceRegistry  : Registered instance USER-MICRO-SERVICE/10.231.69.205:user-micro-service:9001 with status UP (replication=false)
2026-04-04T00:42:41.630+05:30 ERROR 99059 --- [eureka-server] [et_localhost-14] c.n.e.cluster.ReplicationTaskProcessor   : Network level connection to peer localhost; retrying after delay

jakarta.ws.rs.ProcessingException: org.apache.http.conn.HttpHostConnectException: Connect to localhost:8761 [localhost/127.0.0.1] failed: Connection refused
	at org.glassfish.jersey.apache.connector.ApacheConnector.apply(ApacheConnector.java:531) ~[jersey-apache-connector-3.1.5.jar:na]
	at org.glassfish.jersey.client.ClientRuntime.invoke(ClientRuntime.java:300) ~[jersey-client-3.1.5.jar:na]
	at org.glassfish.jersey.client.JerseyInvocation.lambda$invoke$0(JerseyInvocation.java:662) ~[jersey-client-3.1.5.jar:na]
	at org.glassfish.jersey.client.JerseyInvocation.call(JerseyInvocation.java:697) ~[jersey-client-3.1.5.jar:na]
	at org.glassfish.jersey.client.JerseyInvocation.lambda$runInScope$3(JerseyInvocation.java:691) ~[jersey-client-3.1.5.jar:na]
	at org.glassfish.jersey.internal.Errors.process(Errors.java:292) ~[jersey-common-3.1.5.jar:na]
	at org.glassfish.jersey.internal.Errors.process(Errors.java:274) ~[jersey-common-3.1.5.jar:na]
	at org.glassfish.jersey.internal.Errors.process(Errors.java:205) ~[jersey-common-3.1.5.jar:na]
	at org.glassfish.jersey.process.internal.RequestScope.runInScope(RequestScope.java:390) ~[jersey-common-3.1.5.jar:na]
	at org.glassfish.jersey.client.JerseyInvocation.runInScope(JerseyInvocation.java:691) ~[jersey-client-3.1.5.jar:na]
	at org.glassfish.jersey.client.JerseyInvocation.invoke(JerseyInvocation.java:661) ~[jersey-client-3.1.5.jar:na]
	at org.glassfish.jersey.client.JerseyInvocation$Builder.method(JerseyInvocation.java:439) ~[jersey-client-3.1.5.jar:na]
	at org.glassfish.jersey.client.JerseyInvocation$Builder.post(JerseyInvocation.java:345) ~[jersey-client-3.1.5.jar:na]
	at com.netflix.eureka.transport.Jersey3ReplicationClient.submitBatchUpdates(Jersey3ReplicationClient.java:116) ~[eureka-core-jersey3-2.0.1.jar:2.0.1]
	at com.netflix.eureka.cluster.ReplicationTaskProcessor.process(ReplicationTaskProcessor.java:80) ~[eureka-core-2.0.1.jar:2.0.1]
	at com.netflix.eureka.util.batcher.TaskExecutors$BatchWorkerRunnable.run(TaskExecutors.java:190) ~[eureka-core-2.0.1.jar:2.0.1]
	at java.base/java.lang.Thread.run(Thread.java:1583) ~[na:na]
Caused by: org.apache.http.conn.HttpHostConnectException: Connect to localhost:8761 [localhost/127.0.0.1] failed: Connection refused
	at org.apache.http.impl.conn.DefaultHttpClientConnectionOperator.connect(DefaultHttpClientConnectionOperator.java:159) ~[httpclient-4.5.3.jar:4.5.3]
	at org.apache.http.impl.conn.PoolingHttpClientConnectionManager.connect(PoolingHttpClientConnectionManager.java:359) ~[httpclient-4.5.3.jar:4.5.3]
	at org.apache.http.impl.execchain.MainClientExec.establishRoute(MainClientExec.java:381) ~[httpclient-4.5.3.jar:4.5.3]
	at org.apache.http.impl.execchain.MainClientExec.execute(MainClientExec.java:237) ~[httpclient-4.5.3.jar:4.5.3]
	at org.apache.http.impl.execchain.ProtocolExec.execute(ProtocolExec.java:185) ~[httpclient-4.5.3.jar:4.5.3]
	at org.apache.http.impl.execchain.RetryExec.execute(RetryExec.java:89) ~[httpclient-4.5.3.jar:4.5.3]
	at org.apache.http.impl.execchain.RedirectExec.execute(RedirectExec.java:111) ~[httpclient-4.5.3.jar:4.5.3]
	at org.apache.http.impl.client.InternalHttpClient.doExecute(InternalHttpClient.java:185) ~[httpclient-4.5.3.jar:4.5.3]
	at org.apache.http.impl.client.CloseableHttpClient.execute(CloseableHttpClient.java:72) ~[httpclient-4.5.3.jar:4.5.3]
	at org.glassfish.jersey.apache.connector.ApacheConnector.apply(ApacheConnector.java:483) ~[jersey-apache-connector-3.1.5.jar:na]
	... 16 common frames omitted
Caused by: java.net.ConnectException: Connection refused
	at java.base/sun.nio.ch.Net.pollConnect(Native Method) ~[na:na]
	at java.base/sun.nio.ch.Net.pollConnectNow(Net.java:694) ~[na:na]
	at java.base/sun.nio.ch.NioSocketImpl.timedFinishConnect(NioSocketImpl.java:542) ~[na:na]
	at java.base/sun.nio.ch.NioSocketImpl.connect(NioSocketImpl.java:592) ~[na:na]
	at java.base/java.net.SocksSocketImpl.connect(SocksSocketImpl.java:327) ~[na:na]
	at java.base/java.net.Socket.connect(Socket.java:751) ~[na:na]
	at org.apache.http.conn.socket.PlainConnectionSocketFactory.connectSocket(PlainConnectionSocketFactory.java:75) ~[httpclient-4.5.3.jar:4.5.3]
	at org.apache.http.impl.conn.DefaultHttpClientConnectionOperator.connect(DefaultHttpClientConnectionOperator.java:142) ~[httpclient-4.5.3.jar:4.5.3]
	... 25 common frames omitted

2026-04-04T00:42:51.652+05:30 ERROR 99059 --- [eureka-server] [et_localhost-10] c.n.e.cluster.ReplicationTaskProcessor   : Network level connection to peer localhost; retrying after delay

jakarta.ws.rs.ProcessingException: org.apache.http.conn.HttpHostConnectException: Connect to localhost:8761 [localhost/127.0.0.1] failed: Connection refused
	at org.glassfish.jersey.apache.connector.ApacheConnector.apply(ApacheConnector.java:531) ~[jersey-apache-connector-3.1.5.jar:na]
	at org.glassfish.jersey.client.ClientRuntime.invoke(ClientRuntime.java:300) ~[jersey-client-3.1.5.jar:na]
	at org.glassfish.jersey.client.JerseyInvocation.lambda$invoke$0(JerseyInvocation.java:662) ~[jersey-client-3.1.5.jar:na]
	at org.glassfish.jersey.client.JerseyInvocation.call(JerseyInvocation.java:697) ~[jersey-client-3.1.5.jar:na]
	at org.glassfish.jersey.client.JerseyInvocation.lambda$runInScope$3(JerseyInvocation.java:691) ~[jersey-client-3.1.5.jar:na]
	at org.glassfish.jersey.internal.Errors.process(Errors.java:292) ~[jersey-common-3.1.5.jar:na]
	at org.glassfish.jersey.internal.Errors.process(Errors.java:274) ~[jersey-common-3.1.5.jar:na]
	at org.glassfish.jersey.internal.Errors.process(Errors.java:205) ~[jersey-common-3.1.5.jar:na]
	at org.glassfish.jersey.process.internal.RequestScope.runInScope(RequestScope.java:390) ~[jersey-common-3.1.5.jar:na]
	at org.glassfish.jersey.client.JerseyInvocation.runInScope(JerseyInvocation.java:691) ~[jersey-client-3.1.5.jar:na]
	at org.glassfish.jersey.client.JerseyInvocation.invoke(JerseyInvocation.java:661) ~[jersey-client-3.1.5.jar:na]
	at org.glassfish.jersey.client.JerseyInvocation$Builder.method(JerseyInvocation.java:439) ~[jersey-client-3.1.5.jar:na]
	at org.glassfish.jersey.client.JerseyInvocation$Builder.post(JerseyInvocation.java:345) ~[jersey-client-3.1.5.jar:na]
	at com.netflix.eureka.transport.Jersey3ReplicationClient.submitBatchUpdates(Jersey3ReplicationClient.java:116) ~[eureka-core-jersey3-2.0.1.jar:2.0.1]
	at com.netflix.eureka.cluster.ReplicationTaskProcessor.process(ReplicationTaskProcessor.java:80) ~[eureka-core-2.0.1.jar:2.0.1]
	at com.netflix.eureka.util.batcher.TaskExecutors$BatchWorkerRunnable.run(TaskExecutors.java:190) ~[eureka-core-2.0.1.jar:2.0.1]
	at java.base/java.lang.Thread.run(Thread.java:1583) ~[na:na]
Caused by: org.apache.http.conn.HttpHostConnectException: Connect to localhost:8761 [localhost/127.0.0.1] failed: Connection refused
	at org.apache.http.impl.conn.DefaultHttpClientConnectionOperator.connect(DefaultHttpClientConnectionOperator.java:159) ~[httpclient-4.5.3.jar:4.5.3]
	at org.apache.http.impl.conn.PoolingHttpClientConnectionManager.connect(PoolingHttpClientConnectionManager.java:359) ~[httpclient-4.5.3.jar:4.5.3]
	at org.apache.http.impl.execchain.MainClientExec.establishRoute(MainClientExec.java:381) ~[httpclient-4.5.3.jar:4.5.3]
	at org.apache.http.impl.execchain.MainClientExec.execute(MainClientExec.java:237) ~[httpclient-4.5.3.jar:4.5.3]
	at org.apache.http.impl.execchain.ProtocolExec.execute(ProtocolExec.java:185) ~[httpclient-4.5.3.jar:4.5.3]
	at org.apache.http.impl.execchain.RetryExec.execute(RetryExec.java:89) ~[httpclient-4.5.3.jar:4.5.3]
	at org.apache.http.impl.execchain.RedirectExec.execute(RedirectExec.java:111) ~[httpclient-4.5.3.jar:4.5.3]
	at org.apache.http.impl.client.InternalHttpClient.doExecute(InternalHttpClient.java:185) ~[httpclient-4.5.3.jar:4.5.3]
	at org.apache.http.impl.client.CloseableHttpClient.execute(CloseableHttpClient.java:72) ~[httpclient-4.5.3.jar:4.5.3]
	at org.glassfish.jersey.apache.connector.ApacheConnector.apply(ApacheConnector.java:483) ~[jersey-apache-connector-3.1.5.jar:na]
	... 16 common frames omitted
Caused by: java.net.ConnectException: Connection refused
	at java.base/sun.nio.ch.Net.pollConnect(Native Method) ~[na:na]
	at java.base/sun.nio.ch.Net.pollConnectNow(Net.java:694) ~[na:na]
	at java.base/sun.nio.ch.NioSocketImpl.timedFinishConnect(NioSocketImpl.java:542) ~[na:na]
	at java.base/sun.nio.ch.NioSocketImpl.connect(NioSocketImpl.java:592) ~[na:na]
	at java.base/java.net.SocksSocketImpl.connect(SocksSocketImpl.java:327) ~[na:na]
	at java.base/java.net.Socket.connect(Socket.java:751) ~[na:na]
	at org.apache.http.conn.socket.PlainConnectionSocketFactory.connectSocket(PlainConnectionSocketFactory.java:75) ~[httpclient-4.5.3.jar:4.5.3]
	at org.apache.http.impl.conn.DefaultHttpClientConnectionOperator.connect(DefaultHttpClientConnectionOperator.java:142) ~[httpclient-4.5.3.jar:4.5.3]
	... 25 common frames omitted

2026-04-04T00:42:54.433+05:30  INFO 99059 --- [eureka-server] [nio-9000-exec-4] c.n.e.registry.AbstractInstanceRegistry  : Registered instance TICKET-SERVICE/10.231.69.205:ticket-service:9002 with status UP (replication=false)
2026-04-04T00:43:01.695+05:30 ERROR 99059 --- [eureka-server] [et_localhost-17] c.n.e.cluster.ReplicationTaskProcessor   : Network level connection to peer localhost; retrying after delay

jakarta.ws.rs.ProcessingException: org.apache.http.conn.HttpHostConnectException: Connect to localhost:8761 [localhost/127.0.0.1] failed: Connection refused
	at org.glassfish.jersey.apache.connector.ApacheConnector.apply(ApacheConnector.java:531) ~[jersey-apache-connector-3.1.5.jar:na]
	at org.glassfish.jersey.client.ClientRuntime.invoke(ClientRuntime.java:300) ~[jersey-client-3.1.5.jar:na]
	at org.glassfish.jersey.client.JerseyInvocation.lambda$invoke$0(JerseyInvocation.java:662) ~[jersey-client-3.1.5.jar:na]
	at org.glassfish.jersey.client.JerseyInvocation.call(JerseyInvocation.java:697) ~[jersey-client-3.1.5.jar:na]
	at org.glassfish.jersey.client.JerseyInvocation.lambda$runInScope$3(JerseyInvocation.java:691) ~[jersey-client-3.1.5.jar:na]
	at org.glassfish.jersey.internal.Errors.process(Errors.java:292) ~[jersey-common-3.1.5.jar:na]
	at org.glassfish.jersey.internal.Errors.process(Errors.java:274) ~[jersey-common-3.1.5.jar:na]
	at org.glassfish.jersey.internal.Errors.process(Errors.java:205) ~[jersey-common-3.1.5.jar:na]
	at org.glassfish.jersey.process.internal.RequestScope.runInScope(RequestScope.java:390) ~[jersey-common-3.1.5.jar:na]
	at org.glassfish.jersey.client.JerseyInvocation.runInScope(JerseyInvocation.java:691) ~[jersey-client-3.1.5.jar:na]
	at org.glassfish.jersey.client.JerseyInvocation.invoke(JerseyInvocation.java:661) ~[jersey-client-3.1.5.jar:na]
	at org.glassfish.jersey.client.JerseyInvocation$Builder.method(JerseyInvocation.java:439) ~[jersey-client-3.1.5.jar:na]
	at org.glassfish.jersey.client.JerseyInvocation$Builder.post(JerseyInvocation.java:345) ~[jersey-client-3.1.5.jar:na]
	at com.netflix.eureka.transport.Jersey3ReplicationClient.submitBatchUpdates(Jersey3ReplicationClient.java:116) ~[eureka-core-jersey3-2.0.1.jar:2.0.1]
	at com.netflix.eureka.cluster.ReplicationTaskProcessor.process(ReplicationTaskProcessor.java:80) ~[eureka-core-2.0.1.jar:2.0.1]
	at com.netflix.eureka.util.batcher.TaskExecutors$BatchWorkerRunnable.run(TaskExecutors.java:190) ~[eureka-core-2.0.1.jar:2.0.1]
	at java.base/java.lang.Thread.run(Thread.java:1583) ~[na:na]
Caused by: org.apache.http.conn.HttpHostConnectException: Connect to localhost:8761 [localhost/127.0.0.1] failed: Connection refused
	at org.apache.http.impl.conn.DefaultHttpClientConnectionOperator.connect(DefaultHttpClientConnectionOperator.java:159) ~[httpclient-4.5.3.jar:4.5.3]
	at org.apache.http.impl.conn.PoolingHttpClientConnectionManager.connect(PoolingHttpClientConnectionManager.java:359) ~[httpclient-4.5.3.jar:4.5.3]
	at org.apache.http.impl.execchain.MainClientExec.establishRoute(MainClientExec.java:381) ~[httpclient-4.5.3.jar:4.5.3]
	at org.apache.http.impl.execchain.MainClientExec.execute(MainClientExec.java:237) ~[httpclient-4.5.3.jar:4.5.3]
	at org.apache.http.impl.execchain.ProtocolExec.execute(ProtocolExec.java:185) ~[httpclient-4.5.3.jar:4.5.3]
	at org.apache.http.impl.execchain.RetryExec.execute(RetryExec.java:89) ~[httpclient-4.5.3.jar:4.5.3]
	at org.apache.http.impl.execchain.RedirectExec.execute(RedirectExec.java:111) ~[httpclient-4.5.3.jar:4.5.3]
	at org.apache.http.impl.client.InternalHttpClient.doExecute(InternalHttpClient.java:185) ~[httpclient-4.5.3.jar:4.5.3]
	at org.apache.http.impl.client.CloseableHttpClient.execute(CloseableHttpClient.java:72) ~[httpclient-4.5.3.jar:4.5.3]
	at org.glassfish.jersey.apache.connector.ApacheConnector.apply(ApacheConnector.java:483) ~[jersey-apache-connector-3.1.5.jar:na]
	... 16 common frames omitted
Caused by: java.net.ConnectException: Connection refused
	at java.base/sun.nio.ch.Net.pollConnect(Native Method) ~[na:na]
	at java.base/sun.nio.ch.Net.pollConnectNow(Net.java:694) ~[na:na]
	at java.base/sun.nio.ch.NioSocketImpl.timedFinishConnect(NioSocketImpl.java:542) ~[na:na]
	at java.base/sun.nio.ch.NioSocketImpl.connect(NioSocketImpl.java:592) ~[na:na]
	at java.base/java.net.SocksSocketImpl.connect(SocksSocketImpl.java:327) ~[na:na]
	at java.base/java.net.Socket.connect(Socket.java:751) ~[na:na]
	at org.apache.http.conn.socket.PlainConnectionSocketFactory.connectSocket(PlainConnectionSocketFactory.java:75) ~[httpclient-4.5.3.jar:4.5.3]
	at org.apache.http.impl.conn.DefaultHttpClientConnectionOperator.connect(DefaultHttpClientConnectionOperator.java:142) ~[httpclient-4.5.3.jar:4.5.3]
	... 25 common frames omitted

2026-04-04T00:43:08.225+05:30  INFO 99059 --- [eureka-server] [nio-9000-exec-6] c.n.e.registry.AbstractInstanceRegistry  : Registered instance API-GATEWAY/10.231.69.205:api-gateway:9090 with status UP (replication=false)
2026-04-04T00:43:11.756+05:30 ERROR 99059 --- [eureka-server] [get_localhost-7] c.n.e.cluster.ReplicationTaskProcessor   : Network level connection to peer localhost; retrying after delay

jakarta.ws.rs.ProcessingException: org.apache.http.conn.HttpHostConnectException: Connect to localhost:8761 [localhost/127.0.0.1] failed: Connection refused
	at org.glassfish.jersey.apache.connector.ApacheConnector.apply(ApacheConnector.java:531) ~[jersey-apache-connector-3.1.5.jar:na]
	at org.glassfish.jersey.client.ClientRuntime.invoke(ClientRuntime.java:300) ~[jersey-client-3.1.5.jar:na]
	at org.glassfish.jersey.client.JerseyInvocation.lambda$invoke$0(JerseyInvocation.java:662) ~[jersey-client-3.1.5.jar:na]
	at org.glassfish.jersey.client.JerseyInvocation.call(JerseyInvocation.java:697) ~[jersey-client-3.1.5.jar:na]
	at org.glassfish.jersey.client.JerseyInvocation.lambda$runInScope$3(JerseyInvocation.java:691) ~[jersey-client-3.1.5.jar:na]
	at org.glassfish.jersey.internal.Errors.process(Errors.java:292) ~[jersey-common-3.1.5.jar:na]
	at org.glassfish.jersey.internal.Errors.process(Errors.java:274) ~[jersey-common-3.1.5.jar:na]
	at org.glassfish.jersey.internal.Errors.process(Errors.java:205) ~[jersey-common-3.1.5.jar:na]
	at org.glassfish.jersey.process.internal.RequestScope.runInScope(RequestScope.java:390) ~[jersey-common-3.1.5.jar:na]
	at org.glassfish.jersey.client.JerseyInvocation.runInScope(JerseyInvocation.java:691) ~[jersey-client-3.1.5.jar:na]
	at org.glassfish.jersey.client.JerseyInvocation.invoke(JerseyInvocation.java:661) ~[jersey-client-3.1.5.jar:na]
	at org.glassfish.jersey.client.JerseyInvocation$Builder.method(JerseyInvocation.java:439) ~[jersey-client-3.1.5.jar:na]
	at org.glassfish.jersey.client.JerseyInvocation$Builder.post(JerseyInvocation.java:345) ~[jersey-client-3.1.5.jar:na]
	at com.netflix.eureka.transport.Jersey3ReplicationClient.submitBatchUpdates(Jersey3ReplicationClient.java:116) ~[eureka-core-jersey3-2.0.1.jar:2.0.1]
	at com.netflix.eureka.cluster.ReplicationTaskProcessor.process(ReplicationTaskProcessor.java:80) ~[eureka-core-2.0.1.jar:2.0.1]
	at com.netflix.eureka.util.batcher.TaskExecutors$BatchWorkerRunnable.run(TaskExecutors.java:190) ~[eureka-core-2.0.1.jar:2.0.1]
	at java.base/java.lang.Thread.run(Thread.java:1583) ~[na:na]
Caused by: org.apache.http.conn.HttpHostConnectException: Connect to localhost:8761 [localhost/127.0.0.1] failed: Connection refused
	at org.apache.http.impl.conn.DefaultHttpClientConnectionOperator.connect(DefaultHttpClientConnectionOperator.java:159) ~[httpclient-4.5.3.jar:4.5.3]
	at org.apache.http.impl.conn.PoolingHttpClientConnectionManager.connect(PoolingHttpClientConnectionManager.java:359) ~[httpclient-4.5.3.jar:4.5.3]
	at org.apache.http.impl.execchain.MainClientExec.establishRoute(MainClientExec.java:381) ~[httpclient-4.5.3.jar:4.5.3]
	at org.apache.http.impl.execchain.MainClientExec.execute(MainClientExec.java:237) ~[httpclient-4.5.3.jar:4.5.3]
	at org.apache.http.impl.execchain.ProtocolExec.execute(ProtocolExec.java:185) ~[httpclient-4.5.3.jar:4.5.3]
	at org.apache.http.impl.execchain.RetryExec.execute(RetryExec.java:89) ~[httpclient-4.5.3.jar:4.5.3]
	at org.apache.http.impl.execchain.RedirectExec.execute(RedirectExec.java:111) ~[httpclient-4.5.3.jar:4.5.3]
	at org.apache.http.impl.client.InternalHttpClient.doExecute(InternalHttpClient.java:185) ~[httpclient-4.5.3.jar:4.5.3]
	at org.apache.http.impl.client.CloseableHttpClient.execute(CloseableHttpClient.java:72) ~[httpclient-4.5.3.jar:4.5.3]
	at org.glassfish.jersey.apache.connector.ApacheConnector.apply(ApacheConnector.java:483) ~[jersey-apache-connector-3.1.5.jar:na]
	... 16 common frames omitted
Caused by: java.net.ConnectException: Connection refused
	at java.base/sun.nio.ch.Net.pollConnect(Native Method) ~[na:na]
	at java.base/sun.nio.ch.Net.pollConnectNow(Net.java:694) ~[na:na]
	at java.base/sun.nio.ch.NioSocketImpl.timedFinishConnect(NioSocketImpl.java:542) ~[na:na]
	at java.base/sun.nio.ch.NioSocketImpl.connect(NioSocketImpl.java:592) ~[na:na]
	at java.base/java.net.SocksSocketImpl.connect(SocksSocketImpl.java:327) ~[na:na]
	at java.base/java.net.Socket.connect(Socket.java:751) ~[na:na]
	at org.apache.http.conn.socket.PlainConnectionSocketFactory.connectSocket(PlainConnectionSocketFactory.java:75) ~[httpclient-4.5.3.jar:4.5.3]
	at org.apache.http.impl.conn.DefaultHttpClientConnectionOperator.connect(DefaultHttpClientConnectionOperator.java:142) ~[httpclient-4.5.3.jar:4.5.3]
	... 25 common frames omitted

2026-04-04T00:43:14.619+05:30  INFO 99059 --- [eureka-server] [a-EvictionTimer] c.n.e.registry.AbstractInstanceRegistry  : Running the evict task with compensationTime 0ms
2026-04-04T00:43:21.757+05:30 ERROR 99059 --- [eureka-server] [get_localhost-9] c.n.e.cluster.ReplicationTaskProcessor   : Network level connection to peer localhost; retrying after delay

jakarta.ws.rs.ProcessingException: org.apache.http.conn.HttpHostConnectException: Connect to localhost:8761 [localhost/127.0.0.1] failed: Connection refused
	at org.glassfish.jersey.apache.connector.ApacheConnector.apply(ApacheConnector.java:531) ~[jersey-apache-connector-3.1.5.jar:na]
	at org.glassfish.jersey.client.ClientRuntime.invoke(ClientRuntime.java:300) ~[jersey-client-3.1.5.jar:na]
	at org.glassfish.jersey.client.JerseyInvocation.lambda$invoke$0(JerseyInvocation.java:662) ~[jersey-client-3.1.5.jar:na]
	at org.glassfish.jersey.client.JerseyInvocation.call(JerseyInvocation.java:697) ~[jersey-client-3.1.5.jar:na]
	at org.glassfish.jersey.client.JerseyInvocation.lambda$runInScope$3(JerseyInvocation.java:691) ~[jersey-client-3.1.5.jar:na]
	at org.glassfish.jersey.internal.Errors.process(Errors.java:292) ~[jersey-common-3.1.5.jar:na]
	at org.glassfish.jersey.internal.Errors.process(Errors.java:274) ~[jersey-common-3.1.5.jar:na]
	at org.glassfish.jersey.internal.Errors.process(Errors.java:205) ~[jersey-common-3.1.5.jar:na]
	at org.glassfish.jersey.process.internal.RequestScope.runInScope(RequestScope.java:390) ~[jersey-common-3.1.5.jar:na]
	at org.glassfish.jersey.client.JerseyInvocation.runInScope(JerseyInvocation.java:691) ~[jersey-client-3.1.5.jar:na]
	at org.glassfish.jersey.client.JerseyInvocation.invoke(JerseyInvocation.java:661) ~[jersey-client-3.1.5.jar:na]
	at org.glassfish.jersey.client.JerseyInvocation$Builder.method(JerseyInvocation.java:439) ~[jersey-client-3.1.5.jar:na]
	at org.glassfish.jersey.client.JerseyInvocation$Builder.post(JerseyInvocation.java:345) ~[jersey-client-3.1.5.jar:na]
	at com.netflix.eureka.transport.Jersey3ReplicationClient.submitBatchUpdates(Jersey3ReplicationClient.java:116) ~[eureka-core-jersey3-2.0.1.jar:2.0.1]
	at com.netflix.eureka.cluster.ReplicationTaskProcessor.process(ReplicationTaskProcessor.java:80) ~[eureka-core-2.0.1.jar:2.0.1]
	at com.netflix.eureka.util.batcher.TaskExecutors$BatchWorkerRunnable.run(TaskExecutors.java:190) ~[eureka-core-2.0.1.jar:2.0.1]
	at java.base/java.lang.Thread.run(Thread.java:1583) ~[na:na]
Caused by: org.apache.http.conn.HttpHostConnectException: Connect to localhost:8761 [localhost/127.0.0.1] failed: Connection refused
	at org.apache.http.impl.conn.DefaultHttpClientConnectionOperator.connect(DefaultHttpClientConnectionOperator.java:159) ~[httpclient-4.5.3.jar:4.5.3]
	at org.apache.http.impl.conn.PoolingHttpClientConnectionManager.connect(PoolingHttpClientConnectionManager.java:359) ~[httpclient-4.5.3.jar:4.5.3]
	at org.apache.http.impl.execchain.MainClientExec.establishRoute(MainClientExec.java:381) ~[httpclient-4.5.3.jar:4.5.3]
	at org.apache.http.impl.execchain.MainClientExec.execute(MainClientExec.java:237) ~[httpclient-4.5.3.jar:4.5.3]
	at org.apache.http.impl.execchain.ProtocolExec.execute(ProtocolExec.java:185) ~[httpclient-4.5.3.jar:4.5.3]
	at org.apache.http.impl.execchain.RetryExec.execute(RetryExec.java:89) ~[httpclient-4.5.3.jar:4.5.3]
	at org.apache.http.impl.execchain.RedirectExec.execute(RedirectExec.java:111) ~[httpclient-4.5.3.jar:4.5.3]
	at org.apache.http.impl.client.InternalHttpClient.doExecute(InternalHttpClient.java:185) ~[httpclient-4.5.3.jar:4.5.3]
	at org.apache.http.impl.client.CloseableHttpClient.execute(CloseableHttpClient.java:72) ~[httpclient-4.5.3.jar:4.5.3]
	at org.glassfish.jersey.apache.connector.ApacheConnector.apply(ApacheConnector.java:483) ~[jersey-apache-connector-3.1.5.jar:na]
	... 16 common frames omitted
Caused by: java.net.ConnectException: Connection refused
	at java.base/sun.nio.ch.Net.pollConnect(Native Method) ~[na:na]
	at java.base/sun.nio.ch.Net.pollConnectNow(Net.java:694) ~[na:na]
	at java.base/sun.nio.ch.NioSocketImpl.timedFinishConnect(NioSocketImpl.java:542) ~[na:na]
	at java.base/sun.nio.ch.NioSocketImpl.connect(NioSocketImpl.java:592) ~[na:na]
	at java.base/java.net.SocksSocketImpl.connect(SocksSocketImpl.java:327) ~[na:na]
	at java.base/java.net.Socket.connect(Socket.java:751) ~[na:na]
	at org.apache.http.conn.socket.PlainConnectionSocketFactory.connectSocket(PlainConnectionSocketFactory.java:75) ~[httpclient-4.5.3.jar:4.5.3]
	at org.apache.http.impl.conn.DefaultHttpClientConnectionOperator.connect(DefaultHttpClientConnectionOperator.java:142) ~[httpclient-4.5.3.jar:4.5.3]
	... 25 common frames omitted

2026-04-04T00:43:31.818+05:30 ERROR 99059 --- [eureka-server] [get_localhost-4] c.n.e.cluster.ReplicationTaskProcessor   : Network level connection to peer localhost; retrying after delay

jakarta.ws.rs.ProcessingException: org.apache.http.conn.HttpHostConnectException: Connect to localhost:8761 [localhost/127.0.0.1] failed: Connection refused
	at org.glassfish.jersey.apache.connector.ApacheConnector.apply(ApacheConnector.java:531) ~[jersey-apache-connector-3.1.5.jar:na]
	at org.glassfish.jersey.client.ClientRuntime.invoke(ClientRuntime.java:300) ~[jersey-client-3.1.5.jar:na]
	at org.glassfish.jersey.client.JerseyInvocation.lambda$invoke$0(JerseyInvocation.java:662) ~[jersey-client-3.1.5.jar:na]
	at org.glassfish.jersey.client.JerseyInvocation.call(JerseyInvocation.java:697) ~[jersey-client-3.1.5.jar:na]
	at org.glassfish.jersey.client.JerseyInvocation.lambda$runInScope$3(JerseyInvocation.java:691) ~[jersey-client-3.1.5.jar:na]
	at org.glassfish.jersey.internal.Errors.process(Errors.java:292) ~[jersey-common-3.1.5.jar:na]
	at org.glassfish.jersey.internal.Errors.process(Errors.java:274) ~[jersey-common-3.1.5.jar:na]
	at org.glassfish.jersey.internal.Errors.process(Errors.java:205) ~[jersey-common-3.1.5.jar:na]
	at org.glassfish.jersey.process.internal.RequestScope.runInScope(RequestScope.java:390) ~[jersey-common-3.1.5.jar:na]
	at org.glassfish.jersey.client.JerseyInvocation.runInScope(JerseyInvocation.java:691) ~[jersey-client-3.1.5.jar:na]
	at org.glassfish.jersey.client.JerseyInvocation.invoke(JerseyInvocation.java:661) ~[jersey-client-3.1.5.jar:na]
	at org.glassfish.jersey.client.JerseyInvocation$Builder.method(JerseyInvocation.java:439) ~[jersey-client-3.1.5.jar:na]
	at org.glassfish.jersey.client.JerseyInvocation$Builder.post(JerseyInvocation.java:345) ~[jersey-client-3.1.5.jar:na]
	at com.netflix.eureka.transport.Jersey3ReplicationClient.submitBatchUpdates(Jersey3ReplicationClient.java:116) ~[eureka-core-jersey3-2.0.1.jar:2.0.1]
	at com.netflix.eureka.cluster.ReplicationTaskProcessor.process(ReplicationTaskProcessor.java:80) ~[eureka-core-2.0.1.jar:2.0.1]
	at com.netflix.eureka.util.batcher.TaskExecutors$BatchWorkerRunnable.run(TaskExecutors.java:190) ~[eureka-core-2.0.1.jar:2.0.1]
	at java.base/java.lang.Thread.run(Thread.java:1583) ~[na:na]
Caused by: org.apache.http.conn.HttpHostConnectException: Connect to localhost:8761 [localhost/127.0.0.1] failed: Connection refused
	at org.apache.http.impl.conn.DefaultHttpClientConnectionOperator.connect(DefaultHttpClientConnectionOperator.java:159) ~[httpclient-4.5.3.jar:4.5.3]
	at org.apache.http.impl.conn.PoolingHttpClientConnectionManager.connect(PoolingHttpClientConnectionManager.java:359) ~[httpclient-4.5.3.jar:4.5.3]
	at org.apache.http.impl.execchain.MainClientExec.establishRoute(MainClientExec.java:381) ~[httpclient-4.5.3.jar:4.5.3]
	at org.apache.http.impl.execchain.MainClientExec.execute(MainClientExec.java:237) ~[httpclient-4.5.3.jar:4.5.3]
	at org.apache.http.impl.execchain.ProtocolExec.execute(ProtocolExec.java:185) ~[httpclient-4.5.3.jar:4.5.3]
	at org.apache.http.impl.execchain.RetryExec.execute(RetryExec.java:89) ~[httpclient-4.5.3.jar:4.5.3]
	at org.apache.http.impl.execchain.RedirectExec.execute(RedirectExec.java:111) ~[httpclient-4.5.3.jar:4.5.3]
	at org.apache.http.impl.client.InternalHttpClient.doExecute(InternalHttpClient.java:185) ~[httpclient-4.5.3.jar:4.5.3]
	at org.apache.http.impl.client.CloseableHttpClient.execute(CloseableHttpClient.java:72) ~[httpclient-4.5.3.jar:4.5.3]
	at org.glassfish.jersey.apache.connector.ApacheConnector.apply(ApacheConnector.java:483) ~[jersey-apache-connector-3.1.5.jar:na]
	... 16 common frames omitted
Caused by: java.net.ConnectException: Connection refused
	at java.base/sun.nio.ch.Net.pollConnect(Native Method) ~[na:na]
	at java.base/sun.nio.ch.Net.pollConnectNow(Net.java:694) ~[na:na]
	at java.base/sun.nio.ch.NioSocketImpl.timedFinishConnect(NioSocketImpl.java:542) ~[na:na]
	at java.base/sun.nio.ch.NioSocketImpl.connect(NioSocketImpl.java:592) ~[na:na]
	at java.base/java.net.SocksSocketImpl.connect(SocksSocketImpl.java:327) ~[na:na]
	at java.base/java.net.Socket.connect(Socket.java:751) ~[na:na]
	at org.apache.http.conn.socket.PlainConnectionSocketFactory.connectSocket(PlainConnectionSocketFactory.java:75) ~[httpclient-4.5.3.jar:4.5.3]
	at org.apache.http.impl.conn.DefaultHttpClientConnectionOperator.connect(DefaultHttpClientConnectionOperator.java:142) ~[httpclient-4.5.3.jar:4.5.3]
	... 25 common frames omitted

2026-04-04T00:43:41.833+05:30 ERROR 99059 --- [eureka-server] [get_localhost-8] c.n.e.cluster.ReplicationTaskProcessor   : Network level connection to peer localhost; retrying after delay

jakarta.ws.rs.ProcessingException: org.apache.http.conn.HttpHostConnectException: Connect to localhost:8761 [localhost/127.0.0.1] failed: Connection refused
	at org.glassfish.jersey.apache.connector.ApacheConnector.apply(ApacheConnector.java:531) ~[jersey-apache-connector-3.1.5.jar:na]
	at org.glassfish.jersey.client.ClientRuntime.invoke(ClientRuntime.java:300) ~[jersey-client-3.1.5.jar:na]
	at org.glassfish.jersey.client.JerseyInvocation.lambda$invoke$0(JerseyInvocation.java:662) ~[jersey-client-3.1.5.jar:na]
	at org.glassfish.jersey.client.JerseyInvocation.call(JerseyInvocation.java:697) ~[jersey-client-3.1.5.jar:na]
	at org.glassfish.jersey.client.JerseyInvocation.lambda$runInScope$3(JerseyInvocation.java:691) ~[jersey-client-3.1.5.jar:na]
	at org.glassfish.jersey.internal.Errors.process(Errors.java:292) ~[jersey-common-3.1.5.jar:na]
	at org.glassfish.jersey.internal.Errors.process(Errors.java:274) ~[jersey-common-3.1.5.jar:na]
	at org.glassfish.jersey.internal.Errors.process(Errors.java:205) ~[jersey-common-3.1.5.jar:na]
	at org.glassfish.jersey.process.internal.RequestScope.runInScope(RequestScope.java:390) ~[jersey-common-3.1.5.jar:na]
	at org.glassfish.jersey.client.JerseyInvocation.runInScope(JerseyInvocation.java:691) ~[jersey-client-3.1.5.jar:na]
	at org.glassfish.jersey.client.JerseyInvocation.invoke(JerseyInvocation.java:661) ~[jersey-client-3.1.5.jar:na]
	at org.glassfish.jersey.client.JerseyInvocation$Builder.method(JerseyInvocation.java:439) ~[jersey-client-3.1.5.jar:na]
	at org.glassfish.jersey.client.JerseyInvocation$Builder.post(JerseyInvocation.java:345) ~[jersey-client-3.1.5.jar:na]
	at com.netflix.eureka.transport.Jersey3ReplicationClient.submitBatchUpdates(Jersey3ReplicationClient.java:116) ~[eureka-core-jersey3-2.0.1.jar:2.0.1]
	at com.netflix.eureka.cluster.ReplicationTaskProcessor.process(ReplicationTaskProcessor.java:80) ~[eureka-core-2.0.1.jar:2.0.1]
	at com.netflix.eureka.util.batcher.TaskExecutors$BatchWorkerRunnable.run(TaskExecutors.java:190) ~[eureka-core-2.0.1.jar:2.0.1]
	at java.base/java.lang.Thread.run(Thread.java:1583) ~[na:na]
Caused by: org.apache.http.conn.HttpHostConnectException: Connect to localhost:8761 [localhost/127.0.0.1] failed: Connection refused
	at org.apache.http.impl.conn.DefaultHttpClientConnectionOperator.connect(DefaultHttpClientConnectionOperator.java:159) ~[httpclient-4.5.3.jar:4.5.3]
	at org.apache.http.impl.conn.PoolingHttpClientConnectionManager.connect(PoolingHttpClientConnectionManager.java:359) ~[httpclient-4.5.3.jar:4.5.3]
	at org.apache.http.impl.execchain.MainClientExec.establishRoute(MainClientExec.java:381) ~[httpclient-4.5.3.jar:4.5.3]
	at org.apache.http.impl.execchain.MainClientExec.execute(MainClientExec.java:237) ~[httpclient-4.5.3.jar:4.5.3]
	at org.apache.http.impl.execchain.ProtocolExec.execute(ProtocolExec.java:185) ~[httpclient-4.5.3.jar:4.5.3]
	at org.apache.http.impl.execchain.RetryExec.execute(RetryExec.java:89) ~[httpclient-4.5.3.jar:4.5.3]
	at org.apache.http.impl.execchain.RedirectExec.execute(RedirectExec.java:111) ~[httpclient-4.5.3.jar:4.5.3]
	at org.apache.http.impl.client.InternalHttpClient.doExecute(InternalHttpClient.java:185) ~[httpclient-4.5.3.jar:4.5.3]
	at org.apache.http.impl.client.CloseableHttpClient.execute(CloseableHttpClient.java:72) ~[httpclient-4.5.3.jar:4.5.3]
	at org.glassfish.jersey.apache.connector.ApacheConnector.apply(ApacheConnector.java:483) ~[jersey-apache-connector-3.1.5.jar:na]
	... 16 common frames omitted
Caused by: java.net.ConnectException: Connection refused
	at java.base/sun.nio.ch.Net.pollConnect(Native Method) ~[na:na]
	at java.base/sun.nio.ch.Net.pollConnectNow(Net.java:694) ~[na:na]
	at java.base/sun.nio.ch.NioSocketImpl.timedFinishConnect(NioSocketImpl.java:542) ~[na:na]
	at java.base/sun.nio.ch.NioSocketImpl.connect(NioSocketImpl.java:592) ~[na:na]
	at java.base/java.net.SocksSocketImpl.connect(SocksSocketImpl.java:327) ~[na:na]
	at java.base/java.net.Socket.connect(Socket.java:751) ~[na:na]
	at org.apache.http.conn.socket.PlainConnectionSocketFactory.connectSocket(PlainConnectionSocketFactory.java:75) ~[httpclient-4.5.3.jar:4.5.3]
	at org.apache.http.impl.conn.DefaultHttpClientConnectionOperator.connect(DefaultHttpClientConnectionOperator.java:142) ~[httpclient-4.5.3.jar:4.5.3]
	... 25 common frames omitted

2026-04-04T00:43:51.840+05:30 ERROR 99059 --- [eureka-server] [et_localhost-19] c.n.e.cluster.ReplicationTaskProcessor   : Network level connection to peer localhost; retrying after delay

jakarta.ws.rs.ProcessingException: org.apache.http.conn.HttpHostConnectException: Connect to localhost:8761 [localhost/127.0.0.1] failed: Connection refused
	at org.glassfish.jersey.apache.connector.ApacheConnector.apply(ApacheConnector.java:531) ~[jersey-apache-connector-3.1.5.jar:na]
	at org.glassfish.jersey.client.ClientRuntime.invoke(ClientRuntime.java:300) ~[jersey-client-3.1.5.jar:na]
	at org.glassfish.jersey.client.JerseyInvocation.lambda$invoke$0(JerseyInvocation.java:662) ~[jersey-client-3.1.5.jar:na]
	at org.glassfish.jersey.client.JerseyInvocation.call(JerseyInvocation.java:697) ~[jersey-client-3.1.5.jar:na]
	at org.glassfish.jersey.client.JerseyInvocation.lambda$runInScope$3(JerseyInvocation.java:691) ~[jersey-client-3.1.5.jar:na]
	at org.glassfish.jersey.internal.Errors.process(Errors.java:292) ~[jersey-common-3.1.5.jar:na]
	at org.glassfish.jersey.internal.Errors.process(Errors.java:274) ~[jersey-common-3.1.5.jar:na]
	at org.glassfish.jersey.internal.Errors.process(Errors.java:205) ~[jersey-common-3.1.5.jar:na]
	at org.glassfish.jersey.process.internal.RequestScope.runInScope(RequestScope.java:390) ~[jersey-common-3.1.5.jar:na]
	at org.glassfish.jersey.client.JerseyInvocation.runInScope(JerseyInvocation.java:691) ~[jersey-client-3.1.5.jar:na]
	at org.glassfish.jersey.client.JerseyInvocation.invoke(JerseyInvocation.java:661) ~[jersey-client-3.1.5.jar:na]
	at org.glassfish.jersey.client.JerseyInvocation$Builder.method(JerseyInvocation.java:439) ~[jersey-client-3.1.5.jar:na]
	at org.glassfish.jersey.client.JerseyInvocation$Builder.post(JerseyInvocation.java:345) ~[jersey-client-3.1.5.jar:na]
	at com.netflix.eureka.transport.Jersey3ReplicationClient.submitBatchUpdates(Jersey3ReplicationClient.java:116) ~[eureka-core-jersey3-2.0.1.jar:2.0.1]
	at com.netflix.eureka.cluster.ReplicationTaskProcessor.process(ReplicationTaskProcessor.java:80) ~[eureka-core-2.0.1.jar:2.0.1]
	at com.netflix.eureka.util.batcher.TaskExecutors$BatchWorkerRunnable.run(TaskExecutors.java:190) ~[eureka-core-2.0.1.jar:2.0.1]
	at java.base/java.lang.Thread.run(Thread.java:1583) ~[na:na]
Caused by: org.apache.http.conn.HttpHostConnectException: Connect to localhost:8761 [localhost/127.0.0.1] failed: Connection refused
	at org.apache.http.impl.conn.DefaultHttpClientConnectionOperator.connect(DefaultHttpClientConnectionOperator.java:159) ~[httpclient-4.5.3.jar:4.5.3]
	at org.apache.http.impl.conn.PoolingHttpClientConnectionManager.connect(PoolingHttpClientConnectionManager.java:359) ~[httpclient-4.5.3.jar:4.5.3]
	at org.apache.http.impl.execchain.MainClientExec.establishRoute(MainClientExec.java:381) ~[httpclient-4.5.3.jar:4.5.3]
	at org.apache.http.impl.execchain.MainClientExec.execute(MainClientExec.java:237) ~[httpclient-4.5.3.jar:4.5.3]
	at org.apache.http.impl.execchain.ProtocolExec.execute(ProtocolExec.java:185) ~[httpclient-4.5.3.jar:4.5.3]
	at org.apache.http.impl.execchain.RetryExec.execute(RetryExec.java:89) ~[httpclient-4.5.3.jar:4.5.3]
	at org.apache.http.impl.execchain.RedirectExec.execute(RedirectExec.java:111) ~[httpclient-4.5.3.jar:4.5.3]
	at org.apache.http.impl.client.InternalHttpClient.doExecute(InternalHttpClient.java:185) ~[httpclient-4.5.3.jar:4.5.3]
	at org.apache.http.impl.client.CloseableHttpClient.execute(CloseableHttpClient.java:72) ~[httpclient-4.5.3.jar:4.5.3]
	at org.glassfish.jersey.apache.connector.ApacheConnector.apply(ApacheConnector.java:483) ~[jersey-apache-connector-3.1.5.jar:na]
	... 16 common frames omitted
Caused by: java.net.ConnectException: Connection refused
	at java.base/sun.nio.ch.Net.pollConnect(Native Method) ~[na:na]
	at java.base/sun.nio.ch.Net.pollConnectNow(Net.java:694) ~[na:na]
	at java.base/sun.nio.ch.NioSocketImpl.timedFinishConnect(NioSocketImpl.java:542) ~[na:na]
	at java.base/sun.nio.ch.NioSocketImpl.connect(NioSocketImpl.java:592) ~[na:na]
	at java.base/java.net.SocksSocketImpl.connect(SocksSocketImpl.java:327) ~[na:na]
	at java.base/java.net.Socket.connect(Socket.java:751) ~[na:na]
	at org.apache.http.conn.socket.PlainConnectionSocketFactory.connectSocket(PlainConnectionSocketFactory.java:75) ~[httpclient-4.5.3.jar:4.5.3]
	at org.apache.http.impl.conn.DefaultHttpClientConnectionOperator.connect(DefaultHttpClientConnectionOperator.java:142) ~[httpclient-4.5.3.jar:4.5.3]
	... 25 common frames omitted

2026-04-04T00:44:01.936+05:30 ERROR 99059 --- [eureka-server] [et_localhost-14] c.n.e.cluster.ReplicationTaskProcessor   : Network level connection to peer localhost; retrying after delay

jakarta.ws.rs.ProcessingException: org.apache.http.conn.HttpHostConnectException: Connect to localhost:8761 [localhost/127.0.0.1] failed: Connection refused
	at org.glassfish.jersey.apache.connector.ApacheConnector.apply(ApacheConnector.java:531) ~[jersey-apache-connector-3.1.5.jar:na]
	at org.glassfish.jersey.client.ClientRuntime.invoke(ClientRuntime.java:300) ~[jersey-client-3.1.5.jar:na]
	at org.glassfish.jersey.client.JerseyInvocation.lambda$invoke$0(JerseyInvocation.java:662) ~[jersey-client-3.1.5.jar:na]
	at org.glassfish.jersey.client.JerseyInvocation.call(JerseyInvocation.java:697) ~[jersey-client-3.1.5.jar:na]
	at org.glassfish.jersey.client.JerseyInvocation.lambda$runInScope$3(JerseyInvocation.java:691) ~[jersey-client-3.1.5.jar:na]
	at org.glassfish.jersey.internal.Errors.process(Errors.java:292) ~[jersey-common-3.1.5.jar:na]
	at org.glassfish.jersey.internal.Errors.process(Errors.java:274) ~[jersey-common-3.1.5.jar:na]
	at org.glassfish.jersey.internal.Errors.process(Errors.java:205) ~[jersey-common-3.1.5.jar:na]
	at org.glassfish.jersey.process.internal.RequestScope.runInScope(RequestScope.java:390) ~[jersey-common-3.1.5.jar:na]
	at org.glassfish.jersey.client.JerseyInvocation.runInScope(JerseyInvocation.java:691) ~[jersey-client-3.1.5.jar:na]
	at org.glassfish.jersey.client.JerseyInvocation.invoke(JerseyInvocation.java:661) ~[jersey-client-3.1.5.jar:na]
	at org.glassfish.jersey.client.JerseyInvocation$Builder.method(JerseyInvocation.java:439) ~[jersey-client-3.1.5.jar:na]
	at org.glassfish.jersey.client.JerseyInvocation$Builder.post(JerseyInvocation.java:345) ~[jersey-client-3.1.5.jar:na]
	at com.netflix.eureka.transport.Jersey3ReplicationClient.submitBatchUpdates(Jersey3ReplicationClient.java:116) ~[eureka-core-jersey3-2.0.1.jar:2.0.1]
	at com.netflix.eureka.cluster.ReplicationTaskProcessor.process(ReplicationTaskProcessor.java:80) ~[eureka-core-2.0.1.jar:2.0.1]
	at com.netflix.eureka.util.batcher.TaskExecutors$BatchWorkerRunnable.run(TaskExecutors.java:190) ~[eureka-core-2.0.1.jar:2.0.1]
	at java.base/java.lang.Thread.run(Thread.java:1583) ~[na:na]
Caused by: org.apache.http.conn.HttpHostConnectException: Connect to localhost:8761 [localhost/127.0.0.1] failed: Connection refused
	at org.apache.http.impl.conn.DefaultHttpClientConnectionOperator.connect(DefaultHttpClientConnectionOperator.java:159) ~[httpclient-4.5.3.jar:4.5.3]
	at org.apache.http.impl.conn.PoolingHttpClientConnectionManager.connect(PoolingHttpClientConnectionManager.java:359) ~[httpclient-4.5.3.jar:4.5.3]
	at org.apache.http.impl.execchain.MainClientExec.establishRoute(MainClientExec.java:381) ~[httpclient-4.5.3.jar:4.5.3]
	at org.apache.http.impl.execchain.MainClientExec.execute(MainClientExec.java:237) ~[httpclient-4.5.3.jar:4.5.3]
	at org.apache.http.impl.execchain.ProtocolExec.execute(ProtocolExec.java:185) ~[httpclient-4.5.3.jar:4.5.3]
	at org.apache.http.impl.execchain.RetryExec.execute(RetryExec.java:89) ~[httpclient-4.5.3.jar:4.5.3]
	at org.apache.http.impl.execchain.RedirectExec.execute(RedirectExec.java:111) ~[httpclient-4.5.3.jar:4.5.3]
	at org.apache.http.impl.client.InternalHttpClient.doExecute(InternalHttpClient.java:185) ~[httpclient-4.5.3.jar:4.5.3]
	at org.apache.http.impl.client.CloseableHttpClient.execute(CloseableHttpClient.java:72) ~[httpclient-4.5.3.jar:4.5.3]
	at org.glassfish.jersey.apache.connector.ApacheConnector.apply(ApacheConnector.java:483) ~[jersey-apache-connector-3.1.5.jar:na]
	... 16 common frames omitted
Caused by: java.net.ConnectException: Connection refused
	at java.base/sun.nio.ch.Net.pollConnect(Native Method) ~[na:na]
	at java.base/sun.nio.ch.Net.pollConnectNow(Net.java:694) ~[na:na]
	at java.base/sun.nio.ch.NioSocketImpl.timedFinishConnect(NioSocketImpl.java:542) ~[na:na]
	at java.base/sun.nio.ch.NioSocketImpl.connect(NioSocketImpl.java:592) ~[na:na]
	at java.base/java.net.SocksSocketImpl.connect(SocksSocketImpl.java:327) ~[na:na]
	at java.base/java.net.Socket.connect(Socket.java:751) ~[na:na]
	at org.apache.http.conn.socket.PlainConnectionSocketFactory.connectSocket(PlainConnectionSocketFactory.java:75) ~[httpclient-4.5.3.jar:4.5.3]
	at org.apache.http.impl.conn.DefaultHttpClientConnectionOperator.connect(DefaultHttpClientConnectionOperator.java:142) ~[httpclient-4.5.3.jar:4.5.3]
	... 25 common frames omitted

2026-04-04T00:44:11.943+05:30 ERROR 99059 --- [eureka-server] [et_localhost-17] c.n.e.cluster.ReplicationTaskProcessor   : Network level connection to peer localhost; retrying after delay

jakarta.ws.rs.ProcessingException: org.apache.http.conn.HttpHostConnectException: Connect to localhost:8761 [localhost/127.0.0.1] failed: Connection refused
	at org.glassfish.jersey.apache.connector.ApacheConnector.apply(ApacheConnector.java:531) ~[jersey-apache-connector-3.1.5.jar:na]
	at org.glassfish.jersey.client.ClientRuntime.invoke(ClientRuntime.java:300) ~[jersey-client-3.1.5.jar:na]
	at org.glassfish.jersey.client.JerseyInvocation.lambda$invoke$0(JerseyInvocation.java:662) ~[jersey-client-3.1.5.jar:na]
	at org.glassfish.jersey.client.JerseyInvocation.call(JerseyInvocation.java:697) ~[jersey-client-3.1.5.jar:na]
	at org.glassfish.jersey.client.JerseyInvocation.lambda$runInScope$3(JerseyInvocation.java:691) ~[jersey-client-3.1.5.jar:na]
	at org.glassfish.jersey.internal.Errors.process(Errors.java:292) ~[jersey-common-3.1.5.jar:na]
	at org.glassfish.jersey.internal.Errors.process(Errors.java:274) ~[jersey-common-3.1.5.jar:na]
	at org.glassfish.jersey.internal.Errors.process(Errors.java:205) ~[jersey-common-3.1.5.jar:na]
	at org.glassfish.jersey.process.internal.RequestScope.runInScope(RequestScope.java:390) ~[jersey-common-3.1.5.jar:na]
	at org.glassfish.jersey.client.JerseyInvocation.runInScope(JerseyInvocation.java:691) ~[jersey-client-3.1.5.jar:na]
	at org.glassfish.jersey.client.JerseyInvocation.invoke(JerseyInvocation.java:661) ~[jersey-client-3.1.5.jar:na]
	at org.glassfish.jersey.client.JerseyInvocation$Builder.method(JerseyInvocation.java:439) ~[jersey-client-3.1.5.jar:na]
	at org.glassfish.jersey.client.JerseyInvocation$Builder.post(JerseyInvocation.java:345) ~[jersey-client-3.1.5.jar:na]
	at com.netflix.eureka.transport.Jersey3ReplicationClient.submitBatchUpdates(Jersey3ReplicationClient.java:116) ~[eureka-core-jersey3-2.0.1.jar:2.0.1]
	at com.netflix.eureka.cluster.ReplicationTaskProcessor.process(ReplicationTaskProcessor.java:80) ~[eureka-core-2.0.1.jar:2.0.1]
	at com.netflix.eureka.util.batcher.TaskExecutors$BatchWorkerRunnable.run(TaskExecutors.java:190) ~[eureka-core-2.0.1.jar:2.0.1]
	at java.base/java.lang.Thread.run(Thread.java:1583) ~[na:na]
Caused by: org.apache.http.conn.HttpHostConnectException: Connect to localhost:8761 [localhost/127.0.0.1] failed: Connection refused
	at org.apache.http.impl.conn.DefaultHttpClientConnectionOperator.connect(DefaultHttpClientConnectionOperator.java:159) ~[httpclient-4.5.3.jar:4.5.3]
	at org.apache.http.impl.conn.PoolingHttpClientConnectionManager.connect(PoolingHttpClientConnectionManager.java:359) ~[httpclient-4.5.3.jar:4.5.3]
	at org.apache.http.impl.execchain.MainClientExec.establishRoute(MainClientExec.java:381) ~[httpclient-4.5.3.jar:4.5.3]
	at org.apache.http.impl.execchain.MainClientExec.execute(MainClientExec.java:237) ~[httpclient-4.5.3.jar:4.5.3]
	at org.apache.http.impl.execchain.ProtocolExec.execute(ProtocolExec.java:185) ~[httpclient-4.5.3.jar:4.5.3]
	at org.apache.http.impl.execchain.RetryExec.execute(RetryExec.java:89) ~[httpclient-4.5.3.jar:4.5.3]
	at org.apache.http.impl.execchain.RedirectExec.execute(RedirectExec.java:111) ~[httpclient-4.5.3.jar:4.5.3]
	at org.apache.http.impl.client.InternalHttpClient.doExecute(InternalHttpClient.java:185) ~[httpclient-4.5.3.jar:4.5.3]
	at org.apache.http.impl.client.CloseableHttpClient.execute(CloseableHttpClient.java:72) ~[httpclient-4.5.3.jar:4.5.3]
	at org.glassfish.jersey.apache.connector.ApacheConnector.apply(ApacheConnector.java:483) ~[jersey-apache-connector-3.1.5.jar:na]
	... 16 common frames omitted
Caused by: java.net.ConnectException: Connection refused
	at java.base/sun.nio.ch.Net.pollConnect(Native Method) ~[na:na]
	at java.base/sun.nio.ch.Net.pollConnectNow(Net.java:694) ~[na:na]
	at java.base/sun.nio.ch.NioSocketImpl.timedFinishConnect(NioSocketImpl.java:542) ~[na:na]
	at java.base/sun.nio.ch.NioSocketImpl.connect(NioSocketImpl.java:592) ~[na:na]
	at java.base/java.net.SocksSocketImpl.connect(SocksSocketImpl.java:327) ~[na:na]
	at java.base/java.net.Socket.connect(Socket.java:751) ~[na:na]
	at org.apache.http.conn.socket.PlainConnectionSocketFactory.connectSocket(PlainConnectionSocketFactory.java:75) ~[httpclient-4.5.3.jar:4.5.3]
	at org.apache.http.impl.conn.DefaultHttpClientConnectionOperator.connect(DefaultHttpClientConnectionOperator.java:142) ~[httpclient-4.5.3.jar:4.5.3]
	... 25 common frames omitted

2026-04-04T00:44:14.619+05:30  INFO 99059 --- [eureka-server] [a-EvictionTimer] c.n.e.registry.AbstractInstanceRegistry  : Running the evict task with compensationTime 0ms
2026-04-04T00:44:21.955+05:30 ERROR 99059 --- [eureka-server] [get_localhost-5] c.n.e.cluster.ReplicationTaskProcessor   : Network level connection to peer localhost; retrying after delay

jakarta.ws.rs.ProcessingException: org.apache.http.conn.HttpHostConnectException: Connect to localhost:8761 [localhost/127.0.0.1] failed: Connection refused
	at org.glassfish.jersey.apache.connector.ApacheConnector.apply(ApacheConnector.java:531) ~[jersey-apache-connector-3.1.5.jar:na]
	at org.glassfish.jersey.client.ClientRuntime.invoke(ClientRuntime.java:300) ~[jersey-client-3.1.5.jar:na]
	at org.glassfish.jersey.client.JerseyInvocation.lambda$invoke$0(JerseyInvocation.java:662) ~[jersey-client-3.1.5.jar:na]
	at org.glassfish.jersey.client.JerseyInvocation.call(JerseyInvocation.java:697) ~[jersey-client-3.1.5.jar:na]
	at org.glassfish.jersey.client.JerseyInvocation.lambda$runInScope$3(JerseyInvocation.java:691) ~[jersey-client-3.1.5.jar:na]
	at org.glassfish.jersey.internal.Errors.process(Errors.java:292) ~[jersey-common-3.1.5.jar:na]
	at org.glassfish.jersey.internal.Errors.process(Errors.java:274) ~[jersey-common-3.1.5.jar:na]
	at org.glassfish.jersey.internal.Errors.process(Errors.java:205) ~[jersey-common-3.1.5.jar:na]
	at org.glassfish.jersey.process.internal.RequestScope.runInScope(RequestScope.java:390) ~[jersey-common-3.1.5.jar:na]
	at org.glassfish.jersey.client.JerseyInvocation.runInScope(JerseyInvocation.java:691) ~[jersey-client-3.1.5.jar:na]
	at org.glassfish.jersey.client.JerseyInvocation.invoke(JerseyInvocation.java:661) ~[jersey-client-3.1.5.jar:na]
	at org.glassfish.jersey.client.JerseyInvocation$Builder.method(JerseyInvocation.java:439) ~[jersey-client-3.1.5.jar:na]
	at org.glassfish.jersey.client.JerseyInvocation$Builder.post(JerseyInvocation.java:345) ~[jersey-client-3.1.5.jar:na]
	at com.netflix.eureka.transport.Jersey3ReplicationClient.submitBatchUpdates(Jersey3ReplicationClient.java:116) ~[eureka-core-jersey3-2.0.1.jar:2.0.1]
	at com.netflix.eureka.cluster.ReplicationTaskProcessor.process(ReplicationTaskProcessor.java:80) ~[eureka-core-2.0.1.jar:2.0.1]
	at com.netflix.eureka.util.batcher.TaskExecutors$BatchWorkerRunnable.run(TaskExecutors.java:190) ~[eureka-core-2.0.1.jar:2.0.1]
	at java.base/java.lang.Thread.run(Thread.java:1583) ~[na:na]
Caused by: org.apache.http.conn.HttpHostConnectException: Connect to localhost:8761 [localhost/127.0.0.1] failed: Connection refused
	at org.apache.http.impl.conn.DefaultHttpClientConnectionOperator.connect(DefaultHttpClientConnectionOperator.java:159) ~[httpclient-4.5.3.jar:4.5.3]
	at org.apache.http.impl.conn.PoolingHttpClientConnectionManager.connect(PoolingHttpClientConnectionManager.java:359) ~[httpclient-4.5.3.jar:4.5.3]
	at org.apache.http.impl.execchain.MainClientExec.establishRoute(MainClientExec.java:381) ~[httpclient-4.5.3.jar:4.5.3]
	at org.apache.http.impl.execchain.MainClientExec.execute(MainClientExec.java:237) ~[httpclient-4.5.3.jar:4.5.3]
	at org.apache.http.impl.execchain.ProtocolExec.execute(ProtocolExec.java:185) ~[httpclient-4.5.3.jar:4.5.3]
	at org.apache.http.impl.execchain.RetryExec.execute(RetryExec.java:89) ~[httpclient-4.5.3.jar:4.5.3]
	at org.apache.http.impl.execchain.RedirectExec.execute(RedirectExec.java:111) ~[httpclient-4.5.3.jar:4.5.3]
	at org.apache.http.impl.client.InternalHttpClient.doExecute(InternalHttpClient.java:185) ~[httpclient-4.5.3.jar:4.5.3]
	at org.apache.http.impl.client.CloseableHttpClient.execute(CloseableHttpClient.java:72) ~[httpclient-4.5.3.jar:4.5.3]
	at org.glassfish.jersey.apache.connector.ApacheConnector.apply(ApacheConnector.java:483) ~[jersey-apache-connector-3.1.5.jar:na]
	... 16 common frames omitted
Caused by: java.net.ConnectException: Connection refused
	at java.base/sun.nio.ch.Net.pollConnect(Native Method) ~[na:na]
	at java.base/sun.nio.ch.Net.pollConnectNow(Net.java:694) ~[na:na]
	at java.base/sun.nio.ch.NioSocketImpl.timedFinishConnect(NioSocketImpl.java:542) ~[na:na]
	at java.base/sun.nio.ch.NioSocketImpl.connect(NioSocketImpl.java:592) ~[na:na]
	at java.base/java.net.SocksSocketImpl.connect(SocksSocketImpl.java:327) ~[na:na]
	at java.base/java.net.Socket.connect(Socket.java:751) ~[na:na]
	at org.apache.http.conn.socket.PlainConnectionSocketFactory.connectSocket(PlainConnectionSocketFactory.java:75) ~[httpclient-4.5.3.jar:4.5.3]
	at org.apache.http.impl.conn.DefaultHttpClientConnectionOperator.connect(DefaultHttpClientConnectionOperator.java:142) ~[httpclient-4.5.3.jar:4.5.3]
	... 25 common frames omitted

2026-04-04T00:44:32.047+05:30 ERROR 99059 --- [eureka-server] [et_localhost-14] c.n.e.cluster.ReplicationTaskProcessor   : Network level connection to peer localhost; retrying after delay

jakarta.ws.rs.ProcessingException: org.apache.http.conn.HttpHostConnectException: Connect to localhost:8761 [localhost/127.0.0.1] failed: Connection refused
	at org.glassfish.jersey.apache.connector.ApacheConnector.apply(ApacheConnector.java:531) ~[jersey-apache-connector-3.1.5.jar:na]
	at org.glassfish.jersey.client.ClientRuntime.invoke(ClientRuntime.java:300) ~[jersey-client-3.1.5.jar:na]
	at org.glassfish.jersey.client.JerseyInvocation.lambda$invoke$0(JerseyInvocation.java:662) ~[jersey-client-3.1.5.jar:na]
	at org.glassfish.jersey.client.JerseyInvocation.call(JerseyInvocation.java:697) ~[jersey-client-3.1.5.jar:na]
	at org.glassfish.jersey.client.JerseyInvocation.lambda$runInScope$3(JerseyInvocation.java:691) ~[jersey-client-3.1.5.jar:na]
	at org.glassfish.jersey.internal.Errors.process(Errors.java:292) ~[jersey-common-3.1.5.jar:na]
	at org.glassfish.jersey.internal.Errors.process(Errors.java:274) ~[jersey-common-3.1.5.jar:na]
	at org.glassfish.jersey.internal.Errors.process(Errors.java:205) ~[jersey-common-3.1.5.jar:na]
	at org.glassfish.jersey.process.internal.RequestScope.runInScope(RequestScope.java:390) ~[jersey-common-3.1.5.jar:na]
	at org.glassfish.jersey.client.JerseyInvocation.runInScope(JerseyInvocation.java:691) ~[jersey-client-3.1.5.jar:na]
	at org.glassfish.jersey.client.JerseyInvocation.invoke(JerseyInvocation.java:661) ~[jersey-client-3.1.5.jar:na]
	at org.glassfish.jersey.client.JerseyInvocation$Builder.method(JerseyInvocation.java:439) ~[jersey-client-3.1.5.jar:na]
	at org.glassfish.jersey.client.JerseyInvocation$Builder.post(JerseyInvocation.java:345) ~[jersey-client-3.1.5.jar:na]
	at com.netflix.eureka.transport.Jersey3ReplicationClient.submitBatchUpdates(Jersey3ReplicationClient.java:116) ~[eureka-core-jersey3-2.0.1.jar:2.0.1]
	at com.netflix.eureka.cluster.ReplicationTaskProcessor.process(ReplicationTaskProcessor.java:80) ~[eureka-core-2.0.1.jar:2.0.1]
	at com.netflix.eureka.util.batcher.TaskExecutors$BatchWorkerRunnable.run(TaskExecutors.java:190) ~[eureka-core-2.0.1.jar:2.0.1]
	at java.base/java.lang.Thread.run(Thread.java:1583) ~[na:na]
Caused by: org.apache.http.conn.HttpHostConnectException: Connect to localhost:8761 [localhost/127.0.0.1] failed: Connection refused
	at org.apache.http.impl.conn.DefaultHttpClientConnectionOperator.connect(DefaultHttpClientConnectionOperator.java:159) ~[httpclient-4.5.3.jar:4.5.3]
	at org.apache.http.impl.conn.PoolingHttpClientConnectionManager.connect(PoolingHttpClientConnectionManager.java:359) ~[httpclient-4.5.3.jar:4.5.3]
	at org.apache.http.impl.execchain.MainClientExec.establishRoute(MainClientExec.java:381) ~[httpclient-4.5.3.jar:4.5.3]
	at org.apache.http.impl.execchain.MainClientExec.execute(MainClientExec.java:237) ~[httpclient-4.5.3.jar:4.5.3]
	at org.apache.http.impl.execchain.ProtocolExec.execute(ProtocolExec.java:185) ~[httpclient-4.5.3.jar:4.5.3]
	at org.apache.http.impl.execchain.RetryExec.execute(RetryExec.java:89) ~[httpclient-4.5.3.jar:4.5.3]
	at org.apache.http.impl.execchain.RedirectExec.execute(RedirectExec.java:111) ~[httpclient-4.5.3.jar:4.5.3]
	at org.apache.http.impl.client.InternalHttpClient.doExecute(InternalHttpClient.java:185) ~[httpclient-4.5.3.jar:4.5.3]
	at org.apache.http.impl.client.CloseableHttpClient.execute(CloseableHttpClient.java:72) ~[httpclient-4.5.3.jar:4.5.3]
	at org.glassfish.jersey.apache.connector.ApacheConnector.apply(ApacheConnector.java:483) ~[jersey-apache-connector-3.1.5.jar:na]
	... 16 common frames omitted
Caused by: java.net.ConnectException: Connection refused
	at java.base/sun.nio.ch.Net.pollConnect(Native Method) ~[na:na]
	at java.base/sun.nio.ch.Net.pollConnectNow(Net.java:694) ~[na:na]
	at java.base/sun.nio.ch.NioSocketImpl.timedFinishConnect(NioSocketImpl.java:542) ~[na:na]
	at java.base/sun.nio.ch.NioSocketImpl.connect(NioSocketImpl.java:592) ~[na:na]
	at java.base/java.net.SocksSocketImpl.connect(SocksSocketImpl.java:327) ~[na:na]
	at java.base/java.net.Socket.connect(Socket.java:751) ~[na:na]
	at org.apache.http.conn.socket.PlainConnectionSocketFactory.connectSocket(PlainConnectionSocketFactory.java:75) ~[httpclient-4.5.3.jar:4.5.3]
	at org.apache.http.impl.conn.DefaultHttpClientConnectionOperator.connect(DefaultHttpClientConnectionOperator.java:142) ~[httpclient-4.5.3.jar:4.5.3]
	... 25 common frames omitted

2026-04-04T00:44:42.148+05:30 ERROR 99059 --- [eureka-server] [et_localhost-15] c.n.e.cluster.ReplicationTaskProcessor   : Network level connection to peer localhost; retrying after delay

jakarta.ws.rs.ProcessingException: org.apache.http.conn.HttpHostConnectException: Connect to localhost:8761 [localhost/127.0.0.1] failed: Connection refused
	at org.glassfish.jersey.apache.connector.ApacheConnector.apply(ApacheConnector.java:531) ~[jersey-apache-connector-3.1.5.jar:na]
	at org.glassfish.jersey.client.ClientRuntime.invoke(ClientRuntime.java:300) ~[jersey-client-3.1.5.jar:na]
	at org.glassfish.jersey.client.JerseyInvocation.lambda$invoke$0(JerseyInvocation.java:662) ~[jersey-client-3.1.5.jar:na]
	at org.glassfish.jersey.client.JerseyInvocation.call(JerseyInvocation.java:697) ~[jersey-client-3.1.5.jar:na]
	at org.glassfish.jersey.client.JerseyInvocation.lambda$runInScope$3(JerseyInvocation.java:691) ~[jersey-client-3.1.5.jar:na]
	at org.glassfish.jersey.internal.Errors.process(Errors.java:292) ~[jersey-common-3.1.5.jar:na]
	at org.glassfish.jersey.internal.Errors.process(Errors.java:274) ~[jersey-common-3.1.5.jar:na]
	at org.glassfish.jersey.internal.Errors.process(Errors.java:205) ~[jersey-common-3.1.5.jar:na]
	at org.glassfish.jersey.process.internal.RequestScope.runInScope(RequestScope.java:390) ~[jersey-common-3.1.5.jar:na]
	at org.glassfish.jersey.client.JerseyInvocation.runInScope(JerseyInvocation.java:691) ~[jersey-client-3.1.5.jar:na]
	at org.glassfish.jersey.client.JerseyInvocation.invoke(JerseyInvocation.java:661) ~[jersey-client-3.1.5.jar:na]
	at org.glassfish.jersey.client.JerseyInvocation$Builder.method(JerseyInvocation.java:439) ~[jersey-client-3.1.5.jar:na]
	at org.glassfish.jersey.client.JerseyInvocation$Builder.post(JerseyInvocation.java:345) ~[jersey-client-3.1.5.jar:na]
	at com.netflix.eureka.transport.Jersey3ReplicationClient.submitBatchUpdates(Jersey3ReplicationClient.java:116) ~[eureka-core-jersey3-2.0.1.jar:2.0.1]
	at com.netflix.eureka.cluster.ReplicationTaskProcessor.process(ReplicationTaskProcessor.java:80) ~[eureka-core-2.0.1.jar:2.0.1]
	at com.netflix.eureka.util.batcher.TaskExecutors$BatchWorkerRunnable.run(TaskExecutors.java:190) ~[eureka-core-2.0.1.jar:2.0.1]
	at java.base/java.lang.Thread.run(Thread.java:1583) ~[na:na]
Caused by: org.apache.http.conn.HttpHostConnectException: Connect to localhost:8761 [localhost/127.0.0.1] failed: Connection refused
	at org.apache.http.impl.conn.DefaultHttpClientConnectionOperator.connect(DefaultHttpClientConnectionOperator.java:159) ~[httpclient-4.5.3.jar:4.5.3]
	at org.apache.http.impl.conn.PoolingHttpClientConnectionManager.connect(PoolingHttpClientConnectionManager.java:359) ~[httpclient-4.5.3.jar:4.5.3]
	at org.apache.http.impl.execchain.MainClientExec.establishRoute(MainClientExec.java:381) ~[httpclient-4.5.3.jar:4.5.3]
	at org.apache.http.impl.execchain.MainClientExec.execute(MainClientExec.java:237) ~[httpclient-4.5.3.jar:4.5.3]
	at org.apache.http.impl.execchain.ProtocolExec.execute(ProtocolExec.java:185) ~[httpclient-4.5.3.jar:4.5.3]
	at org.apache.http.impl.execchain.RetryExec.execute(RetryExec.java:89) ~[httpclient-4.5.3.jar:4.5.3]
	at org.apache.http.impl.execchain.RedirectExec.execute(RedirectExec.java:111) ~[httpclient-4.5.3.jar:4.5.3]
	at org.apache.http.impl.client.InternalHttpClient.doExecute(InternalHttpClient.java:185) ~[httpclient-4.5.3.jar:4.5.3]
	at org.apache.http.impl.client.CloseableHttpClient.execute(CloseableHttpClient.java:72) ~[httpclient-4.5.3.jar:4.5.3]
	at org.glassfish.jersey.apache.connector.ApacheConnector.apply(ApacheConnector.java:483) ~[jersey-apache-connector-3.1.5.jar:na]
	... 16 common frames omitted
Caused by: java.net.ConnectException: Connection refused
	at java.base/sun.nio.ch.Net.pollConnect(Native Method) ~[na:na]
	at java.base/sun.nio.ch.Net.pollConnectNow(Net.java:694) ~[na:na]
	at java.base/sun.nio.ch.NioSocketImpl.timedFinishConnect(NioSocketImpl.java:542) ~[na:na]
	at java.base/sun.nio.ch.NioSocketImpl.connect(NioSocketImpl.java:592) ~[na:na]
	at java.base/java.net.SocksSocketImpl.connect(SocksSocketImpl.java:327) ~[na:na]
	at java.base/java.net.Socket.connect(Socket.java:751) ~[na:na]
	at org.apache.http.conn.socket.PlainConnectionSocketFactory.connectSocket(PlainConnectionSocketFactory.java:75) ~[httpclient-4.5.3.jar:4.5.3]
	at org.apache.http.impl.conn.DefaultHttpClientConnectionOperator.connect(DefaultHttpClientConnectionOperator.java:142) ~[httpclient-4.5.3.jar:4.5.3]
	... 25 common frames omitted

2026-04-04T00:44:52.153+05:30 ERROR 99059 --- [eureka-server] [get_localhost-3] c.n.e.cluster.ReplicationTaskProcessor   : Network level connection to peer localhost; retrying after delay

jakarta.ws.rs.ProcessingException: org.apache.http.conn.HttpHostConnectException: Connect to localhost:8761 [localhost/127.0.0.1] failed: Connection refused
	at org.glassfish.jersey.apache.connector.ApacheConnector.apply(ApacheConnector.java:531) ~[jersey-apache-connector-3.1.5.jar:na]
	at org.glassfish.jersey.client.ClientRuntime.invoke(ClientRuntime.java:300) ~[jersey-client-3.1.5.jar:na]
	at org.glassfish.jersey.client.JerseyInvocation.lambda$invoke$0(JerseyInvocation.java:662) ~[jersey-client-3.1.5.jar:na]
	at org.glassfish.jersey.client.JerseyInvocation.call(JerseyInvocation.java:697) ~[jersey-client-3.1.5.jar:na]
	at org.glassfish.jersey.client.JerseyInvocation.lambda$runInScope$3(JerseyInvocation.java:691) ~[jersey-client-3.1.5.jar:na]
	at org.glassfish.jersey.internal.Errors.process(Errors.java:292) ~[jersey-common-3.1.5.jar:na]
	at org.glassfish.jersey.internal.Errors.process(Errors.java:274) ~[jersey-common-3.1.5.jar:na]
	at org.glassfish.jersey.internal.Errors.process(Errors.java:205) ~[jersey-common-3.1.5.jar:na]
	at org.glassfish.jersey.process.internal.RequestScope.runInScope(RequestScope.java:390) ~[jersey-common-3.1.5.jar:na]
	at org.glassfish.jersey.client.JerseyInvocation.runInScope(JerseyInvocation.java:691) ~[jersey-client-3.1.5.jar:na]
	at org.glassfish.jersey.client.JerseyInvocation.invoke(JerseyInvocation.java:661) ~[jersey-client-3.1.5.jar:na]
	at org.glassfish.jersey.client.JerseyInvocation$Builder.method(JerseyInvocation.java:439) ~[jersey-client-3.1.5.jar:na]
	at org.glassfish.jersey.client.JerseyInvocation$Builder.post(JerseyInvocation.java:345) ~[jersey-client-3.1.5.jar:na]
	at com.netflix.eureka.transport.Jersey3ReplicationClient.submitBatchUpdates(Jersey3ReplicationClient.java:116) ~[eureka-core-jersey3-2.0.1.jar:2.0.1]
	at com.netflix.eureka.cluster.ReplicationTaskProcessor.process(ReplicationTaskProcessor.java:80) ~[eureka-core-2.0.1.jar:2.0.1]
	at com.netflix.eureka.util.batcher.TaskExecutors$BatchWorkerRunnable.run(TaskExecutors.java:190) ~[eureka-core-2.0.1.jar:2.0.1]
	at java.base/java.lang.Thread.run(Thread.java:1583) ~[na:na]
Caused by: org.apache.http.conn.HttpHostConnectException: Connect to localhost:8761 [localhost/127.0.0.1] failed: Connection refused
	at org.apache.http.impl.conn.DefaultHttpClientConnectionOperator.connect(DefaultHttpClientConnectionOperator.java:159) ~[httpclient-4.5.3.jar:4.5.3]
	at org.apache.http.impl.conn.PoolingHttpClientConnectionManager.connect(PoolingHttpClientConnectionManager.java:359) ~[httpclient-4.5.3.jar:4.5.3]
	at org.apache.http.impl.execchain.MainClientExec.establishRoute(MainClientExec.java:381) ~[httpclient-4.5.3.jar:4.5.3]
	at org.apache.http.impl.execchain.MainClientExec.execute(MainClientExec.java:237) ~[httpclient-4.5.3.jar:4.5.3]
	at org.apache.http.impl.execchain.ProtocolExec.execute(ProtocolExec.java:185) ~[httpclient-4.5.3.jar:4.5.3]
	at org.apache.http.impl.execchain.RetryExec.execute(RetryExec.java:89) ~[httpclient-4.5.3.jar:4.5.3]
	at org.apache.http.impl.execchain.RedirectExec.execute(RedirectExec.java:111) ~[httpclient-4.5.3.jar:4.5.3]
	at org.apache.http.impl.client.InternalHttpClient.doExecute(InternalHttpClient.java:185) ~[httpclient-4.5.3.jar:4.5.3]
	at org.apache.http.impl.client.CloseableHttpClient.execute(CloseableHttpClient.java:72) ~[httpclient-4.5.3.jar:4.5.3]
	at org.glassfish.jersey.apache.connector.ApacheConnector.apply(ApacheConnector.java:483) ~[jersey-apache-connector-3.1.5.jar:na]
	... 16 common frames omitted
Caused by: java.net.ConnectException: Connection refused
	at java.base/sun.nio.ch.Net.pollConnect(Native Method) ~[na:na]
	at java.base/sun.nio.ch.Net.pollConnectNow(Net.java:694) ~[na:na]
	at java.base/sun.nio.ch.NioSocketImpl.timedFinishConnect(NioSocketImpl.java:542) ~[na:na]
	at java.base/sun.nio.ch.NioSocketImpl.connect(NioSocketImpl.java:592) ~[na:na]
	at java.base/java.net.SocksSocketImpl.connect(SocksSocketImpl.java:327) ~[na:na]
	at java.base/java.net.Socket.connect(Socket.java:751) ~[na:na]
	at org.apache.http.conn.socket.PlainConnectionSocketFactory.connectSocket(PlainConnectionSocketFactory.java:75) ~[httpclient-4.5.3.jar:4.5.3]
	at org.apache.http.impl.conn.DefaultHttpClientConnectionOperator.connect(DefaultHttpClientConnectionOperator.java:142) ~[httpclient-4.5.3.jar:4.5.3]
	... 25 common frames omitted

2026-04-04T00:45:02.166+05:30 ERROR 99059 --- [eureka-server] [et_localhost-16] c.n.e.cluster.ReplicationTaskProcessor   : Network level connection to peer localhost; retrying after delay

jakarta.ws.rs.ProcessingException: org.apache.http.conn.HttpHostConnectException: Connect to localhost:8761 [localhost/127.0.0.1] failed: Connection refused
	at org.glassfish.jersey.apache.connector.ApacheConnector.apply(ApacheConnector.java:531) ~[jersey-apache-connector-3.1.5.jar:na]
	at org.glassfish.jersey.client.ClientRuntime.invoke(ClientRuntime.java:300) ~[jersey-client-3.1.5.jar:na]
	at org.glassfish.jersey.client.JerseyInvocation.lambda$invoke$0(JerseyInvocation.java:662) ~[jersey-client-3.1.5.jar:na]
	at org.glassfish.jersey.client.JerseyInvocation.call(JerseyInvocation.java:697) ~[jersey-client-3.1.5.jar:na]
	at org.glassfish.jersey.client.JerseyInvocation.lambda$runInScope$3(JerseyInvocation.java:691) ~[jersey-client-3.1.5.jar:na]
	at org.glassfish.jersey.internal.Errors.process(Errors.java:292) ~[jersey-common-3.1.5.jar:na]
	at org.glassfish.jersey.internal.Errors.process(Errors.java:274) ~[jersey-common-3.1.5.jar:na]
	at org.glassfish.jersey.internal.Errors.process(Errors.java:205) ~[jersey-common-3.1.5.jar:na]
	at org.glassfish.jersey.process.internal.RequestScope.runInScope(RequestScope.java:390) ~[jersey-common-3.1.5.jar:na]
	at org.glassfish.jersey.client.JerseyInvocation.runInScope(JerseyInvocation.java:691) ~[jersey-client-3.1.5.jar:na]
	at org.glassfish.jersey.client.JerseyInvocation.invoke(JerseyInvocation.java:661) ~[jersey-client-3.1.5.jar:na]
	at org.glassfish.jersey.client.JerseyInvocation$Builder.method(JerseyInvocation.java:439) ~[jersey-client-3.1.5.jar:na]
	at org.glassfish.jersey.client.JerseyInvocation$Builder.post(JerseyInvocation.java:345) ~[jersey-client-3.1.5.jar:na]
	at com.netflix.eureka.transport.Jersey3ReplicationClient.submitBatchUpdates(Jersey3ReplicationClient.java:116) ~[eureka-core-jersey3-2.0.1.jar:2.0.1]
	at com.netflix.eureka.cluster.ReplicationTaskProcessor.process(ReplicationTaskProcessor.java:80) ~[eureka-core-2.0.1.jar:2.0.1]
	at com.netflix.eureka.util.batcher.TaskExecutors$BatchWorkerRunnable.run(TaskExecutors.java:190) ~[eureka-core-2.0.1.jar:2.0.1]
	at java.base/java.lang.Thread.run(Thread.java:1583) ~[na:na]
Caused by: org.apache.http.conn.HttpHostConnectException: Connect to localhost:8761 [localhost/127.0.0.1] failed: Connection refused
	at org.apache.http.impl.conn.DefaultHttpClientConnectionOperator.connect(DefaultHttpClientConnectionOperator.java:159) ~[httpclient-4.5.3.jar:4.5.3]
	at org.apache.http.impl.conn.PoolingHttpClientConnectionManager.connect(PoolingHttpClientConnectionManager.java:359) ~[httpclient-4.5.3.jar:4.5.3]
	at org.apache.http.impl.execchain.MainClientExec.establishRoute(MainClientExec.java:381) ~[httpclient-4.5.3.jar:4.5.3]
	at org.apache.http.impl.execchain.MainClientExec.execute(MainClientExec.java:237) ~[httpclient-4.5.3.jar:4.5.3]
	at org.apache.http.impl.execchain.ProtocolExec.execute(ProtocolExec.java:185) ~[httpclient-4.5.3.jar:4.5.3]
	at org.apache.http.impl.execchain.RetryExec.execute(RetryExec.java:89) ~[httpclient-4.5.3.jar:4.5.3]
	at org.apache.http.impl.execchain.RedirectExec.execute(RedirectExec.java:111) ~[httpclient-4.5.3.jar:4.5.3]
	at org.apache.http.impl.client.InternalHttpClient.doExecute(InternalHttpClient.java:185) ~[httpclient-4.5.3.jar:4.5.3]
	at org.apache.http.impl.client.CloseableHttpClient.execute(CloseableHttpClient.java:72) ~[httpclient-4.5.3.jar:4.5.3]
	at org.glassfish.jersey.apache.connector.ApacheConnector.apply(ApacheConnector.java:483) ~[jersey-apache-connector-3.1.5.jar:na]
	... 16 common frames omitted
Caused by: java.net.ConnectException: Connection refused
	at java.base/sun.nio.ch.Net.pollConnect(Native Method) ~[na:na]
	at java.base/sun.nio.ch.Net.pollConnectNow(Net.java:694) ~[na:na]
	at java.base/sun.nio.ch.NioSocketImpl.timedFinishConnect(NioSocketImpl.java:542) ~[na:na]
	at java.base/sun.nio.ch.NioSocketImpl.connect(NioSocketImpl.java:592) ~[na:na]
	at java.base/java.net.SocksSocketImpl.connect(SocksSocketImpl.java:327) ~[na:na]
	at java.base/java.net.Socket.connect(Socket.java:751) ~[na:na]
	at org.apache.http.conn.socket.PlainConnectionSocketFactory.connectSocket(PlainConnectionSocketFactory.java:75) ~[httpclient-4.5.3.jar:4.5.3]
	at org.apache.http.impl.conn.DefaultHttpClientConnectionOperator.connect(DefaultHttpClientConnectionOperator.java:142) ~[httpclient-4.5.3.jar:4.5.3]
	... 25 common frames omitted

2026-04-04T00:45:12.250+05:30 ERROR 99059 --- [eureka-server] [et_localhost-19] c.n.e.cluster.ReplicationTaskProcessor   : Network level connection to peer localhost; retrying after delay

jakarta.ws.rs.ProcessingException: org.apache.http.conn.HttpHostConnectException: Connect to localhost:8761 [localhost/127.0.0.1] failed: Connection refused
	at org.glassfish.jersey.apache.connector.ApacheConnector.apply(ApacheConnector.java:531) ~[jersey-apache-connector-3.1.5.jar:na]
	at org.glassfish.jersey.client.ClientRuntime.invoke(ClientRuntime.java:300) ~[jersey-client-3.1.5.jar:na]
	at org.glassfish.jersey.client.JerseyInvocation.lambda$invoke$0(JerseyInvocation.java:662) ~[jersey-client-3.1.5.jar:na]
	at org.glassfish.jersey.client.JerseyInvocation.call(JerseyInvocation.java:697) ~[jersey-client-3.1.5.jar:na]
	at org.glassfish.jersey.client.JerseyInvocation.lambda$runInScope$3(JerseyInvocation.java:691) ~[jersey-client-3.1.5.jar:na]
	at org.glassfish.jersey.internal.Errors.process(Errors.java:292) ~[jersey-common-3.1.5.jar:na]
	at org.glassfish.jersey.internal.Errors.process(Errors.java:274) ~[jersey-common-3.1.5.jar:na]
	at org.glassfish.jersey.internal.Errors.process(Errors.java:205) ~[jersey-common-3.1.5.jar:na]
	at org.glassfish.jersey.process.internal.RequestScope.runInScope(RequestScope.java:390) ~[jersey-common-3.1.5.jar:na]
	at org.glassfish.jersey.client.JerseyInvocation.runInScope(JerseyInvocation.java:691) ~[jersey-client-3.1.5.jar:na]
	at org.glassfish.jersey.client.JerseyInvocation.invoke(JerseyInvocation.java:661) ~[jersey-client-3.1.5.jar:na]
	at org.glassfish.jersey.client.JerseyInvocation$Builder.method(JerseyInvocation.java:439) ~[jersey-client-3.1.5.jar:na]
	at org.glassfish.jersey.client.JerseyInvocation$Builder.post(JerseyInvocation.java:345) ~[jersey-client-3.1.5.jar:na]
	at com.netflix.eureka.transport.Jersey3ReplicationClient.submitBatchUpdates(Jersey3ReplicationClient.java:116) ~[eureka-core-jersey3-2.0.1.jar:2.0.1]
	at com.netflix.eureka.cluster.ReplicationTaskProcessor.process(ReplicationTaskProcessor.java:80) ~[eureka-core-2.0.1.jar:2.0.1]
	at com.netflix.eureka.util.batcher.TaskExecutors$BatchWorkerRunnable.run(TaskExecutors.java:190) ~[eureka-core-2.0.1.jar:2.0.1]
	at java.base/java.lang.Thread.run(Thread.java:1583) ~[na:na]
Caused by: org.apache.http.conn.HttpHostConnectException: Connect to localhost:8761 [localhost/127.0.0.1] failed: Connection refused
	at org.apache.http.impl.conn.DefaultHttpClientConnectionOperator.connect(DefaultHttpClientConnectionOperator.java:159) ~[httpclient-4.5.3.jar:4.5.3]
	at org.apache.http.impl.conn.PoolingHttpClientConnectionManager.connect(PoolingHttpClientConnectionManager.java:359) ~[httpclient-4.5.3.jar:4.5.3]
	at org.apache.http.impl.execchain.MainClientExec.establishRoute(MainClientExec.java:381) ~[httpclient-4.5.3.jar:4.5.3]
	at org.apache.http.impl.execchain.MainClientExec.execute(MainClientExec.java:237) ~[httpclient-4.5.3.jar:4.5.3]
	at org.apache.http.impl.execchain.ProtocolExec.execute(ProtocolExec.java:185) ~[httpclient-4.5.3.jar:4.5.3]
	at org.apache.http.impl.execchain.RetryExec.execute(RetryExec.java:89) ~[httpclient-4.5.3.jar:4.5.3]
	at org.apache.http.impl.execchain.RedirectExec.execute(RedirectExec.java:111) ~[httpclient-4.5.3.jar:4.5.3]
	at org.apache.http.impl.client.InternalHttpClient.doExecute(InternalHttpClient.java:185) ~[httpclient-4.5.3.jar:4.5.3]
	at org.apache.http.impl.client.CloseableHttpClient.execute(CloseableHttpClient.java:72) ~[httpclient-4.5.3.jar:4.5.3]
	at org.glassfish.jersey.apache.connector.ApacheConnector.apply(ApacheConnector.java:483) ~[jersey-apache-connector-3.1.5.jar:na]
	... 16 common frames omitted
Caused by: java.net.ConnectException: Connection refused
	at java.base/sun.nio.ch.Net.pollConnect(Native Method) ~[na:na]
	at java.base/sun.nio.ch.Net.pollConnectNow(Net.java:694) ~[na:na]
	at java.base/sun.nio.ch.NioSocketImpl.timedFinishConnect(NioSocketImpl.java:542) ~[na:na]
	at java.base/sun.nio.ch.NioSocketImpl.connect(NioSocketImpl.java:592) ~[na:na]
	at java.base/java.net.SocksSocketImpl.connect(SocksSocketImpl.java:327) ~[na:na]
	at java.base/java.net.Socket.connect(Socket.java:751) ~[na:na]
	at org.apache.http.conn.socket.PlainConnectionSocketFactory.connectSocket(PlainConnectionSocketFactory.java:75) ~[httpclient-4.5.3.jar:4.5.3]
	at org.apache.http.impl.conn.DefaultHttpClientConnectionOperator.connect(DefaultHttpClientConnectionOperator.java:142) ~[httpclient-4.5.3.jar:4.5.3]
	... 25 common frames omitted

2026-04-04T00:45:14.619+05:30  INFO 99059 --- [eureka-server] [a-EvictionTimer] c.n.e.registry.AbstractInstanceRegistry  : Running the evict task with compensationTime 0ms
2026-04-04T00:45:22.348+05:30 ERROR 99059 --- [eureka-server] [et_localhost-12] c.n.e.cluster.ReplicationTaskProcessor   : Network level connection to peer localhost; retrying after delay

jakarta.ws.rs.ProcessingException: org.apache.http.conn.HttpHostConnectException: Connect to localhost:8761 [localhost/127.0.0.1] failed: Connection refused
	at org.glassfish.jersey.apache.connector.ApacheConnector.apply(ApacheConnector.java:531) ~[jersey-apache-connector-3.1.5.jar:na]
	at org.glassfish.jersey.client.ClientRuntime.invoke(ClientRuntime.java:300) ~[jersey-client-3.1.5.jar:na]
	at org.glassfish.jersey.client.JerseyInvocation.lambda$invoke$0(JerseyInvocation.java:662) ~[jersey-client-3.1.5.jar:na]
	at org.glassfish.jersey.client.JerseyInvocation.call(JerseyInvocation.java:697) ~[jersey-client-3.1.5.jar:na]
	at org.glassfish.jersey.client.JerseyInvocation.lambda$runInScope$3(JerseyInvocation.java:691) ~[jersey-client-3.1.5.jar:na]
	at org.glassfish.jersey.internal.Errors.process(Errors.java:292) ~[jersey-common-3.1.5.jar:na]
	at org.glassfish.jersey.internal.Errors.process(Errors.java:274) ~[jersey-common-3.1.5.jar:na]
	at org.glassfish.jersey.internal.Errors.process(Errors.java:205) ~[jersey-common-3.1.5.jar:na]
	at org.glassfish.jersey.process.internal.RequestScope.runInScope(RequestScope.java:390) ~[jersey-common-3.1.5.jar:na]
	at org.glassfish.jersey.client.JerseyInvocation.runInScope(JerseyInvocation.java:691) ~[jersey-client-3.1.5.jar:na]
	at org.glassfish.jersey.client.JerseyInvocation.invoke(JerseyInvocation.java:661) ~[jersey-client-3.1.5.jar:na]
	at org.glassfish.jersey.client.JerseyInvocation$Builder.method(JerseyInvocation.java:439) ~[jersey-client-3.1.5.jar:na]
	at org.glassfish.jersey.client.JerseyInvocation$Builder.post(JerseyInvocation.java:345) ~[jersey-client-3.1.5.jar:na]
	at com.netflix.eureka.transport.Jersey3ReplicationClient.submitBatchUpdates(Jersey3ReplicationClient.java:116) ~[eureka-core-jersey3-2.0.1.jar:2.0.1]
	at com.netflix.eureka.cluster.ReplicationTaskProcessor.process(ReplicationTaskProcessor.java:80) ~[eureka-core-2.0.1.jar:2.0.1]
	at com.netflix.eureka.util.batcher.TaskExecutors$BatchWorkerRunnable.run(TaskExecutors.java:190) ~[eureka-core-2.0.1.jar:2.0.1]
	at java.base/java.lang.Thread.run(Thread.java:1583) ~[na:na]
Caused by: org.apache.http.conn.HttpHostConnectException: Connect to localhost:8761 [localhost/127.0.0.1] failed: Connection refused
	at org.apache.http.impl.conn.DefaultHttpClientConnectionOperator.connect(DefaultHttpClientConnectionOperator.java:159) ~[httpclient-4.5.3.jar:4.5.3]
	at org.apache.http.impl.conn.PoolingHttpClientConnectionManager.connect(PoolingHttpClientConnectionManager.java:359) ~[httpclient-4.5.3.jar:4.5.3]
	at org.apache.http.impl.execchain.MainClientExec.establishRoute(MainClientExec.java:381) ~[httpclient-4.5.3.jar:4.5.3]
	at org.apache.http.impl.execchain.MainClientExec.execute(MainClientExec.java:237) ~[httpclient-4.5.3.jar:4.5.3]
	at org.apache.http.impl.execchain.ProtocolExec.execute(ProtocolExec.java:185) ~[httpclient-4.5.3.jar:4.5.3]
	at org.apache.http.impl.execchain.RetryExec.execute(RetryExec.java:89) ~[httpclient-4.5.3.jar:4.5.3]
	at org.apache.http.impl.execchain.RedirectExec.execute(RedirectExec.java:111) ~[httpclient-4.5.3.jar:4.5.3]
	at org.apache.http.impl.client.InternalHttpClient.doExecute(InternalHttpClient.java:185) ~[httpclient-4.5.3.jar:4.5.3]
	at org.apache.http.impl.client.CloseableHttpClient.execute(CloseableHttpClient.java:72) ~[httpclient-4.5.3.jar:4.5.3]
	at org.glassfish.jersey.apache.connector.ApacheConnector.apply(ApacheConnector.java:483) ~[jersey-apache-connector-3.1.5.jar:na]
	... 16 common frames omitted
Caused by: java.net.ConnectException: Connection refused
	at java.base/sun.nio.ch.Net.pollConnect(Native Method) ~[na:na]
	at java.base/sun.nio.ch.Net.pollConnectNow(Net.java:694) ~[na:na]
	at java.base/sun.nio.ch.NioSocketImpl.timedFinishConnect(NioSocketImpl.java:542) ~[na:na]
	at java.base/sun.nio.ch.NioSocketImpl.connect(NioSocketImpl.java:592) ~[na:na]
	at java.base/java.net.SocksSocketImpl.connect(SocksSocketImpl.java:327) ~[na:na]
	at java.base/java.net.Socket.connect(Socket.java:751) ~[na:na]
	at org.apache.http.conn.socket.PlainConnectionSocketFactory.connectSocket(PlainConnectionSocketFactory.java:75) ~[httpclient-4.5.3.jar:4.5.3]
	at org.apache.http.impl.conn.DefaultHttpClientConnectionOperator.connect(DefaultHttpClientConnectionOperator.java:142) ~[httpclient-4.5.3.jar:4.5.3]
	... 25 common frames omitted

2026-04-04T00:45:32.449+05:30 ERROR 99059 --- [eureka-server] [et_localhost-19] c.n.e.cluster.ReplicationTaskProcessor   : Network level connection to peer localhost; retrying after delay

jakarta.ws.rs.ProcessingException: org.apache.http.conn.HttpHostConnectException: Connect to localhost:8761 [localhost/127.0.0.1] failed: Connection refused
	at org.glassfish.jersey.apache.connector.ApacheConnector.apply(ApacheConnector.java:531) ~[jersey-apache-connector-3.1.5.jar:na]
	at org.glassfish.jersey.client.ClientRuntime.invoke(ClientRuntime.java:300) ~[jersey-client-3.1.5.jar:na]
	at org.glassfish.jersey.client.JerseyInvocation.lambda$invoke$0(JerseyInvocation.java:662) ~[jersey-client-3.1.5.jar:na]
	at org.glassfish.jersey.client.JerseyInvocation.call(JerseyInvocation.java:697) ~[jersey-client-3.1.5.jar:na]
	at org.glassfish.jersey.client.JerseyInvocation.lambda$runInScope$3(JerseyInvocation.java:691) ~[jersey-client-3.1.5.jar:na]
	at org.glassfish.jersey.internal.Errors.process(Errors.java:292) ~[jersey-common-3.1.5.jar:na]
	at org.glassfish.jersey.internal.Errors.process(Errors.java:274) ~[jersey-common-3.1.5.jar:na]
	at org.glassfish.jersey.internal.Errors.process(Errors.java:205) ~[jersey-common-3.1.5.jar:na]
	at org.glassfish.jersey.process.internal.RequestScope.runInScope(RequestScope.java:390) ~[jersey-common-3.1.5.jar:na]
	at org.glassfish.jersey.client.JerseyInvocation.runInScope(JerseyInvocation.java:691) ~[jersey-client-3.1.5.jar:na]
	at org.glassfish.jersey.client.JerseyInvocation.invoke(JerseyInvocation.java:661) ~[jersey-client-3.1.5.jar:na]
	at org.glassfish.jersey.client.JerseyInvocation$Builder.method(JerseyInvocation.java:439) ~[jersey-client-3.1.5.jar:na]
	at org.glassfish.jersey.client.JerseyInvocation$Builder.post(JerseyInvocation.java:345) ~[jersey-client-3.1.5.jar:na]
	at com.netflix.eureka.transport.Jersey3ReplicationClient.submitBatchUpdates(Jersey3ReplicationClient.java:116) ~[eureka-core-jersey3-2.0.1.jar:2.0.1]
	at com.netflix.eureka.cluster.ReplicationTaskProcessor.process(ReplicationTaskProcessor.java:80) ~[eureka-core-2.0.1.jar:2.0.1]
	at com.netflix.eureka.util.batcher.TaskExecutors$BatchWorkerRunnable.run(TaskExecutors.java:190) ~[eureka-core-2.0.1.jar:2.0.1]
	at java.base/java.lang.Thread.run(Thread.java:1583) ~[na:na]
Caused by: org.apache.http.conn.HttpHostConnectException: Connect to localhost:8761 [localhost/127.0.0.1] failed: Connection refused
	at org.apache.http.impl.conn.DefaultHttpClientConnectionOperator.connect(DefaultHttpClientConnectionOperator.java:159) ~[httpclient-4.5.3.jar:4.5.3]
	at org.apache.http.impl.conn.PoolingHttpClientConnectionManager.connect(PoolingHttpClientConnectionManager.java:359) ~[httpclient-4.5.3.jar:4.5.3]
	at org.apache.http.impl.execchain.MainClientExec.establishRoute(MainClientExec.java:381) ~[httpclient-4.5.3.jar:4.5.3]
	at org.apache.http.impl.execchain.MainClientExec.execute(MainClientExec.java:237) ~[httpclient-4.5.3.jar:4.5.3]
	at org.apache.http.impl.execchain.ProtocolExec.execute(ProtocolExec.java:185) ~[httpclient-4.5.3.jar:4.5.3]
	at org.apache.http.impl.execchain.RetryExec.execute(RetryExec.java:89) ~[httpclient-4.5.3.jar:4.5.3]
	at org.apache.http.impl.execchain.RedirectExec.execute(RedirectExec.java:111) ~[httpclient-4.5.3.jar:4.5.3]
	at org.apache.http.impl.client.InternalHttpClient.doExecute(InternalHttpClient.java:185) ~[httpclient-4.5.3.jar:4.5.3]
	at org.apache.http.impl.client.CloseableHttpClient.execute(CloseableHttpClient.java:72) ~[httpclient-4.5.3.jar:4.5.3]
	at org.glassfish.jersey.apache.connector.ApacheConnector.apply(ApacheConnector.java:483) ~[jersey-apache-connector-3.1.5.jar:na]
	... 16 common frames omitted
Caused by: java.net.ConnectException: Connection refused
	at java.base/sun.nio.ch.Net.pollConnect(Native Method) ~[na:na]
	at java.base/sun.nio.ch.Net.pollConnectNow(Net.java:694) ~[na:na]
	at java.base/sun.nio.ch.NioSocketImpl.timedFinishConnect(NioSocketImpl.java:542) ~[na:na]
	at java.base/sun.nio.ch.NioSocketImpl.connect(NioSocketImpl.java:592) ~[na:na]
	at java.base/java.net.SocksSocketImpl.connect(SocksSocketImpl.java:327) ~[na:na]
	at java.base/java.net.Socket.connect(Socket.java:751) ~[na:na]
	at org.apache.http.conn.socket.PlainConnectionSocketFactory.connectSocket(PlainConnectionSocketFactory.java:75) ~[httpclient-4.5.3.jar:4.5.3]
	at org.apache.http.impl.conn.DefaultHttpClientConnectionOperator.connect(DefaultHttpClientConnectionOperator.java:142) ~[httpclient-4.5.3.jar:4.5.3]
	... 25 common frames omitted

2026-04-04T00:45:42.457+05:30 ERROR 99059 --- [eureka-server] [get_localhost-6] c.n.e.cluster.ReplicationTaskProcessor   : Network level connection to peer localhost; retrying after delay

jakarta.ws.rs.ProcessingException: org.apache.http.conn.HttpHostConnectException: Connect to localhost:8761 [localhost/127.0.0.1] failed: Connection refused
	at org.glassfish.jersey.apache.connector.ApacheConnector.apply(ApacheConnector.java:531) ~[jersey-apache-connector-3.1.5.jar:na]
	at org.glassfish.jersey.client.ClientRuntime.invoke(ClientRuntime.java:300) ~[jersey-client-3.1.5.jar:na]
	at org.glassfish.jersey.client.JerseyInvocation.lambda$invoke$0(JerseyInvocation.java:662) ~[jersey-client-3.1.5.jar:na]
	at org.glassfish.jersey.client.JerseyInvocation.call(JerseyInvocation.java:697) ~[jersey-client-3.1.5.jar:na]
	at org.glassfish.jersey.client.JerseyInvocation.lambda$runInScope$3(JerseyInvocation.java:691) ~[jersey-client-3.1.5.jar:na]
	at org.glassfish.jersey.internal.Errors.process(Errors.java:292) ~[jersey-common-3.1.5.jar:na]
	at org.glassfish.jersey.internal.Errors.process(Errors.java:274) ~[jersey-common-3.1.5.jar:na]
	at org.glassfish.jersey.internal.Errors.process(Errors.java:205) ~[jersey-common-3.1.5.jar:na]
	at org.glassfish.jersey.process.internal.RequestScope.runInScope(RequestScope.java:390) ~[jersey-common-3.1.5.jar:na]
	at org.glassfish.jersey.client.JerseyInvocation.runInScope(JerseyInvocation.java:691) ~[jersey-client-3.1.5.jar:na]
	at org.glassfish.jersey.client.JerseyInvocation.invoke(JerseyInvocation.java:661) ~[jersey-client-3.1.5.jar:na]
	at org.glassfish.jersey.client.JerseyInvocation$Builder.method(JerseyInvocation.java:439) ~[jersey-client-3.1.5.jar:na]
	at org.glassfish.jersey.client.JerseyInvocation$Builder.post(JerseyInvocation.java:345) ~[jersey-client-3.1.5.jar:na]
	at com.netflix.eureka.transport.Jersey3ReplicationClient.submitBatchUpdates(Jersey3ReplicationClient.java:116) ~[eureka-core-jersey3-2.0.1.jar:2.0.1]
	at com.netflix.eureka.cluster.ReplicationTaskProcessor.process(ReplicationTaskProcessor.java:80) ~[eureka-core-2.0.1.jar:2.0.1]
	at com.netflix.eureka.util.batcher.TaskExecutors$BatchWorkerRunnable.run(TaskExecutors.java:190) ~[eureka-core-2.0.1.jar:2.0.1]
	at java.base/java.lang.Thread.run(Thread.java:1583) ~[na:na]
Caused by: org.apache.http.conn.HttpHostConnectException: Connect to localhost:8761 [localhost/127.0.0.1] failed: Connection refused
	at org.apache.http.impl.conn.DefaultHttpClientConnectionOperator.connect(DefaultHttpClientConnectionOperator.java:159) ~[httpclient-4.5.3.jar:4.5.3]
	at org.apache.http.impl.conn.PoolingHttpClientConnectionManager.connect(PoolingHttpClientConnectionManager.java:359) ~[httpclient-4.5.3.jar:4.5.3]
	at org.apache.http.impl.execchain.MainClientExec.establishRoute(MainClientExec.java:381) ~[httpclient-4.5.3.jar:4.5.3]
	at org.apache.http.impl.execchain.MainClientExec.execute(MainClientExec.java:237) ~[httpclient-4.5.3.jar:4.5.3]
	at org.apache.http.impl.execchain.ProtocolExec.execute(ProtocolExec.java:185) ~[httpclient-4.5.3.jar:4.5.3]
	at org.apache.http.impl.execchain.RetryExec.execute(RetryExec.java:89) ~[httpclient-4.5.3.jar:4.5.3]
	at org.apache.http.impl.execchain.RedirectExec.execute(RedirectExec.java:111) ~[httpclient-4.5.3.jar:4.5.3]
	at org.apache.http.impl.client.InternalHttpClient.doExecute(InternalHttpClient.java:185) ~[httpclient-4.5.3.jar:4.5.3]
	at org.apache.http.impl.client.CloseableHttpClient.execute(CloseableHttpClient.java:72) ~[httpclient-4.5.3.jar:4.5.3]
	at org.glassfish.jersey.apache.connector.ApacheConnector.apply(ApacheConnector.java:483) ~[jersey-apache-connector-3.1.5.jar:na]
	... 16 common frames omitted
Caused by: java.net.ConnectException: Connection refused
	at java.base/sun.nio.ch.Net.pollConnect(Native Method) ~[na:na]
	at java.base/sun.nio.ch.Net.pollConnectNow(Net.java:694) ~[na:na]
	at java.base/sun.nio.ch.NioSocketImpl.timedFinishConnect(NioSocketImpl.java:542) ~[na:na]
	at java.base/sun.nio.ch.NioSocketImpl.connect(NioSocketImpl.java:592) ~[na:na]
	at java.base/java.net.SocksSocketImpl.connect(SocksSocketImpl.java:327) ~[na:na]
	at java.base/java.net.Socket.connect(Socket.java:751) ~[na:na]
	at org.apache.http.conn.socket.PlainConnectionSocketFactory.connectSocket(PlainConnectionSocketFactory.java:75) ~[httpclient-4.5.3.jar:4.5.3]
	at org.apache.http.impl.conn.DefaultHttpClientConnectionOperator.connect(DefaultHttpClientConnectionOperator.java:142) ~[httpclient-4.5.3.jar:4.5.3]
	... 25 common frames omitted

2026-04-04T00:45:52.551+05:30 ERROR 99059 --- [eureka-server] [et_localhost-13] c.n.e.cluster.ReplicationTaskProcessor   : Network level connection to peer localhost; retrying after delay

jakarta.ws.rs.ProcessingException: org.apache.http.conn.HttpHostConnectException: Connect to localhost:8761 [localhost/127.0.0.1] failed: Connection refused
	at org.glassfish.jersey.apache.connector.ApacheConnector.apply(ApacheConnector.java:531) ~[jersey-apache-connector-3.1.5.jar:na]
	at org.glassfish.jersey.client.ClientRuntime.invoke(ClientRuntime.java:300) ~[jersey-client-3.1.5.jar:na]
	at org.glassfish.jersey.client.JerseyInvocation.lambda$invoke$0(JerseyInvocation.java:662) ~[jersey-client-3.1.5.jar:na]
	at org.glassfish.jersey.client.JerseyInvocation.call(JerseyInvocation.java:697) ~[jersey-client-3.1.5.jar:na]
	at org.glassfish.jersey.client.JerseyInvocation.lambda$runInScope$3(JerseyInvocation.java:691) ~[jersey-client-3.1.5.jar:na]
	at org.glassfish.jersey.internal.Errors.process(Errors.java:292) ~[jersey-common-3.1.5.jar:na]
	at org.glassfish.jersey.internal.Errors.process(Errors.java:274) ~[jersey-common-3.1.5.jar:na]
	at org.glassfish.jersey.internal.Errors.process(Errors.java:205) ~[jersey-common-3.1.5.jar:na]
	at org.glassfish.jersey.process.internal.RequestScope.runInScope(RequestScope.java:390) ~[jersey-common-3.1.5.jar:na]
	at org.glassfish.jersey.client.JerseyInvocation.runInScope(JerseyInvocation.java:691) ~[jersey-client-3.1.5.jar:na]
	at org.glassfish.jersey.client.JerseyInvocation.invoke(JerseyInvocation.java:661) ~[jersey-client-3.1.5.jar:na]
	at org.glassfish.jersey.client.JerseyInvocation$Builder.method(JerseyInvocation.java:439) ~[jersey-client-3.1.5.jar:na]
	at org.glassfish.jersey.client.JerseyInvocation$Builder.post(JerseyInvocation.java:345) ~[jersey-client-3.1.5.jar:na]
	at com.netflix.eureka.transport.Jersey3ReplicationClient.submitBatchUpdates(Jersey3ReplicationClient.java:116) ~[eureka-core-jersey3-2.0.1.jar:2.0.1]
	at com.netflix.eureka.cluster.ReplicationTaskProcessor.process(ReplicationTaskProcessor.java:80) ~[eureka-core-2.0.1.jar:2.0.1]
	at com.netflix.eureka.util.batcher.TaskExecutors$BatchWorkerRunnable.run(TaskExecutors.java:190) ~[eureka-core-2.0.1.jar:2.0.1]
	at java.base/java.lang.Thread.run(Thread.java:1583) ~[na:na]
Caused by: org.apache.http.conn.HttpHostConnectException: Connect to localhost:8761 [localhost/127.0.0.1] failed: Connection refused
	at org.apache.http.impl.conn.DefaultHttpClientConnectionOperator.connect(DefaultHttpClientConnectionOperator.java:159) ~[httpclient-4.5.3.jar:4.5.3]
	at org.apache.http.impl.conn.PoolingHttpClientConnectionManager.connect(PoolingHttpClientConnectionManager.java:359) ~[httpclient-4.5.3.jar:4.5.3]
	at org.apache.http.impl.execchain.MainClientExec.establishRoute(MainClientExec.java:381) ~[httpclient-4.5.3.jar:4.5.3]
	at org.apache.http.impl.execchain.MainClientExec.execute(MainClientExec.java:237) ~[httpclient-4.5.3.jar:4.5.3]
	at org.apache.http.impl.execchain.ProtocolExec.execute(ProtocolExec.java:185) ~[httpclient-4.5.3.jar:4.5.3]
	at org.apache.http.impl.execchain.RetryExec.execute(RetryExec.java:89) ~[httpclient-4.5.3.jar:4.5.3]
	at org.apache.http.impl.execchain.RedirectExec.execute(RedirectExec.java:111) ~[httpclient-4.5.3.jar:4.5.3]
	at org.apache.http.impl.client.InternalHttpClient.doExecute(InternalHttpClient.java:185) ~[httpclient-4.5.3.jar:4.5.3]
	at org.apache.http.impl.client.CloseableHttpClient.execute(CloseableHttpClient.java:72) ~[httpclient-4.5.3.jar:4.5.3]
	at org.glassfish.jersey.apache.connector.ApacheConnector.apply(ApacheConnector.java:483) ~[jersey-apache-connector-3.1.5.jar:na]
	... 16 common frames omitted
Caused by: java.net.ConnectException: Connection refused
	at java.base/sun.nio.ch.Net.pollConnect(Native Method) ~[na:na]
	at java.base/sun.nio.ch.Net.pollConnectNow(Net.java:694) ~[na:na]
	at java.base/sun.nio.ch.NioSocketImpl.timedFinishConnect(NioSocketImpl.java:542) ~[na:na]
	at java.base/sun.nio.ch.NioSocketImpl.connect(NioSocketImpl.java:592) ~[na:na]
	at java.base/java.net.SocksSocketImpl.connect(SocksSocketImpl.java:327) ~[na:na]
	at java.base/java.net.Socket.connect(Socket.java:751) ~[na:na]
	at org.apache.http.conn.socket.PlainConnectionSocketFactory.connectSocket(PlainConnectionSocketFactory.java:75) ~[httpclient-4.5.3.jar:4.5.3]
	at org.apache.http.impl.conn.DefaultHttpClientConnectionOperator.connect(DefaultHttpClientConnectionOperator.java:142) ~[httpclient-4.5.3.jar:4.5.3]
	... 25 common frames omitted

2026-04-04T00:46:02.562+05:30 ERROR 99059 --- [eureka-server] [get_localhost-4] c.n.e.cluster.ReplicationTaskProcessor   : Network level connection to peer localhost; retrying after delay

jakarta.ws.rs.ProcessingException: org.apache.http.conn.HttpHostConnectException: Connect to localhost:8761 [localhost/127.0.0.1] failed: Connection refused
	at org.glassfish.jersey.apache.connector.ApacheConnector.apply(ApacheConnector.java:531) ~[jersey-apache-connector-3.1.5.jar:na]
	at org.glassfish.jersey.client.ClientRuntime.invoke(ClientRuntime.java:300) ~[jersey-client-3.1.5.jar:na]
	at org.glassfish.jersey.client.JerseyInvocation.lambda$invoke$0(JerseyInvocation.java:662) ~[jersey-client-3.1.5.jar:na]
	at org.glassfish.jersey.client.JerseyInvocation.call(JerseyInvocation.java:697) ~[jersey-client-3.1.5.jar:na]
	at org.glassfish.jersey.client.JerseyInvocation.lambda$runInScope$3(JerseyInvocation.java:691) ~[jersey-client-3.1.5.jar:na]
	at org.glassfish.jersey.internal.Errors.process(Errors.java:292) ~[jersey-common-3.1.5.jar:na]
	at org.glassfish.jersey.internal.Errors.process(Errors.java:274) ~[jersey-common-3.1.5.jar:na]
	at org.glassfish.jersey.internal.Errors.process(Errors.java:205) ~[jersey-common-3.1.5.jar:na]
	at org.glassfish.jersey.process.internal.RequestScope.runInScope(RequestScope.java:390) ~[jersey-common-3.1.5.jar:na]
	at org.glassfish.jersey.client.JerseyInvocation.runInScope(JerseyInvocation.java:691) ~[jersey-client-3.1.5.jar:na]
	at org.glassfish.jersey.client.JerseyInvocation.invoke(JerseyInvocation.java:661) ~[jersey-client-3.1.5.jar:na]
	at org.glassfish.jersey.client.JerseyInvocation$Builder.method(JerseyInvocation.java:439) ~[jersey-client-3.1.5.jar:na]
	at org.glassfish.jersey.client.JerseyInvocation$Builder.post(JerseyInvocation.java:345) ~[jersey-client-3.1.5.jar:na]
	at com.netflix.eureka.transport.Jersey3ReplicationClient.submitBatchUpdates(Jersey3ReplicationClient.java:116) ~[eureka-core-jersey3-2.0.1.jar:2.0.1]
	at com.netflix.eureka.cluster.ReplicationTaskProcessor.process(ReplicationTaskProcessor.java:80) ~[eureka-core-2.0.1.jar:2.0.1]
	at com.netflix.eureka.util.batcher.TaskExecutors$BatchWorkerRunnable.run(TaskExecutors.java:190) ~[eureka-core-2.0.1.jar:2.0.1]
	at java.base/java.lang.Thread.run(Thread.java:1583) ~[na:na]
Caused by: org.apache.http.conn.HttpHostConnectException: Connect to localhost:8761 [localhost/127.0.0.1] failed: Connection refused
	at org.apache.http.impl.conn.DefaultHttpClientConnectionOperator.connect(DefaultHttpClientConnectionOperator.java:159) ~[httpclient-4.5.3.jar:4.5.3]
	at org.apache.http.impl.conn.PoolingHttpClientConnectionManager.connect(PoolingHttpClientConnectionManager.java:359) ~[httpclient-4.5.3.jar:4.5.3]
	at org.apache.http.impl.execchain.MainClientExec.establishRoute(MainClientExec.java:381) ~[httpclient-4.5.3.jar:4.5.3]
	at org.apache.http.impl.execchain.MainClientExec.execute(MainClientExec.java:237) ~[httpclient-4.5.3.jar:4.5.3]
	at org.apache.http.impl.execchain.ProtocolExec.execute(ProtocolExec.java:185) ~[httpclient-4.5.3.jar:4.5.3]
	at org.apache.http.impl.execchain.RetryExec.execute(RetryExec.java:89) ~[httpclient-4.5.3.jar:4.5.3]
	at org.apache.http.impl.execchain.RedirectExec.execute(RedirectExec.java:111) ~[httpclient-4.5.3.jar:4.5.3]
	at org.apache.http.impl.client.InternalHttpClient.doExecute(InternalHttpClient.java:185) ~[httpclient-4.5.3.jar:4.5.3]
	at org.apache.http.impl.client.CloseableHttpClient.execute(CloseableHttpClient.java:72) ~[httpclient-4.5.3.jar:4.5.3]
	at org.glassfish.jersey.apache.connector.ApacheConnector.apply(ApacheConnector.java:483) ~[jersey-apache-connector-3.1.5.jar:na]
	... 16 common frames omitted
Caused by: java.net.ConnectException: Connection refused
	at java.base/sun.nio.ch.Net.pollConnect(Native Method) ~[na:na]
	at java.base/sun.nio.ch.Net.pollConnectNow(Net.java:694) ~[na:na]
	at java.base/sun.nio.ch.NioSocketImpl.timedFinishConnect(NioSocketImpl.java:542) ~[na:na]
	at java.base/sun.nio.ch.NioSocketImpl.connect(NioSocketImpl.java:592) ~[na:na]
	at java.base/java.net.SocksSocketImpl.connect(SocksSocketImpl.java:327) ~[na:na]
	at java.base/java.net.Socket.connect(Socket.java:751) ~[na:na]
	at org.apache.http.conn.socket.PlainConnectionSocketFactory.connectSocket(PlainConnectionSocketFactory.java:75) ~[httpclient-4.5.3.jar:4.5.3]
	at org.apache.http.impl.conn.DefaultHttpClientConnectionOperator.connect(DefaultHttpClientConnectionOperator.java:142) ~[httpclient-4.5.3.jar:4.5.3]
	... 25 common frames omitted

2026-04-04T00:46:12.661+05:30 ERROR 99059 --- [eureka-server] [get_localhost-0] c.n.e.cluster.ReplicationTaskProcessor   : Network level connection to peer localhost; retrying after delay

jakarta.ws.rs.ProcessingException: org.apache.http.conn.HttpHostConnectException: Connect to localhost:8761 [localhost/127.0.0.1] failed: Connection refused
	at org.glassfish.jersey.apache.connector.ApacheConnector.apply(ApacheConnector.java:531) ~[jersey-apache-connector-3.1.5.jar:na]
	at org.glassfish.jersey.client.ClientRuntime.invoke(ClientRuntime.java:300) ~[jersey-client-3.1.5.jar:na]
	at org.glassfish.jersey.client.JerseyInvocation.lambda$invoke$0(JerseyInvocation.java:662) ~[jersey-client-3.1.5.jar:na]
	at org.glassfish.jersey.client.JerseyInvocation.call(JerseyInvocation.java:697) ~[jersey-client-3.1.5.jar:na]
	at org.glassfish.jersey.client.JerseyInvocation.lambda$runInScope$3(JerseyInvocation.java:691) ~[jersey-client-3.1.5.jar:na]
	at org.glassfish.jersey.internal.Errors.process(Errors.java:292) ~[jersey-common-3.1.5.jar:na]
	at org.glassfish.jersey.internal.Errors.process(Errors.java:274) ~[jersey-common-3.1.5.jar:na]
	at org.glassfish.jersey.internal.Errors.process(Errors.java:205) ~[jersey-common-3.1.5.jar:na]
	at org.glassfish.jersey.process.internal.RequestScope.runInScope(RequestScope.java:390) ~[jersey-common-3.1.5.jar:na]
	at org.glassfish.jersey.client.JerseyInvocation.runInScope(JerseyInvocation.java:691) ~[jersey-client-3.1.5.jar:na]
	at org.glassfish.jersey.client.JerseyInvocation.invoke(JerseyInvocation.java:661) ~[jersey-client-3.1.5.jar:na]
	at org.glassfish.jersey.client.JerseyInvocation$Builder.method(JerseyInvocation.java:439) ~[jersey-client-3.1.5.jar:na]
	at org.glassfish.jersey.client.JerseyInvocation$Builder.post(JerseyInvocation.java:345) ~[jersey-client-3.1.5.jar:na]
	at com.netflix.eureka.transport.Jersey3ReplicationClient.submitBatchUpdates(Jersey3ReplicationClient.java:116) ~[eureka-core-jersey3-2.0.1.jar:2.0.1]
	at com.netflix.eureka.cluster.ReplicationTaskProcessor.process(ReplicationTaskProcessor.java:80) ~[eureka-core-2.0.1.jar:2.0.1]
	at com.netflix.eureka.util.batcher.TaskExecutors$BatchWorkerRunnable.run(TaskExecutors.java:190) ~[eureka-core-2.0.1.jar:2.0.1]
	at java.base/java.lang.Thread.run(Thread.java:1583) ~[na:na]
Caused by: org.apache.http.conn.HttpHostConnectException: Connect to localhost:8761 [localhost/127.0.0.1] failed: Connection refused
	at org.apache.http.impl.conn.DefaultHttpClientConnectionOperator.connect(DefaultHttpClientConnectionOperator.java:159) ~[httpclient-4.5.3.jar:4.5.3]
	at org.apache.http.impl.conn.PoolingHttpClientConnectionManager.connect(PoolingHttpClientConnectionManager.java:359) ~[httpclient-4.5.3.jar:4.5.3]
	at org.apache.http.impl.execchain.MainClientExec.establishRoute(MainClientExec.java:381) ~[httpclient-4.5.3.jar:4.5.3]
	at org.apache.http.impl.execchain.MainClientExec.execute(MainClientExec.java:237) ~[httpclient-4.5.3.jar:4.5.3]
	at org.apache.http.impl.execchain.ProtocolExec.execute(ProtocolExec.java:185) ~[httpclient-4.5.3.jar:4.5.3]
	at org.apache.http.impl.execchain.RetryExec.execute(RetryExec.java:89) ~[httpclient-4.5.3.jar:4.5.3]
	at org.apache.http.impl.execchain.RedirectExec.execute(RedirectExec.java:111) ~[httpclient-4.5.3.jar:4.5.3]
	at org.apache.http.impl.client.InternalHttpClient.doExecute(InternalHttpClient.java:185) ~[httpclient-4.5.3.jar:4.5.3]
	at org.apache.http.impl.client.CloseableHttpClient.execute(CloseableHttpClient.java:72) ~[httpclient-4.5.3.jar:4.5.3]
	at org.glassfish.jersey.apache.connector.ApacheConnector.apply(ApacheConnector.java:483) ~[jersey-apache-connector-3.1.5.jar:na]
	... 16 common frames omitted
Caused by: java.net.ConnectException: Connection refused
	at java.base/sun.nio.ch.Net.pollConnect(Native Method) ~[na:na]
	at java.base/sun.nio.ch.Net.pollConnectNow(Net.java:694) ~[na:na]
	at java.base/sun.nio.ch.NioSocketImpl.timedFinishConnect(NioSocketImpl.java:542) ~[na:na]
	at java.base/sun.nio.ch.NioSocketImpl.connect(NioSocketImpl.java:592) ~[na:na]
	at java.base/java.net.SocksSocketImpl.connect(SocksSocketImpl.java:327) ~[na:na]
	at java.base/java.net.Socket.connect(Socket.java:751) ~[na:na]
	at org.apache.http.conn.socket.PlainConnectionSocketFactory.connectSocket(PlainConnectionSocketFactory.java:75) ~[httpclient-4.5.3.jar:4.5.3]
	at org.apache.http.impl.conn.DefaultHttpClientConnectionOperator.connect(DefaultHttpClientConnectionOperator.java:142) ~[httpclient-4.5.3.jar:4.5.3]
	... 25 common frames omitted

2026-04-04T00:46:14.619+05:30  INFO 99059 --- [eureka-server] [a-EvictionTimer] c.n.e.registry.AbstractInstanceRegistry  : Running the evict task with compensationTime 0ms
2026-04-04T00:46:22.677+05:30 ERROR 99059 --- [eureka-server] [get_localhost-3] c.n.e.cluster.ReplicationTaskProcessor   : Network level connection to peer localhost; retrying after delay

jakarta.ws.rs.ProcessingException: org.apache.http.conn.HttpHostConnectException: Connect to localhost:8761 [localhost/127.0.0.1] failed: Connection refused
	at org.glassfish.jersey.apache.connector.ApacheConnector.apply(ApacheConnector.java:531) ~[jersey-apache-connector-3.1.5.jar:na]
	at org.glassfish.jersey.client.ClientRuntime.invoke(ClientRuntime.java:300) ~[jersey-client-3.1.5.jar:na]
	at org.glassfish.jersey.client.JerseyInvocation.lambda$invoke$0(JerseyInvocation.java:662) ~[jersey-client-3.1.5.jar:na]
	at org.glassfish.jersey.client.JerseyInvocation.call(JerseyInvocation.java:697) ~[jersey-client-3.1.5.jar:na]
	at org.glassfish.jersey.client.JerseyInvocation.lambda$runInScope$3(JerseyInvocation.java:691) ~[jersey-client-3.1.5.jar:na]
	at org.glassfish.jersey.internal.Errors.process(Errors.java:292) ~[jersey-common-3.1.5.jar:na]
	at org.glassfish.jersey.internal.Errors.process(Errors.java:274) ~[jersey-common-3.1.5.jar:na]
	at org.glassfish.jersey.internal.Errors.process(Errors.java:205) ~[jersey-common-3.1.5.jar:na]
	at org.glassfish.jersey.process.internal.RequestScope.runInScope(RequestScope.java:390) ~[jersey-common-3.1.5.jar:na]
	at org.glassfish.jersey.client.JerseyInvocation.runInScope(JerseyInvocation.java:691) ~[jersey-client-3.1.5.jar:na]
	at org.glassfish.jersey.client.JerseyInvocation.invoke(JerseyInvocation.java:661) ~[jersey-client-3.1.5.jar:na]
	at org.glassfish.jersey.client.JerseyInvocation$Builder.method(JerseyInvocation.java:439) ~[jersey-client-3.1.5.jar:na]
	at org.glassfish.jersey.client.JerseyInvocation$Builder.post(JerseyInvocation.java:345) ~[jersey-client-3.1.5.jar:na]
	at com.netflix.eureka.transport.Jersey3ReplicationClient.submitBatchUpdates(Jersey3ReplicationClient.java:116) ~[eureka-core-jersey3-2.0.1.jar:2.0.1]
	at com.netflix.eureka.cluster.ReplicationTaskProcessor.process(ReplicationTaskProcessor.java:80) ~[eureka-core-2.0.1.jar:2.0.1]
	at com.netflix.eureka.util.batcher.TaskExecutors$BatchWorkerRunnable.run(TaskExecutors.java:190) ~[eureka-core-2.0.1.jar:2.0.1]
	at java.base/java.lang.Thread.run(Thread.java:1583) ~[na:na]
Caused by: org.apache.http.conn.HttpHostConnectException: Connect to localhost:8761 [localhost/127.0.0.1] failed: Connection refused
	at org.apache.http.impl.conn.DefaultHttpClientConnectionOperator.connect(DefaultHttpClientConnectionOperator.java:159) ~[httpclient-4.5.3.jar:4.5.3]
	at org.apache.http.impl.conn.PoolingHttpClientConnectionManager.connect(PoolingHttpClientConnectionManager.java:359) ~[httpclient-4.5.3.jar:4.5.3]
	at org.apache.http.impl.execchain.MainClientExec.establishRoute(MainClientExec.java:381) ~[httpclient-4.5.3.jar:4.5.3]
	at org.apache.http.impl.execchain.MainClientExec.execute(MainClientExec.java:237) ~[httpclient-4.5.3.jar:4.5.3]
	at org.apache.http.impl.execchain.ProtocolExec.execute(ProtocolExec.java:185) ~[httpclient-4.5.3.jar:4.5.3]
	at org.apache.http.impl.execchain.RetryExec.execute(RetryExec.java:89) ~[httpclient-4.5.3.jar:4.5.3]
	at org.apache.http.impl.execchain.RedirectExec.execute(RedirectExec.java:111) ~[httpclient-4.5.3.jar:4.5.3]
	at org.apache.http.impl.client.InternalHttpClient.doExecute(InternalHttpClient.java:185) ~[httpclient-4.5.3.jar:4.5.3]
	at org.apache.http.impl.client.CloseableHttpClient.execute(CloseableHttpClient.java:72) ~[httpclient-4.5.3.jar:4.5.3]
	at org.glassfish.jersey.apache.connector.ApacheConnector.apply(ApacheConnector.java:483) ~[jersey-apache-connector-3.1.5.jar:na]
	... 16 common frames omitted
Caused by: java.net.ConnectException: Connection refused
	at java.base/sun.nio.ch.Net.pollConnect(Native Method) ~[na:na]
	at java.base/sun.nio.ch.Net.pollConnectNow(Net.java:694) ~[na:na]
	at java.base/sun.nio.ch.NioSocketImpl.timedFinishConnect(NioSocketImpl.java:542) ~[na:na]
	at java.base/sun.nio.ch.NioSocketImpl.connect(NioSocketImpl.java:592) ~[na:na]
	at java.base/java.net.SocksSocketImpl.connect(SocksSocketImpl.java:327) ~[na:na]
	at java.base/java.net.Socket.connect(Socket.java:751) ~[na:na]
	at org.apache.http.conn.socket.PlainConnectionSocketFactory.connectSocket(PlainConnectionSocketFactory.java:75) ~[httpclient-4.5.3.jar:4.5.3]
	at org.apache.http.impl.conn.DefaultHttpClientConnectionOperator.connect(DefaultHttpClientConnectionOperator.java:142) ~[httpclient-4.5.3.jar:4.5.3]
	... 25 common frames omitted

2026-04-04T00:46:32.769+05:30 ERROR 99059 --- [eureka-server] [get_localhost-8] c.n.e.cluster.ReplicationTaskProcessor   : Network level connection to peer localhost; retrying after delay

jakarta.ws.rs.ProcessingException: org.apache.http.conn.HttpHostConnectException: Connect to localhost:8761 [localhost/127.0.0.1] failed: Connection refused
	at org.glassfish.jersey.apache.connector.ApacheConnector.apply(ApacheConnector.java:531) ~[jersey-apache-connector-3.1.5.jar:na]
	at org.glassfish.jersey.client.ClientRuntime.invoke(ClientRuntime.java:300) ~[jersey-client-3.1.5.jar:na]
	at org.glassfish.jersey.client.JerseyInvocation.lambda$invoke$0(JerseyInvocation.java:662) ~[jersey-client-3.1.5.jar:na]
	at org.glassfish.jersey.client.JerseyInvocation.call(JerseyInvocation.java:697) ~[jersey-client-3.1.5.jar:na]
	at org.glassfish.jersey.client.JerseyInvocation.lambda$runInScope$3(JerseyInvocation.java:691) ~[jersey-client-3.1.5.jar:na]
	at org.glassfish.jersey.internal.Errors.process(Errors.java:292) ~[jersey-common-3.1.5.jar:na]
	at org.glassfish.jersey.internal.Errors.process(Errors.java:274) ~[jersey-common-3.1.5.jar:na]
	at org.glassfish.jersey.internal.Errors.process(Errors.java:205) ~[jersey-common-3.1.5.jar:na]
	at org.glassfish.jersey.process.internal.RequestScope.runInScope(RequestScope.java:390) ~[jersey-common-3.1.5.jar:na]
	at org.glassfish.jersey.client.JerseyInvocation.runInScope(JerseyInvocation.java:691) ~[jersey-client-3.1.5.jar:na]
	at org.glassfish.jersey.client.JerseyInvocation.invoke(JerseyInvocation.java:661) ~[jersey-client-3.1.5.jar:na]
	at org.glassfish.jersey.client.JerseyInvocation$Builder.method(JerseyInvocation.java:439) ~[jersey-client-3.1.5.jar:na]
	at org.glassfish.jersey.client.JerseyInvocation$Builder.post(JerseyInvocation.java:345) ~[jersey-client-3.1.5.jar:na]
	at com.netflix.eureka.transport.Jersey3ReplicationClient.submitBatchUpdates(Jersey3ReplicationClient.java:116) ~[eureka-core-jersey3-2.0.1.jar:2.0.1]
	at com.netflix.eureka.cluster.ReplicationTaskProcessor.process(ReplicationTaskProcessor.java:80) ~[eureka-core-2.0.1.jar:2.0.1]
	at com.netflix.eureka.util.batcher.TaskExecutors$BatchWorkerRunnable.run(TaskExecutors.java:190) ~[eureka-core-2.0.1.jar:2.0.1]
	at java.base/java.lang.Thread.run(Thread.java:1583) ~[na:na]
Caused by: org.apache.http.conn.HttpHostConnectException: Connect to localhost:8761 [localhost/127.0.0.1] failed: Connection refused
	at org.apache.http.impl.conn.DefaultHttpClientConnectionOperator.connect(DefaultHttpClientConnectionOperator.java:159) ~[httpclient-4.5.3.jar:4.5.3]
	at org.apache.http.impl.conn.PoolingHttpClientConnectionManager.connect(PoolingHttpClientConnectionManager.java:359) ~[httpclient-4.5.3.jar:4.5.3]
	at org.apache.http.impl.execchain.MainClientExec.establishRoute(MainClientExec.java:381) ~[httpclient-4.5.3.jar:4.5.3]
	at org.apache.http.impl.execchain.MainClientExec.execute(MainClientExec.java:237) ~[httpclient-4.5.3.jar:4.5.3]
	at org.apache.http.impl.execchain.ProtocolExec.execute(ProtocolExec.java:185) ~[httpclient-4.5.3.jar:4.5.3]
	at org.apache.http.impl.execchain.RetryExec.execute(RetryExec.java:89) ~[httpclient-4.5.3.jar:4.5.3]
	at org.apache.http.impl.execchain.RedirectExec.execute(RedirectExec.java:111) ~[httpclient-4.5.3.jar:4.5.3]
	at org.apache.http.impl.client.InternalHttpClient.doExecute(InternalHttpClient.java:185) ~[httpclient-4.5.3.jar:4.5.3]
	at org.apache.http.impl.client.CloseableHttpClient.execute(CloseableHttpClient.java:72) ~[httpclient-4.5.3.jar:4.5.3]
	at org.glassfish.jersey.apache.connector.ApacheConnector.apply(ApacheConnector.java:483) ~[jersey-apache-connector-3.1.5.jar:na]
	... 16 common frames omitted
Caused by: java.net.ConnectException: Connection refused
	at java.base/sun.nio.ch.Net.pollConnect(Native Method) ~[na:na]
	at java.base/sun.nio.ch.Net.pollConnectNow(Net.java:694) ~[na:na]
	at java.base/sun.nio.ch.NioSocketImpl.timedFinishConnect(NioSocketImpl.java:542) ~[na:na]
	at java.base/sun.nio.ch.NioSocketImpl.connect(NioSocketImpl.java:592) ~[na:na]
	at java.base/java.net.SocksSocketImpl.connect(SocksSocketImpl.java:327) ~[na:na]
	at java.base/java.net.Socket.connect(Socket.java:751) ~[na:na]
	at org.apache.http.conn.socket.PlainConnectionSocketFactory.connectSocket(PlainConnectionSocketFactory.java:75) ~[httpclient-4.5.3.jar:4.5.3]
	at org.apache.http.impl.conn.DefaultHttpClientConnectionOperator.connect(DefaultHttpClientConnectionOperator.java:142) ~[httpclient-4.5.3.jar:4.5.3]
	... 25 common frames omitted

2026-04-04T00:46:42.869+05:30 ERROR 99059 --- [eureka-server] [get_localhost-9] c.n.e.cluster.ReplicationTaskProcessor   : Network level connection to peer localhost; retrying after delay

jakarta.ws.rs.ProcessingException: org.apache.http.conn.HttpHostConnectException: Connect to localhost:8761 [localhost/127.0.0.1] failed: Connection refused
	at org.glassfish.jersey.apache.connector.ApacheConnector.apply(ApacheConnector.java:531) ~[jersey-apache-connector-3.1.5.jar:na]
	at org.glassfish.jersey.client.ClientRuntime.invoke(ClientRuntime.java:300) ~[jersey-client-3.1.5.jar:na]
	at org.glassfish.jersey.client.JerseyInvocation.lambda$invoke$0(JerseyInvocation.java:662) ~[jersey-client-3.1.5.jar:na]
	at org.glassfish.jersey.client.JerseyInvocation.call(JerseyInvocation.java:697) ~[jersey-client-3.1.5.jar:na]
	at org.glassfish.jersey.client.JerseyInvocation.lambda$runInScope$3(JerseyInvocation.java:691) ~[jersey-client-3.1.5.jar:na]
	at org.glassfish.jersey.internal.Errors.process(Errors.java:292) ~[jersey-common-3.1.5.jar:na]
	at org.glassfish.jersey.internal.Errors.process(Errors.java:274) ~[jersey-common-3.1.5.jar:na]
	at org.glassfish.jersey.internal.Errors.process(Errors.java:205) ~[jersey-common-3.1.5.jar:na]
	at org.glassfish.jersey.process.internal.RequestScope.runInScope(RequestScope.java:390) ~[jersey-common-3.1.5.jar:na]
	at org.glassfish.jersey.client.JerseyInvocation.runInScope(JerseyInvocation.java:691) ~[jersey-client-3.1.5.jar:na]
	at org.glassfish.jersey.client.JerseyInvocation.invoke(JerseyInvocation.java:661) ~[jersey-client-3.1.5.jar:na]
	at org.glassfish.jersey.client.JerseyInvocation$Builder.method(JerseyInvocation.java:439) ~[jersey-client-3.1.5.jar:na]
	at org.glassfish.jersey.client.JerseyInvocation$Builder.post(JerseyInvocation.java:345) ~[jersey-client-3.1.5.jar:na]
	at com.netflix.eureka.transport.Jersey3ReplicationClient.submitBatchUpdates(Jersey3ReplicationClient.java:116) ~[eureka-core-jersey3-2.0.1.jar:2.0.1]
	at com.netflix.eureka.cluster.ReplicationTaskProcessor.process(ReplicationTaskProcessor.java:80) ~[eureka-core-2.0.1.jar:2.0.1]
	at com.netflix.eureka.util.batcher.TaskExecutors$BatchWorkerRunnable.run(TaskExecutors.java:190) ~[eureka-core-2.0.1.jar:2.0.1]
	at java.base/java.lang.Thread.run(Thread.java:1583) ~[na:na]
Caused by: org.apache.http.conn.HttpHostConnectException: Connect to localhost:8761 [localhost/127.0.0.1] failed: Connection refused
	at org.apache.http.impl.conn.DefaultHttpClientConnectionOperator.connect(DefaultHttpClientConnectionOperator.java:159) ~[httpclient-4.5.3.jar:4.5.3]
	at org.apache.http.impl.conn.PoolingHttpClientConnectionManager.connect(PoolingHttpClientConnectionManager.java:359) ~[httpclient-4.5.3.jar:4.5.3]
	at org.apache.http.impl.execchain.MainClientExec.establishRoute(MainClientExec.java:381) ~[httpclient-4.5.3.jar:4.5.3]
	at org.apache.http.impl.execchain.MainClientExec.execute(MainClientExec.java:237) ~[httpclient-4.5.3.jar:4.5.3]
	at org.apache.http.impl.execchain.ProtocolExec.execute(ProtocolExec.java:185) ~[httpclient-4.5.3.jar:4.5.3]
	at org.apache.http.impl.execchain.RetryExec.execute(RetryExec.java:89) ~[httpclient-4.5.3.jar:4.5.3]
	at org.apache.http.impl.execchain.RedirectExec.execute(RedirectExec.java:111) ~[httpclient-4.5.3.jar:4.5.3]
	at org.apache.http.impl.client.InternalHttpClient.doExecute(InternalHttpClient.java:185) ~[httpclient-4.5.3.jar:4.5.3]
	at org.apache.http.impl.client.CloseableHttpClient.execute(CloseableHttpClient.java:72) ~[httpclient-4.5.3.jar:4.5.3]
	at org.glassfish.jersey.apache.connector.ApacheConnector.apply(ApacheConnector.java:483) ~[jersey-apache-connector-3.1.5.jar:na]
	... 16 common frames omitted
Caused by: java.net.ConnectException: Connection refused
	at java.base/sun.nio.ch.Net.pollConnect(Native Method) ~[na:na]
	at java.base/sun.nio.ch.Net.pollConnectNow(Net.java:694) ~[na:na]
	at java.base/sun.nio.ch.NioSocketImpl.timedFinishConnect(NioSocketImpl.java:542) ~[na:na]
	at java.base/sun.nio.ch.NioSocketImpl.connect(NioSocketImpl.java:592) ~[na:na]
	at java.base/java.net.SocksSocketImpl.connect(SocksSocketImpl.java:327) ~[na:na]
	at java.base/java.net.Socket.connect(Socket.java:751) ~[na:na]
	at org.apache.http.conn.socket.PlainConnectionSocketFactory.connectSocket(PlainConnectionSocketFactory.java:75) ~[httpclient-4.5.3.jar:4.5.3]
	at org.apache.http.impl.conn.DefaultHttpClientConnectionOperator.connect(DefaultHttpClientConnectionOperator.java:142) ~[httpclient-4.5.3.jar:4.5.3]
	... 25 common frames omitted

2026-04-04T00:46:52.876+05:30 ERROR 99059 --- [eureka-server] [et_localhost-12] c.n.e.cluster.ReplicationTaskProcessor   : Network level connection to peer localhost; retrying after delay

jakarta.ws.rs.ProcessingException: org.apache.http.conn.HttpHostConnectException: Connect to localhost:8761 [localhost/127.0.0.1] failed: Connection refused
	at org.glassfish.jersey.apache.connector.ApacheConnector.apply(ApacheConnector.java:531) ~[jersey-apache-connector-3.1.5.jar:na]
	at org.glassfish.jersey.client.ClientRuntime.invoke(ClientRuntime.java:300) ~[jersey-client-3.1.5.jar:na]
	at org.glassfish.jersey.client.JerseyInvocation.lambda$invoke$0(JerseyInvocation.java:662) ~[jersey-client-3.1.5.jar:na]
	at org.glassfish.jersey.client.JerseyInvocation.call(JerseyInvocation.java:697) ~[jersey-client-3.1.5.jar:na]
	at org.glassfish.jersey.client.JerseyInvocation.lambda$runInScope$3(JerseyInvocation.java:691) ~[jersey-client-3.1.5.jar:na]
	at org.glassfish.jersey.internal.Errors.process(Errors.java:292) ~[jersey-common-3.1.5.jar:na]
	at org.glassfish.jersey.internal.Errors.process(Errors.java:274) ~[jersey-common-3.1.5.jar:na]
	at org.glassfish.jersey.internal.Errors.process(Errors.java:205) ~[jersey-common-3.1.5.jar:na]
	at org.glassfish.jersey.process.internal.RequestScope.runInScope(RequestScope.java:390) ~[jersey-common-3.1.5.jar:na]
	at org.glassfish.jersey.client.JerseyInvocation.runInScope(JerseyInvocation.java:691) ~[jersey-client-3.1.5.jar:na]
	at org.glassfish.jersey.client.JerseyInvocation.invoke(JerseyInvocation.java:661) ~[jersey-client-3.1.5.jar:na]
	at org.glassfish.jersey.client.JerseyInvocation$Builder.method(JerseyInvocation.java:439) ~[jersey-client-3.1.5.jar:na]
	at org.glassfish.jersey.client.JerseyInvocation$Builder.post(JerseyInvocation.java:345) ~[jersey-client-3.1.5.jar:na]
	at com.netflix.eureka.transport.Jersey3ReplicationClient.submitBatchUpdates(Jersey3ReplicationClient.java:116) ~[eureka-core-jersey3-2.0.1.jar:2.0.1]
	at com.netflix.eureka.cluster.ReplicationTaskProcessor.process(ReplicationTaskProcessor.java:80) ~[eureka-core-2.0.1.jar:2.0.1]
	at com.netflix.eureka.util.batcher.TaskExecutors$BatchWorkerRunnable.run(TaskExecutors.java:190) ~[eureka-core-2.0.1.jar:2.0.1]
	at java.base/java.lang.Thread.run(Thread.java:1583) ~[na:na]
Caused by: org.apache.http.conn.HttpHostConnectException: Connect to localhost:8761 [localhost/127.0.0.1] failed: Connection refused
	at org.apache.http.impl.conn.DefaultHttpClientConnectionOperator.connect(DefaultHttpClientConnectionOperator.java:159) ~[httpclient-4.5.3.jar:4.5.3]
	at org.apache.http.impl.conn.PoolingHttpClientConnectionManager.connect(PoolingHttpClientConnectionManager.java:359) ~[httpclient-4.5.3.jar:4.5.3]
	at org.apache.http.impl.execchain.MainClientExec.establishRoute(MainClientExec.java:381) ~[httpclient-4.5.3.jar:4.5.3]
	at org.apache.http.impl.execchain.MainClientExec.execute(MainClientExec.java:237) ~[httpclient-4.5.3.jar:4.5.3]
	at org.apache.http.impl.execchain.ProtocolExec.execute(ProtocolExec.java:185) ~[httpclient-4.5.3.jar:4.5.3]
	at org.apache.http.impl.execchain.RetryExec.execute(RetryExec.java:89) ~[httpclient-4.5.3.jar:4.5.3]
	at org.apache.http.impl.execchain.RedirectExec.execute(RedirectExec.java:111) ~[httpclient-4.5.3.jar:4.5.3]
	at org.apache.http.impl.client.InternalHttpClient.doExecute(InternalHttpClient.java:185) ~[httpclient-4.5.3.jar:4.5.3]
	at org.apache.http.impl.client.CloseableHttpClient.execute(CloseableHttpClient.java:72) ~[httpclient-4.5.3.jar:4.5.3]
	at org.glassfish.jersey.apache.connector.ApacheConnector.apply(ApacheConnector.java:483) ~[jersey-apache-connector-3.1.5.jar:na]
	... 16 common frames omitted
Caused by: java.net.ConnectException: Connection refused
	at java.base/sun.nio.ch.Net.pollConnect(Native Method) ~[na:na]
	at java.base/sun.nio.ch.Net.pollConnectNow(Net.java:694) ~[na:na]
	at java.base/sun.nio.ch.NioSocketImpl.timedFinishConnect(NioSocketImpl.java:542) ~[na:na]
	at java.base/sun.nio.ch.NioSocketImpl.connect(NioSocketImpl.java:592) ~[na:na]
	at java.base/java.net.SocksSocketImpl.connect(SocksSocketImpl.java:327) ~[na:na]
	at java.base/java.net.Socket.connect(Socket.java:751) ~[na:na]
	at org.apache.http.conn.socket.PlainConnectionSocketFactory.connectSocket(PlainConnectionSocketFactory.java:75) ~[httpclient-4.5.3.jar:4.5.3]
	at org.apache.http.impl.conn.DefaultHttpClientConnectionOperator.connect(DefaultHttpClientConnectionOperator.java:142) ~[httpclient-4.5.3.jar:4.5.3]
	... 25 common frames omitted

2026-04-04T00:47:02.896+05:30 ERROR 99059 --- [eureka-server] [et_localhost-13] c.n.e.cluster.ReplicationTaskProcessor   : Network level connection to peer localhost; retrying after delay

jakarta.ws.rs.ProcessingException: org.apache.http.conn.HttpHostConnectException: Connect to localhost:8761 [localhost/127.0.0.1] failed: Connection refused
	at org.glassfish.jersey.apache.connector.ApacheConnector.apply(ApacheConnector.java:531) ~[jersey-apache-connector-3.1.5.jar:na]
	at org.glassfish.jersey.client.ClientRuntime.invoke(ClientRuntime.java:300) ~[jersey-client-3.1.5.jar:na]
	at org.glassfish.jersey.client.JerseyInvocation.lambda$invoke$0(JerseyInvocation.java:662) ~[jersey-client-3.1.5.jar:na]
	at org.glassfish.jersey.client.JerseyInvocation.call(JerseyInvocation.java:697) ~[jersey-client-3.1.5.jar:na]
	at org.glassfish.jersey.client.JerseyInvocation.lambda$runInScope$3(JerseyInvocation.java:691) ~[jersey-client-3.1.5.jar:na]
	at org.glassfish.jersey.internal.Errors.process(Errors.java:292) ~[jersey-common-3.1.5.jar:na]
	at org.glassfish.jersey.internal.Errors.process(Errors.java:274) ~[jersey-common-3.1.5.jar:na]
	at org.glassfish.jersey.internal.Errors.process(Errors.java:205) ~[jersey-common-3.1.5.jar:na]
	at org.glassfish.jersey.process.internal.RequestScope.runInScope(RequestScope.java:390) ~[jersey-common-3.1.5.jar:na]
	at org.glassfish.jersey.client.JerseyInvocation.runInScope(JerseyInvocation.java:691) ~[jersey-client-3.1.5.jar:na]
	at org.glassfish.jersey.client.JerseyInvocation.invoke(JerseyInvocation.java:661) ~[jersey-client-3.1.5.jar:na]
	at org.glassfish.jersey.client.JerseyInvocation$Builder.method(JerseyInvocation.java:439) ~[jersey-client-3.1.5.jar:na]
	at org.glassfish.jersey.client.JerseyInvocation$Builder.post(JerseyInvocation.java:345) ~[jersey-client-3.1.5.jar:na]
	at com.netflix.eureka.transport.Jersey3ReplicationClient.submitBatchUpdates(Jersey3ReplicationClient.java:116) ~[eureka-core-jersey3-2.0.1.jar:2.0.1]
	at com.netflix.eureka.cluster.ReplicationTaskProcessor.process(ReplicationTaskProcessor.java:80) ~[eureka-core-2.0.1.jar:2.0.1]
	at com.netflix.eureka.util.batcher.TaskExecutors$BatchWorkerRunnable.run(TaskExecutors.java:190) ~[eureka-core-2.0.1.jar:2.0.1]
	at java.base/java.lang.Thread.run(Thread.java:1583) ~[na:na]
Caused by: org.apache.http.conn.HttpHostConnectException: Connect to localhost:8761 [localhost/127.0.0.1] failed: Connection refused
	at org.apache.http.impl.conn.DefaultHttpClientConnectionOperator.connect(DefaultHttpClientConnectionOperator.java:159) ~[httpclient-4.5.3.jar:4.5.3]
	at org.apache.http.impl.conn.PoolingHttpClientConnectionManager.connect(PoolingHttpClientConnectionManager.java:359) ~[httpclient-4.5.3.jar:4.5.3]
	at org.apache.http.impl.execchain.MainClientExec.establishRoute(MainClientExec.java:381) ~[httpclient-4.5.3.jar:4.5.3]
	at org.apache.http.impl.execchain.MainClientExec.execute(MainClientExec.java:237) ~[httpclient-4.5.3.jar:4.5.3]
	at org.apache.http.impl.execchain.ProtocolExec.execute(ProtocolExec.java:185) ~[httpclient-4.5.3.jar:4.5.3]
	at org.apache.http.impl.execchain.RetryExec.execute(RetryExec.java:89) ~[httpclient-4.5.3.jar:4.5.3]
	at org.apache.http.impl.execchain.RedirectExec.execute(RedirectExec.java:111) ~[httpclient-4.5.3.jar:4.5.3]
	at org.apache.http.impl.client.InternalHttpClient.doExecute(InternalHttpClient.java:185) ~[httpclient-4.5.3.jar:4.5.3]
	at org.apache.http.impl.client.CloseableHttpClient.execute(CloseableHttpClient.java:72) ~[httpclient-4.5.3.jar:4.5.3]
	at org.glassfish.jersey.apache.connector.ApacheConnector.apply(ApacheConnector.java:483) ~[jersey-apache-connector-3.1.5.jar:na]
	... 16 common frames omitted
Caused by: java.net.ConnectException: Connection refused
	at java.base/sun.nio.ch.Net.pollConnect(Native Method) ~[na:na]
	at java.base/sun.nio.ch.Net.pollConnectNow(Net.java:694) ~[na:na]
	at java.base/sun.nio.ch.NioSocketImpl.timedFinishConnect(NioSocketImpl.java:542) ~[na:na]
	at java.base/sun.nio.ch.NioSocketImpl.connect(NioSocketImpl.java:592) ~[na:na]
	at java.base/java.net.SocksSocketImpl.connect(SocksSocketImpl.java:327) ~[na:na]
	at java.base/java.net.Socket.connect(Socket.java:751) ~[na:na]
	at org.apache.http.conn.socket.PlainConnectionSocketFactory.connectSocket(PlainConnectionSocketFactory.java:75) ~[httpclient-4.5.3.jar:4.5.3]
	at org.apache.http.impl.conn.DefaultHttpClientConnectionOperator.connect(DefaultHttpClientConnectionOperator.java:142) ~[httpclient-4.5.3.jar:4.5.3]
	... 25 common frames omitted

2026-04-04T00:47:12.990+05:30 ERROR 99059 --- [eureka-server] [get_localhost-1] c.n.e.cluster.ReplicationTaskProcessor   : Network level connection to peer localhost; retrying after delay

jakarta.ws.rs.ProcessingException: org.apache.http.conn.HttpHostConnectException: Connect to localhost:8761 [localhost/127.0.0.1] failed: Connection refused
	at org.glassfish.jersey.apache.connector.ApacheConnector.apply(ApacheConnector.java:531) ~[jersey-apache-connector-3.1.5.jar:na]
	at org.glassfish.jersey.client.ClientRuntime.invoke(ClientRuntime.java:300) ~[jersey-client-3.1.5.jar:na]
	at org.glassfish.jersey.client.JerseyInvocation.lambda$invoke$0(JerseyInvocation.java:662) ~[jersey-client-3.1.5.jar:na]
	at org.glassfish.jersey.client.JerseyInvocation.call(JerseyInvocation.java:697) ~[jersey-client-3.1.5.jar:na]
	at org.glassfish.jersey.client.JerseyInvocation.lambda$runInScope$3(JerseyInvocation.java:691) ~[jersey-client-3.1.5.jar:na]
	at org.glassfish.jersey.internal.Errors.process(Errors.java:292) ~[jersey-common-3.1.5.jar:na]
	at org.glassfish.jersey.internal.Errors.process(Errors.java:274) ~[jersey-common-3.1.5.jar:na]
	at org.glassfish.jersey.internal.Errors.process(Errors.java:205) ~[jersey-common-3.1.5.jar:na]
	at org.glassfish.jersey.process.internal.RequestScope.runInScope(RequestScope.java:390) ~[jersey-common-3.1.5.jar:na]
	at org.glassfish.jersey.client.JerseyInvocation.runInScope(JerseyInvocation.java:691) ~[jersey-client-3.1.5.jar:na]
	at org.glassfish.jersey.client.JerseyInvocation.invoke(JerseyInvocation.java:661) ~[jersey-client-3.1.5.jar:na]
	at org.glassfish.jersey.client.JerseyInvocation$Builder.method(JerseyInvocation.java:439) ~[jersey-client-3.1.5.jar:na]
	at org.glassfish.jersey.client.JerseyInvocation$Builder.post(JerseyInvocation.java:345) ~[jersey-client-3.1.5.jar:na]
	at com.netflix.eureka.transport.Jersey3ReplicationClient.submitBatchUpdates(Jersey3ReplicationClient.java:116) ~[eureka-core-jersey3-2.0.1.jar:2.0.1]
	at com.netflix.eureka.cluster.ReplicationTaskProcessor.process(ReplicationTaskProcessor.java:80) ~[eureka-core-2.0.1.jar:2.0.1]
	at com.netflix.eureka.util.batcher.TaskExecutors$BatchWorkerRunnable.run(TaskExecutors.java:190) ~[eureka-core-2.0.1.jar:2.0.1]
	at java.base/java.lang.Thread.run(Thread.java:1583) ~[na:na]
Caused by: org.apache.http.conn.HttpHostConnectException: Connect to localhost:8761 [localhost/127.0.0.1] failed: Connection refused
	at org.apache.http.impl.conn.DefaultHttpClientConnectionOperator.connect(DefaultHttpClientConnectionOperator.java:159) ~[httpclient-4.5.3.jar:4.5.3]
	at org.apache.http.impl.conn.PoolingHttpClientConnectionManager.connect(PoolingHttpClientConnectionManager.java:359) ~[httpclient-4.5.3.jar:4.5.3]
	at org.apache.http.impl.execchain.MainClientExec.establishRoute(MainClientExec.java:381) ~[httpclient-4.5.3.jar:4.5.3]
	at org.apache.http.impl.execchain.MainClientExec.execute(MainClientExec.java:237) ~[httpclient-4.5.3.jar:4.5.3]
	at org.apache.http.impl.execchain.ProtocolExec.execute(ProtocolExec.java:185) ~[httpclient-4.5.3.jar:4.5.3]
	at org.apache.http.impl.execchain.RetryExec.execute(RetryExec.java:89) ~[httpclient-4.5.3.jar:4.5.3]
	at org.apache.http.impl.execchain.RedirectExec.execute(RedirectExec.java:111) ~[httpclient-4.5.3.jar:4.5.3]
	at org.apache.http.impl.client.InternalHttpClient.doExecute(InternalHttpClient.java:185) ~[httpclient-4.5.3.jar:4.5.3]
	at org.apache.http.impl.client.CloseableHttpClient.execute(CloseableHttpClient.java:72) ~[httpclient-4.5.3.jar:4.5.3]
	at org.glassfish.jersey.apache.connector.ApacheConnector.apply(ApacheConnector.java:483) ~[jersey-apache-connector-3.1.5.jar:na]
	... 16 common frames omitted
Caused by: java.net.ConnectException: Connection refused
	at java.base/sun.nio.ch.Net.pollConnect(Native Method) ~[na:na]
	at java.base/sun.nio.ch.Net.pollConnectNow(Net.java:694) ~[na:na]
	at java.base/sun.nio.ch.NioSocketImpl.timedFinishConnect(NioSocketImpl.java:542) ~[na:na]
	at java.base/sun.nio.ch.NioSocketImpl.connect(NioSocketImpl.java:592) ~[na:na]
	at java.base/java.net.SocksSocketImpl.connect(SocksSocketImpl.java:327) ~[na:na]
	at java.base/java.net.Socket.connect(Socket.java:751) ~[na:na]
	at org.apache.http.conn.socket.PlainConnectionSocketFactory.connectSocket(PlainConnectionSocketFactory.java:75) ~[httpclient-4.5.3.jar:4.5.3]
	at org.apache.http.impl.conn.DefaultHttpClientConnectionOperator.connect(DefaultHttpClientConnectionOperator.java:142) ~[httpclient-4.5.3.jar:4.5.3]
	... 25 common frames omitted

2026-04-04T00:47:14.619+05:30  INFO 99059 --- [eureka-server] [a-EvictionTimer] c.n.e.registry.AbstractInstanceRegistry  : Running the evict task with compensationTime 0ms
2026-04-04T00:47:23.023+05:30 ERROR 99059 --- [eureka-server] [get_localhost-0] c.n.e.cluster.ReplicationTaskProcessor   : Network level connection to peer localhost; retrying after delay

jakarta.ws.rs.ProcessingException: org.apache.http.conn.HttpHostConnectException: Connect to localhost:8761 [localhost/127.0.0.1] failed: Connection refused
	at org.glassfish.jersey.apache.connector.ApacheConnector.apply(ApacheConnector.java:531) ~[jersey-apache-connector-3.1.5.jar:na]
	at org.glassfish.jersey.client.ClientRuntime.invoke(ClientRuntime.java:300) ~[jersey-client-3.1.5.jar:na]
	at org.glassfish.jersey.client.JerseyInvocation.lambda$invoke$0(JerseyInvocation.java:662) ~[jersey-client-3.1.5.jar:na]
	at org.glassfish.jersey.client.JerseyInvocation.call(JerseyInvocation.java:697) ~[jersey-client-3.1.5.jar:na]
	at org.glassfish.jersey.client.JerseyInvocation.lambda$runInScope$3(JerseyInvocation.java:691) ~[jersey-client-3.1.5.jar:na]
	at org.glassfish.jersey.internal.Errors.process(Errors.java:292) ~[jersey-common-3.1.5.jar:na]
	at org.glassfish.jersey.internal.Errors.process(Errors.java:274) ~[jersey-common-3.1.5.jar:na]
	at org.glassfish.jersey.internal.Errors.process(Errors.java:205) ~[jersey-common-3.1.5.jar:na]
	at org.glassfish.jersey.process.internal.RequestScope.runInScope(RequestScope.java:390) ~[jersey-common-3.1.5.jar:na]
	at org.glassfish.jersey.client.JerseyInvocation.runInScope(JerseyInvocation.java:691) ~[jersey-client-3.1.5.jar:na]
	at org.glassfish.jersey.client.JerseyInvocation.invoke(JerseyInvocation.java:661) ~[jersey-client-3.1.5.jar:na]
	at org.glassfish.jersey.client.JerseyInvocation$Builder.method(JerseyInvocation.java:439) ~[jersey-client-3.1.5.jar:na]
	at org.glassfish.jersey.client.JerseyInvocation$Builder.post(JerseyInvocation.java:345) ~[jersey-client-3.1.5.jar:na]
	at com.netflix.eureka.transport.Jersey3ReplicationClient.submitBatchUpdates(Jersey3ReplicationClient.java:116) ~[eureka-core-jersey3-2.0.1.jar:2.0.1]
	at com.netflix.eureka.cluster.ReplicationTaskProcessor.process(ReplicationTaskProcessor.java:80) ~[eureka-core-2.0.1.jar:2.0.1]
	at com.netflix.eureka.util.batcher.TaskExecutors$BatchWorkerRunnable.run(TaskExecutors.java:190) ~[eureka-core-2.0.1.jar:2.0.1]
	at java.base/java.lang.Thread.run(Thread.java:1583) ~[na:na]
Caused by: org.apache.http.conn.HttpHostConnectException: Connect to localhost:8761 [localhost/127.0.0.1] failed: Connection refused
	at org.apache.http.impl.conn.DefaultHttpClientConnectionOperator.connect(DefaultHttpClientConnectionOperator.java:159) ~[httpclient-4.5.3.jar:4.5.3]
	at org.apache.http.impl.conn.PoolingHttpClientConnectionManager.connect(PoolingHttpClientConnectionManager.java:359) ~[httpclient-4.5.3.jar:4.5.3]
	at org.apache.http.impl.execchain.MainClientExec.establishRoute(MainClientExec.java:381) ~[httpclient-4.5.3.jar:4.5.3]
	at org.apache.http.impl.execchain.MainClientExec.execute(MainClientExec.java:237) ~[httpclient-4.5.3.jar:4.5.3]
	at org.apache.http.impl.execchain.ProtocolExec.execute(ProtocolExec.java:185) ~[httpclient-4.5.3.jar:4.5.3]
	at org.apache.http.impl.execchain.RetryExec.execute(RetryExec.java:89) ~[httpclient-4.5.3.jar:4.5.3]
	at org.apache.http.impl.execchain.RedirectExec.execute(RedirectExec.java:111) ~[httpclient-4.5.3.jar:4.5.3]
	at org.apache.http.impl.client.InternalHttpClient.doExecute(InternalHttpClient.java:185) ~[httpclient-4.5.3.jar:4.5.3]
	at org.apache.http.impl.client.CloseableHttpClient.execute(CloseableHttpClient.java:72) ~[httpclient-4.5.3.jar:4.5.3]
	at org.glassfish.jersey.apache.connector.ApacheConnector.apply(ApacheConnector.java:483) ~[jersey-apache-connector-3.1.5.jar:na]
	... 16 common frames omitted
Caused by: java.net.ConnectException: Connection refused
	at java.base/sun.nio.ch.Net.pollConnect(Native Method) ~[na:na]
	at java.base/sun.nio.ch.Net.pollConnectNow(Net.java:694) ~[na:na]
	at java.base/sun.nio.ch.NioSocketImpl.timedFinishConnect(NioSocketImpl.java:542) ~[na:na]
	at java.base/sun.nio.ch.NioSocketImpl.connect(NioSocketImpl.java:592) ~[na:na]
	at java.base/java.net.SocksSocketImpl.connect(SocksSocketImpl.java:327) ~[na:na]
	at java.base/java.net.Socket.connect(Socket.java:751) ~[na:na]
	at org.apache.http.conn.socket.PlainConnectionSocketFactory.connectSocket(PlainConnectionSocketFactory.java:75) ~[httpclient-4.5.3.jar:4.5.3]
	at org.apache.http.impl.conn.DefaultHttpClientConnectionOperator.connect(DefaultHttpClientConnectionOperator.java:142) ~[httpclient-4.5.3.jar:4.5.3]
	... 25 common frames omitted

2026-04-04T00:47:33.039+05:30 ERROR 99059 --- [eureka-server] [get_localhost-3] c.n.e.cluster.ReplicationTaskProcessor   : Network level connection to peer localhost; retrying after delay

jakarta.ws.rs.ProcessingException: org.apache.http.conn.HttpHostConnectException: Connect to localhost:8761 [localhost/127.0.0.1] failed: Connection refused
	at org.glassfish.jersey.apache.connector.ApacheConnector.apply(ApacheConnector.java:531) ~[jersey-apache-connector-3.1.5.jar:na]
	at org.glassfish.jersey.client.ClientRuntime.invoke(ClientRuntime.java:300) ~[jersey-client-3.1.5.jar:na]
	at org.glassfish.jersey.client.JerseyInvocation.lambda$invoke$0(JerseyInvocation.java:662) ~[jersey-client-3.1.5.jar:na]
	at org.glassfish.jersey.client.JerseyInvocation.call(JerseyInvocation.java:697) ~[jersey-client-3.1.5.jar:na]
	at org.glassfish.jersey.client.JerseyInvocation.lambda$runInScope$3(JerseyInvocation.java:691) ~[jersey-client-3.1.5.jar:na]
	at org.glassfish.jersey.internal.Errors.process(Errors.java:292) ~[jersey-common-3.1.5.jar:na]
	at org.glassfish.jersey.internal.Errors.process(Errors.java:274) ~[jersey-common-3.1.5.jar:na]
	at org.glassfish.jersey.internal.Errors.process(Errors.java:205) ~[jersey-common-3.1.5.jar:na]
	at org.glassfish.jersey.process.internal.RequestScope.runInScope(RequestScope.java:390) ~[jersey-common-3.1.5.jar:na]
	at org.glassfish.jersey.client.JerseyInvocation.runInScope(JerseyInvocation.java:691) ~[jersey-client-3.1.5.jar:na]
	at org.glassfish.jersey.client.JerseyInvocation.invoke(JerseyInvocation.java:661) ~[jersey-client-3.1.5.jar:na]
	at org.glassfish.jersey.client.JerseyInvocation$Builder.method(JerseyInvocation.java:439) ~[jersey-client-3.1.5.jar:na]
	at org.glassfish.jersey.client.JerseyInvocation$Builder.post(JerseyInvocation.java:345) ~[jersey-client-3.1.5.jar:na]
	at com.netflix.eureka.transport.Jersey3ReplicationClient.submitBatchUpdates(Jersey3ReplicationClient.java:116) ~[eureka-core-jersey3-2.0.1.jar:2.0.1]
	at com.netflix.eureka.cluster.ReplicationTaskProcessor.process(ReplicationTaskProcessor.java:80) ~[eureka-core-2.0.1.jar:2.0.1]
	at com.netflix.eureka.util.batcher.TaskExecutors$BatchWorkerRunnable.run(TaskExecutors.java:190) ~[eureka-core-2.0.1.jar:2.0.1]
	at java.base/java.lang.Thread.run(Thread.java:1583) ~[na:na]
Caused by: org.apache.http.conn.HttpHostConnectException: Connect to localhost:8761 [localhost/127.0.0.1] failed: Connection refused
	at org.apache.http.impl.conn.DefaultHttpClientConnectionOperator.connect(DefaultHttpClientConnectionOperator.java:159) ~[httpclient-4.5.3.jar:4.5.3]
	at org.apache.http.impl.conn.PoolingHttpClientConnectionManager.connect(PoolingHttpClientConnectionManager.java:359) ~[httpclient-4.5.3.jar:4.5.3]
	at org.apache.http.impl.execchain.MainClientExec.establishRoute(MainClientExec.java:381) ~[httpclient-4.5.3.jar:4.5.3]
	at org.apache.http.impl.execchain.MainClientExec.execute(MainClientExec.java:237) ~[httpclient-4.5.3.jar:4.5.3]
	at org.apache.http.impl.execchain.ProtocolExec.execute(ProtocolExec.java:185) ~[httpclient-4.5.3.jar:4.5.3]
	at org.apache.http.impl.execchain.RetryExec.execute(RetryExec.java:89) ~[httpclient-4.5.3.jar:4.5.3]
	at org.apache.http.impl.execchain.RedirectExec.execute(RedirectExec.java:111) ~[httpclient-4.5.3.jar:4.5.3]
	at org.apache.http.impl.client.InternalHttpClient.doExecute(InternalHttpClient.java:185) ~[httpclient-4.5.3.jar:4.5.3]
	at org.apache.http.impl.client.CloseableHttpClient.execute(CloseableHttpClient.java:72) ~[httpclient-4.5.3.jar:4.5.3]
	at org.glassfish.jersey.apache.connector.ApacheConnector.apply(ApacheConnector.java:483) ~[jersey-apache-connector-3.1.5.jar:na]
	... 16 common frames omitted
Caused by: java.net.ConnectException: Connection refused
	at java.base/sun.nio.ch.Net.pollConnect(Native Method) ~[na:na]
	at java.base/sun.nio.ch.Net.pollConnectNow(Net.java:694) ~[na:na]
	at java.base/sun.nio.ch.NioSocketImpl.timedFinishConnect(NioSocketImpl.java:542) ~[na:na]
	at java.base/sun.nio.ch.NioSocketImpl.connect(NioSocketImpl.java:592) ~[na:na]
	at java.base/java.net.SocksSocketImpl.connect(SocksSocketImpl.java:327) ~[na:na]
	at java.base/java.net.Socket.connect(Socket.java:751) ~[na:na]
	at org.apache.http.conn.socket.PlainConnectionSocketFactory.connectSocket(PlainConnectionSocketFactory.java:75) ~[httpclient-4.5.3.jar:4.5.3]
	at org.apache.http.impl.conn.DefaultHttpClientConnectionOperator.connect(DefaultHttpClientConnectionOperator.java:142) ~[httpclient-4.5.3.jar:4.5.3]
	... 25 common frames omitted

2026-04-04T00:47:43.088+05:30 ERROR 99059 --- [eureka-server] [get_localhost-6] c.n.e.cluster.ReplicationTaskProcessor   : Network level connection to peer localhost; retrying after delay

jakarta.ws.rs.ProcessingException: org.apache.http.conn.HttpHostConnectException: Connect to localhost:8761 [localhost/127.0.0.1] failed: Connection refused
	at org.glassfish.jersey.apache.connector.ApacheConnector.apply(ApacheConnector.java:531) ~[jersey-apache-connector-3.1.5.jar:na]
	at org.glassfish.jersey.client.ClientRuntime.invoke(ClientRuntime.java:300) ~[jersey-client-3.1.5.jar:na]
	at org.glassfish.jersey.client.JerseyInvocation.lambda$invoke$0(JerseyInvocation.java:662) ~[jersey-client-3.1.5.jar:na]
	at org.glassfish.jersey.client.JerseyInvocation.call(JerseyInvocation.java:697) ~[jersey-client-3.1.5.jar:na]
	at org.glassfish.jersey.client.JerseyInvocation.lambda$runInScope$3(JerseyInvocation.java:691) ~[jersey-client-3.1.5.jar:na]
	at org.glassfish.jersey.internal.Errors.process(Errors.java:292) ~[jersey-common-3.1.5.jar:na]
	at org.glassfish.jersey.internal.Errors.process(Errors.java:274) ~[jersey-common-3.1.5.jar:na]
	at org.glassfish.jersey.internal.Errors.process(Errors.java:205) ~[jersey-common-3.1.5.jar:na]
	at org.glassfish.jersey.process.internal.RequestScope.runInScope(RequestScope.java:390) ~[jersey-common-3.1.5.jar:na]
	at org.glassfish.jersey.client.JerseyInvocation.runInScope(JerseyInvocation.java:691) ~[jersey-client-3.1.5.jar:na]
	at org.glassfish.jersey.client.JerseyInvocation.invoke(JerseyInvocation.java:661) ~[jersey-client-3.1.5.jar:na]
	at org.glassfish.jersey.client.JerseyInvocation$Builder.method(JerseyInvocation.java:439) ~[jersey-client-3.1.5.jar:na]
	at org.glassfish.jersey.client.JerseyInvocation$Builder.post(JerseyInvocation.java:345) ~[jersey-client-3.1.5.jar:na]
	at com.netflix.eureka.transport.Jersey3ReplicationClient.submitBatchUpdates(Jersey3ReplicationClient.java:116) ~[eureka-core-jersey3-2.0.1.jar:2.0.1]
	at com.netflix.eureka.cluster.ReplicationTaskProcessor.process(ReplicationTaskProcessor.java:80) ~[eureka-core-2.0.1.jar:2.0.1]
	at com.netflix.eureka.util.batcher.TaskExecutors$BatchWorkerRunnable.run(TaskExecutors.java:190) ~[eureka-core-2.0.1.jar:2.0.1]
	at java.base/java.lang.Thread.run(Thread.java:1583) ~[na:na]
Caused by: org.apache.http.conn.HttpHostConnectException: Connect to localhost:8761 [localhost/127.0.0.1] failed: Connection refused
	at org.apache.http.impl.conn.DefaultHttpClientConnectionOperator.connect(DefaultHttpClientConnectionOperator.java:159) ~[httpclient-4.5.3.jar:4.5.3]
	at org.apache.http.impl.conn.PoolingHttpClientConnectionManager.connect(PoolingHttpClientConnectionManager.java:359) ~[httpclient-4.5.3.jar:4.5.3]
	at org.apache.http.impl.execchain.MainClientExec.establishRoute(MainClientExec.java:381) ~[httpclient-4.5.3.jar:4.5.3]
	at org.apache.http.impl.execchain.MainClientExec.execute(MainClientExec.java:237) ~[httpclient-4.5.3.jar:4.5.3]
	at org.apache.http.impl.execchain.ProtocolExec.execute(ProtocolExec.java:185) ~[httpclient-4.5.3.jar:4.5.3]
	at org.apache.http.impl.execchain.RetryExec.execute(RetryExec.java:89) ~[httpclient-4.5.3.jar:4.5.3]
	at org.apache.http.impl.execchain.RedirectExec.execute(RedirectExec.java:111) ~[httpclient-4.5.3.jar:4.5.3]
	at org.apache.http.impl.client.InternalHttpClient.doExecute(InternalHttpClient.java:185) ~[httpclient-4.5.3.jar:4.5.3]
	at org.apache.http.impl.client.CloseableHttpClient.execute(CloseableHttpClient.java:72) ~[httpclient-4.5.3.jar:4.5.3]
	at org.glassfish.jersey.apache.connector.ApacheConnector.apply(ApacheConnector.java:483) ~[jersey-apache-connector-3.1.5.jar:na]
	... 16 common frames omitted
Caused by: java.net.ConnectException: Connection refused
	at java.base/sun.nio.ch.Net.pollConnect(Native Method) ~[na:na]
	at java.base/sun.nio.ch.Net.pollConnectNow(Net.java:694) ~[na:na]
	at java.base/sun.nio.ch.NioSocketImpl.timedFinishConnect(NioSocketImpl.java:542) ~[na:na]
	at java.base/sun.nio.ch.NioSocketImpl.connect(NioSocketImpl.java:592) ~[na:na]
	at java.base/java.net.SocksSocketImpl.connect(SocksSocketImpl.java:327) ~[na:na]
	at java.base/java.net.Socket.connect(Socket.java:751) ~[na:na]
	at org.apache.http.conn.socket.PlainConnectionSocketFactory.connectSocket(PlainConnectionSocketFactory.java:75) ~[httpclient-4.5.3.jar:4.5.3]
	at org.apache.http.impl.conn.DefaultHttpClientConnectionOperator.connect(DefaultHttpClientConnectionOperator.java:142) ~[httpclient-4.5.3.jar:4.5.3]
	... 25 common frames omitted

2026-04-04T00:47:53.184+05:30 ERROR 99059 --- [eureka-server] [et_localhost-13] c.n.e.cluster.ReplicationTaskProcessor   : Network level connection to peer localhost; retrying after delay

jakarta.ws.rs.ProcessingException: org.apache.http.conn.HttpHostConnectException: Connect to localhost:8761 [localhost/127.0.0.1] failed: Connection refused
	at org.glassfish.jersey.apache.connector.ApacheConnector.apply(ApacheConnector.java:531) ~[jersey-apache-connector-3.1.5.jar:na]
	at org.glassfish.jersey.client.ClientRuntime.invoke(ClientRuntime.java:300) ~[jersey-client-3.1.5.jar:na]
	at org.glassfish.jersey.client.JerseyInvocation.lambda$invoke$0(JerseyInvocation.java:662) ~[jersey-client-3.1.5.jar:na]
	at org.glassfish.jersey.client.JerseyInvocation.call(JerseyInvocation.java:697) ~[jersey-client-3.1.5.jar:na]
	at org.glassfish.jersey.client.JerseyInvocation.lambda$runInScope$3(JerseyInvocation.java:691) ~[jersey-client-3.1.5.jar:na]
	at org.glassfish.jersey.internal.Errors.process(Errors.java:292) ~[jersey-common-3.1.5.jar:na]
	at org.glassfish.jersey.internal.Errors.process(Errors.java:274) ~[jersey-common-3.1.5.jar:na]
	at org.glassfish.jersey.internal.Errors.process(Errors.java:205) ~[jersey-common-3.1.5.jar:na]
	at org.glassfish.jersey.process.internal.RequestScope.runInScope(RequestScope.java:390) ~[jersey-common-3.1.5.jar:na]
	at org.glassfish.jersey.client.JerseyInvocation.runInScope(JerseyInvocation.java:691) ~[jersey-client-3.1.5.jar:na]
	at org.glassfish.jersey.client.JerseyInvocation.invoke(JerseyInvocation.java:661) ~[jersey-client-3.1.5.jar:na]
	at org.glassfish.jersey.client.JerseyInvocation$Builder.method(JerseyInvocation.java:439) ~[jersey-client-3.1.5.jar:na]
	at org.glassfish.jersey.client.JerseyInvocation$Builder.post(JerseyInvocation.java:345) ~[jersey-client-3.1.5.jar:na]
	at com.netflix.eureka.transport.Jersey3ReplicationClient.submitBatchUpdates(Jersey3ReplicationClient.java:116) ~[eureka-core-jersey3-2.0.1.jar:2.0.1]
	at com.netflix.eureka.cluster.ReplicationTaskProcessor.process(ReplicationTaskProcessor.java:80) ~[eureka-core-2.0.1.jar:2.0.1]
	at com.netflix.eureka.util.batcher.TaskExecutors$BatchWorkerRunnable.run(TaskExecutors.java:190) ~[eureka-core-2.0.1.jar:2.0.1]
	at java.base/java.lang.Thread.run(Thread.java:1583) ~[na:na]
Caused by: org.apache.http.conn.HttpHostConnectException: Connect to localhost:8761 [localhost/127.0.0.1] failed: Connection refused
	at org.apache.http.impl.conn.DefaultHttpClientConnectionOperator.connect(DefaultHttpClientConnectionOperator.java:159) ~[httpclient-4.5.3.jar:4.5.3]
	at org.apache.http.impl.conn.PoolingHttpClientConnectionManager.connect(PoolingHttpClientConnectionManager.java:359) ~[httpclient-4.5.3.jar:4.5.3]
	at org.apache.http.impl.execchain.MainClientExec.establishRoute(MainClientExec.java:381) ~[httpclient-4.5.3.jar:4.5.3]
	at org.apache.http.impl.execchain.MainClientExec.execute(MainClientExec.java:237) ~[httpclient-4.5.3.jar:4.5.3]
	at org.apache.http.impl.execchain.ProtocolExec.execute(ProtocolExec.java:185) ~[httpclient-4.5.3.jar:4.5.3]
	at org.apache.http.impl.execchain.RetryExec.execute(RetryExec.java:89) ~[httpclient-4.5.3.jar:4.5.3]
	at org.apache.http.impl.execchain.RedirectExec.execute(RedirectExec.java:111) ~[httpclient-4.5.3.jar:4.5.3]
	at org.apache.http.impl.client.InternalHttpClient.doExecute(InternalHttpClient.java:185) ~[httpclient-4.5.3.jar:4.5.3]
	at org.apache.http.impl.client.CloseableHttpClient.execute(CloseableHttpClient.java:72) ~[httpclient-4.5.3.jar:4.5.3]
	at org.glassfish.jersey.apache.connector.ApacheConnector.apply(ApacheConnector.java:483) ~[jersey-apache-connector-3.1.5.jar:na]
	... 16 common frames omitted
Caused by: java.net.ConnectException: Connection refused
	at java.base/sun.nio.ch.Net.pollConnect(Native Method) ~[na:na]
	at java.base/sun.nio.ch.Net.pollConnectNow(Net.java:694) ~[na:na]
	at java.base/sun.nio.ch.NioSocketImpl.timedFinishConnect(NioSocketImpl.java:542) ~[na:na]
	at java.base/sun.nio.ch.NioSocketImpl.connect(NioSocketImpl.java:592) ~[na:na]
	at java.base/java.net.SocksSocketImpl.connect(SocksSocketImpl.java:327) ~[na:na]
	at java.base/java.net.Socket.connect(Socket.java:751) ~[na:na]
	at org.apache.http.conn.socket.PlainConnectionSocketFactory.connectSocket(PlainConnectionSocketFactory.java:75) ~[httpclient-4.5.3.jar:4.5.3]
	at org.apache.http.impl.conn.DefaultHttpClientConnectionOperator.connect(DefaultHttpClientConnectionOperator.java:142) ~[httpclient-4.5.3.jar:4.5.3]
	... 25 common frames omitted

2026-04-04T00:48:03.187+05:30 ERROR 99059 --- [eureka-server] [get_localhost-1] c.n.e.cluster.ReplicationTaskProcessor   : Network level connection to peer localhost; retrying after delay

jakarta.ws.rs.ProcessingException: org.apache.http.conn.HttpHostConnectException: Connect to localhost:8761 [localhost/127.0.0.1] failed: Connection refused
	at org.glassfish.jersey.apache.connector.ApacheConnector.apply(ApacheConnector.java:531) ~[jersey-apache-connector-3.1.5.jar:na]
	at org.glassfish.jersey.client.ClientRuntime.invoke(ClientRuntime.java:300) ~[jersey-client-3.1.5.jar:na]
	at org.glassfish.jersey.client.JerseyInvocation.lambda$invoke$0(JerseyInvocation.java:662) ~[jersey-client-3.1.5.jar:na]
	at org.glassfish.jersey.client.JerseyInvocation.call(JerseyInvocation.java:697) ~[jersey-client-3.1.5.jar:na]
	at org.glassfish.jersey.client.JerseyInvocation.lambda$runInScope$3(JerseyInvocation.java:691) ~[jersey-client-3.1.5.jar:na]
	at org.glassfish.jersey.internal.Errors.process(Errors.java:292) ~[jersey-common-3.1.5.jar:na]
	at org.glassfish.jersey.internal.Errors.process(Errors.java:274) ~[jersey-common-3.1.5.jar:na]
	at org.glassfish.jersey.internal.Errors.process(Errors.java:205) ~[jersey-common-3.1.5.jar:na]
	at org.glassfish.jersey.process.internal.RequestScope.runInScope(RequestScope.java:390) ~[jersey-common-3.1.5.jar:na]
	at org.glassfish.jersey.client.JerseyInvocation.runInScope(JerseyInvocation.java:691) ~[jersey-client-3.1.5.jar:na]
	at org.glassfish.jersey.client.JerseyInvocation.invoke(JerseyInvocation.java:661) ~[jersey-client-3.1.5.jar:na]
	at org.glassfish.jersey.client.JerseyInvocation$Builder.method(JerseyInvocation.java:439) ~[jersey-client-3.1.5.jar:na]
	at org.glassfish.jersey.client.JerseyInvocation$Builder.post(JerseyInvocation.java:345) ~[jersey-client-3.1.5.jar:na]
	at com.netflix.eureka.transport.Jersey3ReplicationClient.submitBatchUpdates(Jersey3ReplicationClient.java:116) ~[eureka-core-jersey3-2.0.1.jar:2.0.1]
	at com.netflix.eureka.cluster.ReplicationTaskProcessor.process(ReplicationTaskProcessor.java:80) ~[eureka-core-2.0.1.jar:2.0.1]
	at com.netflix.eureka.util.batcher.TaskExecutors$BatchWorkerRunnable.run(TaskExecutors.java:190) ~[eureka-core-2.0.1.jar:2.0.1]
	at java.base/java.lang.Thread.run(Thread.java:1583) ~[na:na]
Caused by: org.apache.http.conn.HttpHostConnectException: Connect to localhost:8761 [localhost/127.0.0.1] failed: Connection refused
	at org.apache.http.impl.conn.DefaultHttpClientConnectionOperator.connect(DefaultHttpClientConnectionOperator.java:159) ~[httpclient-4.5.3.jar:4.5.3]
	at org.apache.http.impl.conn.PoolingHttpClientConnectionManager.connect(PoolingHttpClientConnectionManager.java:359) ~[httpclient-4.5.3.jar:4.5.3]
	at org.apache.http.impl.execchain.MainClientExec.establishRoute(MainClientExec.java:381) ~[httpclient-4.5.3.jar:4.5.3]
	at org.apache.http.impl.execchain.MainClientExec.execute(MainClientExec.java:237) ~[httpclient-4.5.3.jar:4.5.3]
	at org.apache.http.impl.execchain.ProtocolExec.execute(ProtocolExec.java:185) ~[httpclient-4.5.3.jar:4.5.3]
	at org.apache.http.impl.execchain.RetryExec.execute(RetryExec.java:89) ~[httpclient-4.5.3.jar:4.5.3]
	at org.apache.http.impl.execchain.RedirectExec.execute(RedirectExec.java:111) ~[httpclient-4.5.3.jar:4.5.3]
	at org.apache.http.impl.client.InternalHttpClient.doExecute(InternalHttpClient.java:185) ~[httpclient-4.5.3.jar:4.5.3]
	at org.apache.http.impl.client.CloseableHttpClient.execute(CloseableHttpClient.java:72) ~[httpclient-4.5.3.jar:4.5.3]
	at org.glassfish.jersey.apache.connector.ApacheConnector.apply(ApacheConnector.java:483) ~[jersey-apache-connector-3.1.5.jar:na]
	... 16 common frames omitted
Caused by: java.net.ConnectException: Connection refused
	at java.base/sun.nio.ch.Net.pollConnect(Native Method) ~[na:na]
	at java.base/sun.nio.ch.Net.pollConnectNow(Net.java:694) ~[na:na]
	at java.base/sun.nio.ch.NioSocketImpl.timedFinishConnect(NioSocketImpl.java:542) ~[na:na]
	at java.base/sun.nio.ch.NioSocketImpl.connect(NioSocketImpl.java:592) ~[na:na]
	at java.base/java.net.SocksSocketImpl.connect(SocksSocketImpl.java:327) ~[na:na]
	at java.base/java.net.Socket.connect(Socket.java:751) ~[na:na]
	at org.apache.http.conn.socket.PlainConnectionSocketFactory.connectSocket(PlainConnectionSocketFactory.java:75) ~[httpclient-4.5.3.jar:4.5.3]
	at org.apache.http.impl.conn.DefaultHttpClientConnectionOperator.connect(DefaultHttpClientConnectionOperator.java:142) ~[httpclient-4.5.3.jar:4.5.3]
	... 25 common frames omitted

2026-04-04T00:48:13.188+05:30 ERROR 99059 --- [eureka-server] [et_localhost-17] c.n.e.cluster.ReplicationTaskProcessor   : Network level connection to peer localhost; retrying after delay

jakarta.ws.rs.ProcessingException: org.apache.http.conn.HttpHostConnectException: Connect to localhost:8761 [localhost/127.0.0.1] failed: Connection refused
	at org.glassfish.jersey.apache.connector.ApacheConnector.apply(ApacheConnector.java:531) ~[jersey-apache-connector-3.1.5.jar:na]
	at org.glassfish.jersey.client.ClientRuntime.invoke(ClientRuntime.java:300) ~[jersey-client-3.1.5.jar:na]
	at org.glassfish.jersey.client.JerseyInvocation.lambda$invoke$0(JerseyInvocation.java:662) ~[jersey-client-3.1.5.jar:na]
	at org.glassfish.jersey.client.JerseyInvocation.call(JerseyInvocation.java:697) ~[jersey-client-3.1.5.jar:na]
	at org.glassfish.jersey.client.JerseyInvocation.lambda$runInScope$3(JerseyInvocation.java:691) ~[jersey-client-3.1.5.jar:na]
	at org.glassfish.jersey.internal.Errors.process(Errors.java:292) ~[jersey-common-3.1.5.jar:na]
	at org.glassfish.jersey.internal.Errors.process(Errors.java:274) ~[jersey-common-3.1.5.jar:na]
	at org.glassfish.jersey.internal.Errors.process(Errors.java:205) ~[jersey-common-3.1.5.jar:na]
	at org.glassfish.jersey.process.internal.RequestScope.runInScope(RequestScope.java:390) ~[jersey-common-3.1.5.jar:na]
	at org.glassfish.jersey.client.JerseyInvocation.runInScope(JerseyInvocation.java:691) ~[jersey-client-3.1.5.jar:na]
	at org.glassfish.jersey.client.JerseyInvocation.invoke(JerseyInvocation.java:661) ~[jersey-client-3.1.5.jar:na]
	at org.glassfish.jersey.client.JerseyInvocation$Builder.method(JerseyInvocation.java:439) ~[jersey-client-3.1.5.jar:na]
	at org.glassfish.jersey.client.JerseyInvocation$Builder.post(JerseyInvocation.java:345) ~[jersey-client-3.1.5.jar:na]
	at com.netflix.eureka.transport.Jersey3ReplicationClient.submitBatchUpdates(Jersey3ReplicationClient.java:116) ~[eureka-core-jersey3-2.0.1.jar:2.0.1]
	at com.netflix.eureka.cluster.ReplicationTaskProcessor.process(ReplicationTaskProcessor.java:80) ~[eureka-core-2.0.1.jar:2.0.1]
	at com.netflix.eureka.util.batcher.TaskExecutors$BatchWorkerRunnable.run(TaskExecutors.java:190) ~[eureka-core-2.0.1.jar:2.0.1]
	at java.base/java.lang.Thread.run(Thread.java:1583) ~[na:na]
Caused by: org.apache.http.conn.HttpHostConnectException: Connect to localhost:8761 [localhost/127.0.0.1] failed: Connection refused
	at org.apache.http.impl.conn.DefaultHttpClientConnectionOperator.connect(DefaultHttpClientConnectionOperator.java:159) ~[httpclient-4.5.3.jar:4.5.3]
	at org.apache.http.impl.conn.PoolingHttpClientConnectionManager.connect(PoolingHttpClientConnectionManager.java:359) ~[httpclient-4.5.3.jar:4.5.3]
	at org.apache.http.impl.execchain.MainClientExec.establishRoute(MainClientExec.java:381) ~[httpclient-4.5.3.jar:4.5.3]
	at org.apache.http.impl.execchain.MainClientExec.execute(MainClientExec.java:237) ~[httpclient-4.5.3.jar:4.5.3]
	at org.apache.http.impl.execchain.ProtocolExec.execute(ProtocolExec.java:185) ~[httpclient-4.5.3.jar:4.5.3]
	at org.apache.http.impl.execchain.RetryExec.execute(RetryExec.java:89) ~[httpclient-4.5.3.jar:4.5.3]
	at org.apache.http.impl.execchain.RedirectExec.execute(RedirectExec.java:111) ~[httpclient-4.5.3.jar:4.5.3]
	at org.apache.http.impl.client.InternalHttpClient.doExecute(InternalHttpClient.java:185) ~[httpclient-4.5.3.jar:4.5.3]
	at org.apache.http.impl.client.CloseableHttpClient.execute(CloseableHttpClient.java:72) ~[httpclient-4.5.3.jar:4.5.3]
	at org.glassfish.jersey.apache.connector.ApacheConnector.apply(ApacheConnector.java:483) ~[jersey-apache-connector-3.1.5.jar:na]
	... 16 common frames omitted
Caused by: java.net.ConnectException: Connection refused
	at java.base/sun.nio.ch.Net.pollConnect(Native Method) ~[na:na]
	at java.base/sun.nio.ch.Net.pollConnectNow(Net.java:694) ~[na:na]
	at java.base/sun.nio.ch.NioSocketImpl.timedFinishConnect(NioSocketImpl.java:542) ~[na:na]
	at java.base/sun.nio.ch.NioSocketImpl.connect(NioSocketImpl.java:592) ~[na:na]
	at java.base/java.net.SocksSocketImpl.connect(SocksSocketImpl.java:327) ~[na:na]
	at java.base/java.net.Socket.connect(Socket.java:751) ~[na:na]
	at org.apache.http.conn.socket.PlainConnectionSocketFactory.connectSocket(PlainConnectionSocketFactory.java:75) ~[httpclient-4.5.3.jar:4.5.3]
	at org.apache.http.impl.conn.DefaultHttpClientConnectionOperator.connect(DefaultHttpClientConnectionOperator.java:142) ~[httpclient-4.5.3.jar:4.5.3]
	... 25 common frames omitted

2026-04-04T00:48:14.619+05:30  INFO 99059 --- [eureka-server] [a-EvictionTimer] c.n.e.registry.AbstractInstanceRegistry  : Running the evict task with compensationTime 0ms
2026-04-04T00:48:23.208+05:30 ERROR 99059 --- [eureka-server] [get_localhost-9] c.n.e.cluster.ReplicationTaskProcessor   : Network level connection to peer localhost; retrying after delay

jakarta.ws.rs.ProcessingException: org.apache.http.conn.HttpHostConnectException: Connect to localhost:8761 [localhost/127.0.0.1] failed: Connection refused
	at org.glassfish.jersey.apache.connector.ApacheConnector.apply(ApacheConnector.java:531) ~[jersey-apache-connector-3.1.5.jar:na]
	at org.glassfish.jersey.client.ClientRuntime.invoke(ClientRuntime.java:300) ~[jersey-client-3.1.5.jar:na]
	at org.glassfish.jersey.client.JerseyInvocation.lambda$invoke$0(JerseyInvocation.java:662) ~[jersey-client-3.1.5.jar:na]
	at org.glassfish.jersey.client.JerseyInvocation.call(JerseyInvocation.java:697) ~[jersey-client-3.1.5.jar:na]
	at org.glassfish.jersey.client.JerseyInvocation.lambda$runInScope$3(JerseyInvocation.java:691) ~[jersey-client-3.1.5.jar:na]
	at org.glassfish.jersey.internal.Errors.process(Errors.java:292) ~[jersey-common-3.1.5.jar:na]
	at org.glassfish.jersey.internal.Errors.process(Errors.java:274) ~[jersey-common-3.1.5.jar:na]
	at org.glassfish.jersey.internal.Errors.process(Errors.java:205) ~[jersey-common-3.1.5.jar:na]
	at org.glassfish.jersey.process.internal.RequestScope.runInScope(RequestScope.java:390) ~[jersey-common-3.1.5.jar:na]
	at org.glassfish.jersey.client.JerseyInvocation.runInScope(JerseyInvocation.java:691) ~[jersey-client-3.1.5.jar:na]
	at org.glassfish.jersey.client.JerseyInvocation.invoke(JerseyInvocation.java:661) ~[jersey-client-3.1.5.jar:na]
	at org.glassfish.jersey.client.JerseyInvocation$Builder.method(JerseyInvocation.java:439) ~[jersey-client-3.1.5.jar:na]
	at org.glassfish.jersey.client.JerseyInvocation$Builder.post(JerseyInvocation.java:345) ~[jersey-client-3.1.5.jar:na]
	at com.netflix.eureka.transport.Jersey3ReplicationClient.submitBatchUpdates(Jersey3ReplicationClient.java:116) ~[eureka-core-jersey3-2.0.1.jar:2.0.1]
	at com.netflix.eureka.cluster.ReplicationTaskProcessor.process(ReplicationTaskProcessor.java:80) ~[eureka-core-2.0.1.jar:2.0.1]
	at com.netflix.eureka.util.batcher.TaskExecutors$BatchWorkerRunnable.run(TaskExecutors.java:190) ~[eureka-core-2.0.1.jar:2.0.1]
	at java.base/java.lang.Thread.run(Thread.java:1583) ~[na:na]
Caused by: org.apache.http.conn.HttpHostConnectException: Connect to localhost:8761 [localhost/127.0.0.1] failed: Connection refused
	at org.apache.http.impl.conn.DefaultHttpClientConnectionOperator.connect(DefaultHttpClientConnectionOperator.java:159) ~[httpclient-4.5.3.jar:4.5.3]
	at org.apache.http.impl.conn.PoolingHttpClientConnectionManager.connect(PoolingHttpClientConnectionManager.java:359) ~[httpclient-4.5.3.jar:4.5.3]
	at org.apache.http.impl.execchain.MainClientExec.establishRoute(MainClientExec.java:381) ~[httpclient-4.5.3.jar:4.5.3]
	at org.apache.http.impl.execchain.MainClientExec.execute(MainClientExec.java:237) ~[httpclient-4.5.3.jar:4.5.3]
	at org.apache.http.impl.execchain.ProtocolExec.execute(ProtocolExec.java:185) ~[httpclient-4.5.3.jar:4.5.3]
	at org.apache.http.impl.execchain.RetryExec.execute(RetryExec.java:89) ~[httpclient-4.5.3.jar:4.5.3]
	at org.apache.http.impl.execchain.RedirectExec.execute(RedirectExec.java:111) ~[httpclient-4.5.3.jar:4.5.3]
	at org.apache.http.impl.client.InternalHttpClient.doExecute(InternalHttpClient.java:185) ~[httpclient-4.5.3.jar:4.5.3]
	at org.apache.http.impl.client.CloseableHttpClient.execute(CloseableHttpClient.java:72) ~[httpclient-4.5.3.jar:4.5.3]
	at org.glassfish.jersey.apache.connector.ApacheConnector.apply(ApacheConnector.java:483) ~[jersey-apache-connector-3.1.5.jar:na]
	... 16 common frames omitted
Caused by: java.net.ConnectException: Connection refused
	at java.base/sun.nio.ch.Net.pollConnect(Native Method) ~[na:na]
	at java.base/sun.nio.ch.Net.pollConnectNow(Net.java:694) ~[na:na]
	at java.base/sun.nio.ch.NioSocketImpl.timedFinishConnect(NioSocketImpl.java:542) ~[na:na]
	at java.base/sun.nio.ch.NioSocketImpl.connect(NioSocketImpl.java:592) ~[na:na]
	at java.base/java.net.SocksSocketImpl.connect(SocksSocketImpl.java:327) ~[na:na]
	at java.base/java.net.Socket.connect(Socket.java:751) ~[na:na]
	at org.apache.http.conn.socket.PlainConnectionSocketFactory.connectSocket(PlainConnectionSocketFactory.java:75) ~[httpclient-4.5.3.jar:4.5.3]
	at org.apache.http.impl.conn.DefaultHttpClientConnectionOperator.connect(DefaultHttpClientConnectionOperator.java:142) ~[httpclient-4.5.3.jar:4.5.3]
	... 25 common frames omitted

2026-04-04T00:48:33.228+05:30 ERROR 99059 --- [eureka-server] [get_localhost-6] c.n.e.cluster.ReplicationTaskProcessor   : Network level connection to peer localhost; retrying after delay

jakarta.ws.rs.ProcessingException: org.apache.http.conn.HttpHostConnectException: Connect to localhost:8761 [localhost/127.0.0.1] failed: Connection refused
	at org.glassfish.jersey.apache.connector.ApacheConnector.apply(ApacheConnector.java:531) ~[jersey-apache-connector-3.1.5.jar:na]
	at org.glassfish.jersey.client.ClientRuntime.invoke(ClientRuntime.java:300) ~[jersey-client-3.1.5.jar:na]
	at org.glassfish.jersey.client.JerseyInvocation.lambda$invoke$0(JerseyInvocation.java:662) ~[jersey-client-3.1.5.jar:na]
	at org.glassfish.jersey.client.JerseyInvocation.call(JerseyInvocation.java:697) ~[jersey-client-3.1.5.jar:na]
	at org.glassfish.jersey.client.JerseyInvocation.lambda$runInScope$3(JerseyInvocation.java:691) ~[jersey-client-3.1.5.jar:na]
	at org.glassfish.jersey.internal.Errors.process(Errors.java:292) ~[jersey-common-3.1.5.jar:na]
	at org.glassfish.jersey.internal.Errors.process(Errors.java:274) ~[jersey-common-3.1.5.jar:na]
	at org.glassfish.jersey.internal.Errors.process(Errors.java:205) ~[jersey-common-3.1.5.jar:na]
	at org.glassfish.jersey.process.internal.RequestScope.runInScope(RequestScope.java:390) ~[jersey-common-3.1.5.jar:na]
	at org.glassfish.jersey.client.JerseyInvocation.runInScope(JerseyInvocation.java:691) ~[jersey-client-3.1.5.jar:na]
	at org.glassfish.jersey.client.JerseyInvocation.invoke(JerseyInvocation.java:661) ~[jersey-client-3.1.5.jar:na]
	at org.glassfish.jersey.client.JerseyInvocation$Builder.method(JerseyInvocation.java:439) ~[jersey-client-3.1.5.jar:na]
	at org.glassfish.jersey.client.JerseyInvocation$Builder.post(JerseyInvocation.java:345) ~[jersey-client-3.1.5.jar:na]
	at com.netflix.eureka.transport.Jersey3ReplicationClient.submitBatchUpdates(Jersey3ReplicationClient.java:116) ~[eureka-core-jersey3-2.0.1.jar:2.0.1]
	at com.netflix.eureka.cluster.ReplicationTaskProcessor.process(ReplicationTaskProcessor.java:80) ~[eureka-core-2.0.1.jar:2.0.1]
	at com.netflix.eureka.util.batcher.TaskExecutors$BatchWorkerRunnable.run(TaskExecutors.java:190) ~[eureka-core-2.0.1.jar:2.0.1]
	at java.base/java.lang.Thread.run(Thread.java:1583) ~[na:na]
Caused by: org.apache.http.conn.HttpHostConnectException: Connect to localhost:8761 [localhost/127.0.0.1] failed: Connection refused
	at org.apache.http.impl.conn.DefaultHttpClientConnectionOperator.connect(DefaultHttpClientConnectionOperator.java:159) ~[httpclient-4.5.3.jar:4.5.3]
	at org.apache.http.impl.conn.PoolingHttpClientConnectionManager.connect(PoolingHttpClientConnectionManager.java:359) ~[httpclient-4.5.3.jar:4.5.3]
	at org.apache.http.impl.execchain.MainClientExec.establishRoute(MainClientExec.java:381) ~[httpclient-4.5.3.jar:4.5.3]
	at org.apache.http.impl.execchain.MainClientExec.execute(MainClientExec.java:237) ~[httpclient-4.5.3.jar:4.5.3]
	at org.apache.http.impl.execchain.ProtocolExec.execute(ProtocolExec.java:185) ~[httpclient-4.5.3.jar:4.5.3]
	at org.apache.http.impl.execchain.RetryExec.execute(RetryExec.java:89) ~[httpclient-4.5.3.jar:4.5.3]
	at org.apache.http.impl.execchain.RedirectExec.execute(RedirectExec.java:111) ~[httpclient-4.5.3.jar:4.5.3]
	at org.apache.http.impl.client.InternalHttpClient.doExecute(InternalHttpClient.java:185) ~[httpclient-4.5.3.jar:4.5.3]
	at org.apache.http.impl.client.CloseableHttpClient.execute(CloseableHttpClient.java:72) ~[httpclient-4.5.3.jar:4.5.3]
	at org.glassfish.jersey.apache.connector.ApacheConnector.apply(ApacheConnector.java:483) ~[jersey-apache-connector-3.1.5.jar:na]
	... 16 common frames omitted
Caused by: java.net.ConnectException: Connection refused
	at java.base/sun.nio.ch.Net.pollConnect(Native Method) ~[na:na]
	at java.base/sun.nio.ch.Net.pollConnectNow(Net.java:694) ~[na:na]
	at java.base/sun.nio.ch.NioSocketImpl.timedFinishConnect(NioSocketImpl.java:542) ~[na:na]
	at java.base/sun.nio.ch.NioSocketImpl.connect(NioSocketImpl.java:592) ~[na:na]
	at java.base/java.net.SocksSocketImpl.connect(SocksSocketImpl.java:327) ~[na:na]
	at java.base/java.net.Socket.connect(Socket.java:751) ~[na:na]
	at org.apache.http.conn.socket.PlainConnectionSocketFactory.connectSocket(PlainConnectionSocketFactory.java:75) ~[httpclient-4.5.3.jar:4.5.3]
	at org.apache.http.impl.conn.DefaultHttpClientConnectionOperator.connect(DefaultHttpClientConnectionOperator.java:142) ~[httpclient-4.5.3.jar:4.5.3]
	... 25 common frames omitted

2026-04-04T00:48:43.306+05:30 ERROR 99059 --- [eureka-server] [et_localhost-15] c.n.e.cluster.ReplicationTaskProcessor   : Network level connection to peer localhost; retrying after delay

jakarta.ws.rs.ProcessingException: org.apache.http.conn.HttpHostConnectException: Connect to localhost:8761 [localhost/127.0.0.1] failed: Connection refused
	at org.glassfish.jersey.apache.connector.ApacheConnector.apply(ApacheConnector.java:531) ~[jersey-apache-connector-3.1.5.jar:na]
	at org.glassfish.jersey.client.ClientRuntime.invoke(ClientRuntime.java:300) ~[jersey-client-3.1.5.jar:na]
	at org.glassfish.jersey.client.JerseyInvocation.lambda$invoke$0(JerseyInvocation.java:662) ~[jersey-client-3.1.5.jar:na]
	at org.glassfish.jersey.client.JerseyInvocation.call(JerseyInvocation.java:697) ~[jersey-client-3.1.5.jar:na]
	at org.glassfish.jersey.client.JerseyInvocation.lambda$runInScope$3(JerseyInvocation.java:691) ~[jersey-client-3.1.5.jar:na]
	at org.glassfish.jersey.internal.Errors.process(Errors.java:292) ~[jersey-common-3.1.5.jar:na]
	at org.glassfish.jersey.internal.Errors.process(Errors.java:274) ~[jersey-common-3.1.5.jar:na]
	at org.glassfish.jersey.internal.Errors.process(Errors.java:205) ~[jersey-common-3.1.5.jar:na]
	at org.glassfish.jersey.process.internal.RequestScope.runInScope(RequestScope.java:390) ~[jersey-common-3.1.5.jar:na]
	at org.glassfish.jersey.client.JerseyInvocation.runInScope(JerseyInvocation.java:691) ~[jersey-client-3.1.5.jar:na]
	at org.glassfish.jersey.client.JerseyInvocation.invoke(JerseyInvocation.java:661) ~[jersey-client-3.1.5.jar:na]
	at org.glassfish.jersey.client.JerseyInvocation$Builder.method(JerseyInvocation.java:439) ~[jersey-client-3.1.5.jar:na]
	at org.glassfish.jersey.client.JerseyInvocation$Builder.post(JerseyInvocation.java:345) ~[jersey-client-3.1.5.jar:na]
	at com.netflix.eureka.transport.Jersey3ReplicationClient.submitBatchUpdates(Jersey3ReplicationClient.java:116) ~[eureka-core-jersey3-2.0.1.jar:2.0.1]
	at com.netflix.eureka.cluster.ReplicationTaskProcessor.process(ReplicationTaskProcessor.java:80) ~[eureka-core-2.0.1.jar:2.0.1]
	at com.netflix.eureka.util.batcher.TaskExecutors$BatchWorkerRunnable.run(TaskExecutors.java:190) ~[eureka-core-2.0.1.jar:2.0.1]
	at java.base/java.lang.Thread.run(Thread.java:1583) ~[na:na]
Caused by: org.apache.http.conn.HttpHostConnectException: Connect to localhost:8761 [localhost/127.0.0.1] failed: Connection refused
	at org.apache.http.impl.conn.DefaultHttpClientConnectionOperator.connect(DefaultHttpClientConnectionOperator.java:159) ~[httpclient-4.5.3.jar:4.5.3]
	at org.apache.http.impl.conn.PoolingHttpClientConnectionManager.connect(PoolingHttpClientConnectionManager.java:359) ~[httpclient-4.5.3.jar:4.5.3]
	at org.apache.http.impl.execchain.MainClientExec.establishRoute(MainClientExec.java:381) ~[httpclient-4.5.3.jar:4.5.3]
	at org.apache.http.impl.execchain.MainClientExec.execute(MainClientExec.java:237) ~[httpclient-4.5.3.jar:4.5.3]
	at org.apache.http.impl.execchain.ProtocolExec.execute(ProtocolExec.java:185) ~[httpclient-4.5.3.jar:4.5.3]
	at org.apache.http.impl.execchain.RetryExec.execute(RetryExec.java:89) ~[httpclient-4.5.3.jar:4.5.3]
	at org.apache.http.impl.execchain.RedirectExec.execute(RedirectExec.java:111) ~[httpclient-4.5.3.jar:4.5.3]
	at org.apache.http.impl.client.InternalHttpClient.doExecute(InternalHttpClient.java:185) ~[httpclient-4.5.3.jar:4.5.3]
	at org.apache.http.impl.client.CloseableHttpClient.execute(CloseableHttpClient.java:72) ~[httpclient-4.5.3.jar:4.5.3]
	at org.glassfish.jersey.apache.connector.ApacheConnector.apply(ApacheConnector.java:483) ~[jersey-apache-connector-3.1.5.jar:na]
	... 16 common frames omitted
Caused by: java.net.ConnectException: Connection refused
	at java.base/sun.nio.ch.Net.pollConnect(Native Method) ~[na:na]
	at java.base/sun.nio.ch.Net.pollConnectNow(Net.java:694) ~[na:na]
	at java.base/sun.nio.ch.NioSocketImpl.timedFinishConnect(NioSocketImpl.java:542) ~[na:na]
	at java.base/sun.nio.ch.NioSocketImpl.connect(NioSocketImpl.java:592) ~[na:na]
	at java.base/java.net.SocksSocketImpl.connect(SocksSocketImpl.java:327) ~[na:na]
	at java.base/java.net.Socket.connect(Socket.java:751) ~[na:na]
	at org.apache.http.conn.socket.PlainConnectionSocketFactory.connectSocket(PlainConnectionSocketFactory.java:75) ~[httpclient-4.5.3.jar:4.5.3]
	at org.apache.http.impl.conn.DefaultHttpClientConnectionOperator.connect(DefaultHttpClientConnectionOperator.java:142) ~[httpclient-4.5.3.jar:4.5.3]
	... 25 common frames omitted

2026-04-04T00:48:53.331+05:30 ERROR 99059 --- [eureka-server] [et_localhost-18] c.n.e.cluster.ReplicationTaskProcessor   : Network level connection to peer localhost; retrying after delay

jakarta.ws.rs.ProcessingException: org.apache.http.conn.HttpHostConnectException: Connect to localhost:8761 [localhost/127.0.0.1] failed: Connection refused
	at org.glassfish.jersey.apache.connector.ApacheConnector.apply(ApacheConnector.java:531) ~[jersey-apache-connector-3.1.5.jar:na]
	at org.glassfish.jersey.client.ClientRuntime.invoke(ClientRuntime.java:300) ~[jersey-client-3.1.5.jar:na]
	at org.glassfish.jersey.client.JerseyInvocation.lambda$invoke$0(JerseyInvocation.java:662) ~[jersey-client-3.1.5.jar:na]
	at org.glassfish.jersey.client.JerseyInvocation.call(JerseyInvocation.java:697) ~[jersey-client-3.1.5.jar:na]
	at org.glassfish.jersey.client.JerseyInvocation.lambda$runInScope$3(JerseyInvocation.java:691) ~[jersey-client-3.1.5.jar:na]
	at org.glassfish.jersey.internal.Errors.process(Errors.java:292) ~[jersey-common-3.1.5.jar:na]
	at org.glassfish.jersey.internal.Errors.process(Errors.java:274) ~[jersey-common-3.1.5.jar:na]
	at org.glassfish.jersey.internal.Errors.process(Errors.java:205) ~[jersey-common-3.1.5.jar:na]
	at org.glassfish.jersey.process.internal.RequestScope.runInScope(RequestScope.java:390) ~[jersey-common-3.1.5.jar:na]
	at org.glassfish.jersey.client.JerseyInvocation.runInScope(JerseyInvocation.java:691) ~[jersey-client-3.1.5.jar:na]
	at org.glassfish.jersey.client.JerseyInvocation.invoke(JerseyInvocation.java:661) ~[jersey-client-3.1.5.jar:na]
	at org.glassfish.jersey.client.JerseyInvocation$Builder.method(JerseyInvocation.java:439) ~[jersey-client-3.1.5.jar:na]
	at org.glassfish.jersey.client.JerseyInvocation$Builder.post(JerseyInvocation.java:345) ~[jersey-client-3.1.5.jar:na]
	at com.netflix.eureka.transport.Jersey3ReplicationClient.submitBatchUpdates(Jersey3ReplicationClient.java:116) ~[eureka-core-jersey3-2.0.1.jar:2.0.1]
	at com.netflix.eureka.cluster.ReplicationTaskProcessor.process(ReplicationTaskProcessor.java:80) ~[eureka-core-2.0.1.jar:2.0.1]
	at com.netflix.eureka.util.batcher.TaskExecutors$BatchWorkerRunnable.run(TaskExecutors.java:190) ~[eureka-core-2.0.1.jar:2.0.1]
	at java.base/java.lang.Thread.run(Thread.java:1583) ~[na:na]
Caused by: org.apache.http.conn.HttpHostConnectException: Connect to localhost:8761 [localhost/127.0.0.1] failed: Connection refused
	at org.apache.http.impl.conn.DefaultHttpClientConnectionOperator.connect(DefaultHttpClientConnectionOperator.java:159) ~[httpclient-4.5.3.jar:4.5.3]
	at org.apache.http.impl.conn.PoolingHttpClientConnectionManager.connect(PoolingHttpClientConnectionManager.java:359) ~[httpclient-4.5.3.jar:4.5.3]
	at org.apache.http.impl.execchain.MainClientExec.establishRoute(MainClientExec.java:381) ~[httpclient-4.5.3.jar:4.5.3]
	at org.apache.http.impl.execchain.MainClientExec.execute(MainClientExec.java:237) ~[httpclient-4.5.3.jar:4.5.3]
	at org.apache.http.impl.execchain.ProtocolExec.execute(ProtocolExec.java:185) ~[httpclient-4.5.3.jar:4.5.3]
	at org.apache.http.impl.execchain.RetryExec.execute(RetryExec.java:89) ~[httpclient-4.5.3.jar:4.5.3]
	at org.apache.http.impl.execchain.RedirectExec.execute(RedirectExec.java:111) ~[httpclient-4.5.3.jar:4.5.3]
	at org.apache.http.impl.client.InternalHttpClient.doExecute(InternalHttpClient.java:185) ~[httpclient-4.5.3.jar:4.5.3]
	at org.apache.http.impl.client.CloseableHttpClient.execute(CloseableHttpClient.java:72) ~[httpclient-4.5.3.jar:4.5.3]
	at org.glassfish.jersey.apache.connector.ApacheConnector.apply(ApacheConnector.java:483) ~[jersey-apache-connector-3.1.5.jar:na]
	... 16 common frames omitted
Caused by: java.net.ConnectException: Connection refused
	at java.base/sun.nio.ch.Net.pollConnect(Native Method) ~[na:na]
	at java.base/sun.nio.ch.Net.pollConnectNow(Net.java:694) ~[na:na]
	at java.base/sun.nio.ch.NioSocketImpl.timedFinishConnect(NioSocketImpl.java:542) ~[na:na]
	at java.base/sun.nio.ch.NioSocketImpl.connect(NioSocketImpl.java:592) ~[na:na]
	at java.base/java.net.SocksSocketImpl.connect(SocksSocketImpl.java:327) ~[na:na]
	at java.base/java.net.Socket.connect(Socket.java:751) ~[na:na]
	at org.apache.http.conn.socket.PlainConnectionSocketFactory.connectSocket(PlainConnectionSocketFactory.java:75) ~[httpclient-4.5.3.jar:4.5.3]
	at org.apache.http.impl.conn.DefaultHttpClientConnectionOperator.connect(DefaultHttpClientConnectionOperator.java:142) ~[httpclient-4.5.3.jar:4.5.3]
	... 25 common frames omitted

2026-04-04T00:49:03.350+05:30 ERROR 99059 --- [eureka-server] [et_localhost-16] c.n.e.cluster.ReplicationTaskProcessor   : Network level connection to peer localhost; retrying after delay

jakarta.ws.rs.ProcessingException: org.apache.http.conn.HttpHostConnectException: Connect to localhost:8761 [localhost/127.0.0.1] failed: Connection refused
	at org.glassfish.jersey.apache.connector.ApacheConnector.apply(ApacheConnector.java:531) ~[jersey-apache-connector-3.1.5.jar:na]
	at org.glassfish.jersey.client.ClientRuntime.invoke(ClientRuntime.java:300) ~[jersey-client-3.1.5.jar:na]
	at org.glassfish.jersey.client.JerseyInvocation.lambda$invoke$0(JerseyInvocation.java:662) ~[jersey-client-3.1.5.jar:na]
	at org.glassfish.jersey.client.JerseyInvocation.call(JerseyInvocation.java:697) ~[jersey-client-3.1.5.jar:na]
	at org.glassfish.jersey.client.JerseyInvocation.lambda$runInScope$3(JerseyInvocation.java:691) ~[jersey-client-3.1.5.jar:na]
	at org.glassfish.jersey.internal.Errors.process(Errors.java:292) ~[jersey-common-3.1.5.jar:na]
	at org.glassfish.jersey.internal.Errors.process(Errors.java:274) ~[jersey-common-3.1.5.jar:na]
	at org.glassfish.jersey.internal.Errors.process(Errors.java:205) ~[jersey-common-3.1.5.jar:na]
	at org.glassfish.jersey.process.internal.RequestScope.runInScope(RequestScope.java:390) ~[jersey-common-3.1.5.jar:na]
	at org.glassfish.jersey.client.JerseyInvocation.runInScope(JerseyInvocation.java:691) ~[jersey-client-3.1.5.jar:na]
	at org.glassfish.jersey.client.JerseyInvocation.invoke(JerseyInvocation.java:661) ~[jersey-client-3.1.5.jar:na]
	at org.glassfish.jersey.client.JerseyInvocation$Builder.method(JerseyInvocation.java:439) ~[jersey-client-3.1.5.jar:na]
	at org.glassfish.jersey.client.JerseyInvocation$Builder.post(JerseyInvocation.java:345) ~[jersey-client-3.1.5.jar:na]
	at com.netflix.eureka.transport.Jersey3ReplicationClient.submitBatchUpdates(Jersey3ReplicationClient.java:116) ~[eureka-core-jersey3-2.0.1.jar:2.0.1]
	at com.netflix.eureka.cluster.ReplicationTaskProcessor.process(ReplicationTaskProcessor.java:80) ~[eureka-core-2.0.1.jar:2.0.1]
	at com.netflix.eureka.util.batcher.TaskExecutors$BatchWorkerRunnable.run(TaskExecutors.java:190) ~[eureka-core-2.0.1.jar:2.0.1]
	at java.base/java.lang.Thread.run(Thread.java:1583) ~[na:na]
Caused by: org.apache.http.conn.HttpHostConnectException: Connect to localhost:8761 [localhost/127.0.0.1] failed: Connection refused
	at org.apache.http.impl.conn.DefaultHttpClientConnectionOperator.connect(DefaultHttpClientConnectionOperator.java:159) ~[httpclient-4.5.3.jar:4.5.3]
	at org.apache.http.impl.conn.PoolingHttpClientConnectionManager.connect(PoolingHttpClientConnectionManager.java:359) ~[httpclient-4.5.3.jar:4.5.3]
	at org.apache.http.impl.execchain.MainClientExec.establishRoute(MainClientExec.java:381) ~[httpclient-4.5.3.jar:4.5.3]
	at org.apache.http.impl.execchain.MainClientExec.execute(MainClientExec.java:237) ~[httpclient-4.5.3.jar:4.5.3]
	at org.apache.http.impl.execchain.ProtocolExec.execute(ProtocolExec.java:185) ~[httpclient-4.5.3.jar:4.5.3]
	at org.apache.http.impl.execchain.RetryExec.execute(RetryExec.java:89) ~[httpclient-4.5.3.jar:4.5.3]
	at org.apache.http.impl.execchain.RedirectExec.execute(RedirectExec.java:111) ~[httpclient-4.5.3.jar:4.5.3]
	at org.apache.http.impl.client.InternalHttpClient.doExecute(InternalHttpClient.java:185) ~[httpclient-4.5.3.jar:4.5.3]
	at org.apache.http.impl.client.CloseableHttpClient.execute(CloseableHttpClient.java:72) ~[httpclient-4.5.3.jar:4.5.3]
	at org.glassfish.jersey.apache.connector.ApacheConnector.apply(ApacheConnector.java:483) ~[jersey-apache-connector-3.1.5.jar:na]
	... 16 common frames omitted
Caused by: java.net.ConnectException: Connection refused
	at java.base/sun.nio.ch.Net.pollConnect(Native Method) ~[na:na]
	at java.base/sun.nio.ch.Net.pollConnectNow(Net.java:694) ~[na:na]
	at java.base/sun.nio.ch.NioSocketImpl.timedFinishConnect(NioSocketImpl.java:542) ~[na:na]
	at java.base/sun.nio.ch.NioSocketImpl.connect(NioSocketImpl.java:592) ~[na:na]
	at java.base/java.net.SocksSocketImpl.connect(SocksSocketImpl.java:327) ~[na:na]
	at java.base/java.net.Socket.connect(Socket.java:751) ~[na:na]
	at org.apache.http.conn.socket.PlainConnectionSocketFactory.connectSocket(PlainConnectionSocketFactory.java:75) ~[httpclient-4.5.3.jar:4.5.3]
	at org.apache.http.impl.conn.DefaultHttpClientConnectionOperator.connect(DefaultHttpClientConnectionOperator.java:142) ~[httpclient-4.5.3.jar:4.5.3]
	... 25 common frames omitted

2026-04-04T00:49:13.413+05:30 ERROR 99059 --- [eureka-server] [et_localhost-19] c.n.e.cluster.ReplicationTaskProcessor   : Network level connection to peer localhost; retrying after delay

jakarta.ws.rs.ProcessingException: org.apache.http.conn.HttpHostConnectException: Connect to localhost:8761 [localhost/127.0.0.1] failed: Connection refused
	at org.glassfish.jersey.apache.connector.ApacheConnector.apply(ApacheConnector.java:531) ~[jersey-apache-connector-3.1.5.jar:na]
	at org.glassfish.jersey.client.ClientRuntime.invoke(ClientRuntime.java:300) ~[jersey-client-3.1.5.jar:na]
	at org.glassfish.jersey.client.JerseyInvocation.lambda$invoke$0(JerseyInvocation.java:662) ~[jersey-client-3.1.5.jar:na]
	at org.glassfish.jersey.client.JerseyInvocation.call(JerseyInvocation.java:697) ~[jersey-client-3.1.5.jar:na]
	at org.glassfish.jersey.client.JerseyInvocation.lambda$runInScope$3(JerseyInvocation.java:691) ~[jersey-client-3.1.5.jar:na]
	at org.glassfish.jersey.internal.Errors.process(Errors.java:292) ~[jersey-common-3.1.5.jar:na]
	at org.glassfish.jersey.internal.Errors.process(Errors.java:274) ~[jersey-common-3.1.5.jar:na]
	at org.glassfish.jersey.internal.Errors.process(Errors.java:205) ~[jersey-common-3.1.5.jar:na]
	at org.glassfish.jersey.process.internal.RequestScope.runInScope(RequestScope.java:390) ~[jersey-common-3.1.5.jar:na]
	at org.glassfish.jersey.client.JerseyInvocation.runInScope(JerseyInvocation.java:691) ~[jersey-client-3.1.5.jar:na]
	at org.glassfish.jersey.client.JerseyInvocation.invoke(JerseyInvocation.java:661) ~[jersey-client-3.1.5.jar:na]
	at org.glassfish.jersey.client.JerseyInvocation$Builder.method(JerseyInvocation.java:439) ~[jersey-client-3.1.5.jar:na]
	at org.glassfish.jersey.client.JerseyInvocation$Builder.post(JerseyInvocation.java:345) ~[jersey-client-3.1.5.jar:na]
	at com.netflix.eureka.transport.Jersey3ReplicationClient.submitBatchUpdates(Jersey3ReplicationClient.java:116) ~[eureka-core-jersey3-2.0.1.jar:2.0.1]
	at com.netflix.eureka.cluster.ReplicationTaskProcessor.process(ReplicationTaskProcessor.java:80) ~[eureka-core-2.0.1.jar:2.0.1]
	at com.netflix.eureka.util.batcher.TaskExecutors$BatchWorkerRunnable.run(TaskExecutors.java:190) ~[eureka-core-2.0.1.jar:2.0.1]
	at java.base/java.lang.Thread.run(Thread.java:1583) ~[na:na]
Caused by: org.apache.http.conn.HttpHostConnectException: Connect to localhost:8761 [localhost/127.0.0.1] failed: Connection refused
	at org.apache.http.impl.conn.DefaultHttpClientConnectionOperator.connect(DefaultHttpClientConnectionOperator.java:159) ~[httpclient-4.5.3.jar:4.5.3]
	at org.apache.http.impl.conn.PoolingHttpClientConnectionManager.connect(PoolingHttpClientConnectionManager.java:359) ~[httpclient-4.5.3.jar:4.5.3]
	at org.apache.http.impl.execchain.MainClientExec.establishRoute(MainClientExec.java:381) ~[httpclient-4.5.3.jar:4.5.3]
	at org.apache.http.impl.execchain.MainClientExec.execute(MainClientExec.java:237) ~[httpclient-4.5.3.jar:4.5.3]
	at org.apache.http.impl.execchain.ProtocolExec.execute(ProtocolExec.java:185) ~[httpclient-4.5.3.jar:4.5.3]
	at org.apache.http.impl.execchain.RetryExec.execute(RetryExec.java:89) ~[httpclient-4.5.3.jar:4.5.3]
	at org.apache.http.impl.execchain.RedirectExec.execute(RedirectExec.java:111) ~[httpclient-4.5.3.jar:4.5.3]
	at org.apache.http.impl.client.InternalHttpClient.doExecute(InternalHttpClient.java:185) ~[httpclient-4.5.3.jar:4.5.3]
	at org.apache.http.impl.client.CloseableHttpClient.execute(CloseableHttpClient.java:72) ~[httpclient-4.5.3.jar:4.5.3]
	at org.glassfish.jersey.apache.connector.ApacheConnector.apply(ApacheConnector.java:483) ~[jersey-apache-connector-3.1.5.jar:na]
	... 16 common frames omitted
Caused by: java.net.ConnectException: Connection refused
	at java.base/sun.nio.ch.Net.pollConnect(Native Method) ~[na:na]
	at java.base/sun.nio.ch.Net.pollConnectNow(Net.java:694) ~[na:na]
	at java.base/sun.nio.ch.NioSocketImpl.timedFinishConnect(NioSocketImpl.java:542) ~[na:na]
	at java.base/sun.nio.ch.NioSocketImpl.connect(NioSocketImpl.java:592) ~[na:na]
	at java.base/java.net.SocksSocketImpl.connect(SocksSocketImpl.java:327) ~[na:na]
	at java.base/java.net.Socket.connect(Socket.java:751) ~[na:na]
	at org.apache.http.conn.socket.PlainConnectionSocketFactory.connectSocket(PlainConnectionSocketFactory.java:75) ~[httpclient-4.5.3.jar:4.5.3]
	at org.apache.http.impl.conn.DefaultHttpClientConnectionOperator.connect(DefaultHttpClientConnectionOperator.java:142) ~[httpclient-4.5.3.jar:4.5.3]
	... 25 common frames omitted

2026-04-04T00:49:14.619+05:30  INFO 99059 --- [eureka-server] [a-EvictionTimer] c.n.e.registry.AbstractInstanceRegistry  : Running the evict task with compensationTime 0ms
2026-04-04T00:49:23.433+05:30 ERROR 99059 --- [eureka-server] [et_localhost-14] c.n.e.cluster.ReplicationTaskProcessor   : Network level connection to peer localhost; retrying after delay

jakarta.ws.rs.ProcessingException: org.apache.http.conn.HttpHostConnectException: Connect to localhost:8761 [localhost/127.0.0.1] failed: Connection refused
	at org.glassfish.jersey.apache.connector.ApacheConnector.apply(ApacheConnector.java:531) ~[jersey-apache-connector-3.1.5.jar:na]
	at org.glassfish.jersey.client.ClientRuntime.invoke(ClientRuntime.java:300) ~[jersey-client-3.1.5.jar:na]
	at org.glassfish.jersey.client.JerseyInvocation.lambda$invoke$0(JerseyInvocation.java:662) ~[jersey-client-3.1.5.jar:na]
	at org.glassfish.jersey.client.JerseyInvocation.call(JerseyInvocation.java:697) ~[jersey-client-3.1.5.jar:na]
	at org.glassfish.jersey.client.JerseyInvocation.lambda$runInScope$3(JerseyInvocation.java:691) ~[jersey-client-3.1.5.jar:na]
	at org.glassfish.jersey.internal.Errors.process(Errors.java:292) ~[jersey-common-3.1.5.jar:na]
	at org.glassfish.jersey.internal.Errors.process(Errors.java:274) ~[jersey-common-3.1.5.jar:na]
	at org.glassfish.jersey.internal.Errors.process(Errors.java:205) ~[jersey-common-3.1.5.jar:na]
	at org.glassfish.jersey.process.internal.RequestScope.runInScope(RequestScope.java:390) ~[jersey-common-3.1.5.jar:na]
	at org.glassfish.jersey.client.JerseyInvocation.runInScope(JerseyInvocation.java:691) ~[jersey-client-3.1.5.jar:na]
	at org.glassfish.jersey.client.JerseyInvocation.invoke(JerseyInvocation.java:661) ~[jersey-client-3.1.5.jar:na]
	at org.glassfish.jersey.client.JerseyInvocation$Builder.method(JerseyInvocation.java:439) ~[jersey-client-3.1.5.jar:na]
	at org.glassfish.jersey.client.JerseyInvocation$Builder.post(JerseyInvocation.java:345) ~[jersey-client-3.1.5.jar:na]
	at com.netflix.eureka.transport.Jersey3ReplicationClient.submitBatchUpdates(Jersey3ReplicationClient.java:116) ~[eureka-core-jersey3-2.0.1.jar:2.0.1]
	at com.netflix.eureka.cluster.ReplicationTaskProcessor.process(ReplicationTaskProcessor.java:80) ~[eureka-core-2.0.1.jar:2.0.1]
	at com.netflix.eureka.util.batcher.TaskExecutors$BatchWorkerRunnable.run(TaskExecutors.java:190) ~[eureka-core-2.0.1.jar:2.0.1]
	at java.base/java.lang.Thread.run(Thread.java:1583) ~[na:na]
Caused by: org.apache.http.conn.HttpHostConnectException: Connect to localhost:8761 [localhost/127.0.0.1] failed: Connection refused
	at org.apache.http.impl.conn.DefaultHttpClientConnectionOperator.connect(DefaultHttpClientConnectionOperator.java:159) ~[httpclient-4.5.3.jar:4.5.3]
	at org.apache.http.impl.conn.PoolingHttpClientConnectionManager.connect(PoolingHttpClientConnectionManager.java:359) ~[httpclient-4.5.3.jar:4.5.3]
	at org.apache.http.impl.execchain.MainClientExec.establishRoute(MainClientExec.java:381) ~[httpclient-4.5.3.jar:4.5.3]
	at org.apache.http.impl.execchain.MainClientExec.execute(MainClientExec.java:237) ~[httpclient-4.5.3.jar:4.5.3]
	at org.apache.http.impl.execchain.ProtocolExec.execute(ProtocolExec.java:185) ~[httpclient-4.5.3.jar:4.5.3]
	at org.apache.http.impl.execchain.RetryExec.execute(RetryExec.java:89) ~[httpclient-4.5.3.jar:4.5.3]
	at org.apache.http.impl.execchain.RedirectExec.execute(RedirectExec.java:111) ~[httpclient-4.5.3.jar:4.5.3]
	at org.apache.http.impl.client.InternalHttpClient.doExecute(InternalHttpClient.java:185) ~[httpclient-4.5.3.jar:4.5.3]
	at org.apache.http.impl.client.CloseableHttpClient.execute(CloseableHttpClient.java:72) ~[httpclient-4.5.3.jar:4.5.3]
	at org.glassfish.jersey.apache.connector.ApacheConnector.apply(ApacheConnector.java:483) ~[jersey-apache-connector-3.1.5.jar:na]
	... 16 common frames omitted
Caused by: java.net.ConnectException: Connection refused
	at java.base/sun.nio.ch.Net.pollConnect(Native Method) ~[na:na]
	at java.base/sun.nio.ch.Net.pollConnectNow(Net.java:694) ~[na:na]
	at java.base/sun.nio.ch.NioSocketImpl.timedFinishConnect(NioSocketImpl.java:542) ~[na:na]
	at java.base/sun.nio.ch.NioSocketImpl.connect(NioSocketImpl.java:592) ~[na:na]
	at java.base/java.net.SocksSocketImpl.connect(SocksSocketImpl.java:327) ~[na:na]
	at java.base/java.net.Socket.connect(Socket.java:751) ~[na:na]
	at org.apache.http.conn.socket.PlainConnectionSocketFactory.connectSocket(PlainConnectionSocketFactory.java:75) ~[httpclient-4.5.3.jar:4.5.3]
	at org.apache.http.impl.conn.DefaultHttpClientConnectionOperator.connect(DefaultHttpClientConnectionOperator.java:142) ~[httpclient-4.5.3.jar:4.5.3]
	... 25 common frames omitted

2026-04-04T00:49:33.441+05:30 ERROR 99059 --- [eureka-server] [et_localhost-15] c.n.e.cluster.ReplicationTaskProcessor   : Network level connection to peer localhost; retrying after delay

jakarta.ws.rs.ProcessingException: org.apache.http.conn.HttpHostConnectException: Connect to localhost:8761 [localhost/127.0.0.1] failed: Connection refused
	at org.glassfish.jersey.apache.connector.ApacheConnector.apply(ApacheConnector.java:531) ~[jersey-apache-connector-3.1.5.jar:na]
	at org.glassfish.jersey.client.ClientRuntime.invoke(ClientRuntime.java:300) ~[jersey-client-3.1.5.jar:na]
	at org.glassfish.jersey.client.JerseyInvocation.lambda$invoke$0(JerseyInvocation.java:662) ~[jersey-client-3.1.5.jar:na]
	at org.glassfish.jersey.client.JerseyInvocation.call(JerseyInvocation.java:697) ~[jersey-client-3.1.5.jar:na]
	at org.glassfish.jersey.client.JerseyInvocation.lambda$runInScope$3(JerseyInvocation.java:691) ~[jersey-client-3.1.5.jar:na]
	at org.glassfish.jersey.internal.Errors.process(Errors.java:292) ~[jersey-common-3.1.5.jar:na]
	at org.glassfish.jersey.internal.Errors.process(Errors.java:274) ~[jersey-common-3.1.5.jar:na]
	at org.glassfish.jersey.internal.Errors.process(Errors.java:205) ~[jersey-common-3.1.5.jar:na]
	at org.glassfish.jersey.process.internal.RequestScope.runInScope(RequestScope.java:390) ~[jersey-common-3.1.5.jar:na]
	at org.glassfish.jersey.client.JerseyInvocation.runInScope(JerseyInvocation.java:691) ~[jersey-client-3.1.5.jar:na]
	at org.glassfish.jersey.client.JerseyInvocation.invoke(JerseyInvocation.java:661) ~[jersey-client-3.1.5.jar:na]
	at org.glassfish.jersey.client.JerseyInvocation$Builder.method(JerseyInvocation.java:439) ~[jersey-client-3.1.5.jar:na]
	at org.glassfish.jersey.client.JerseyInvocation$Builder.post(JerseyInvocation.java:345) ~[jersey-client-3.1.5.jar:na]
	at com.netflix.eureka.transport.Jersey3ReplicationClient.submitBatchUpdates(Jersey3ReplicationClient.java:116) ~[eureka-core-jersey3-2.0.1.jar:2.0.1]
	at com.netflix.eureka.cluster.ReplicationTaskProcessor.process(ReplicationTaskProcessor.java:80) ~[eureka-core-2.0.1.jar:2.0.1]
	at com.netflix.eureka.util.batcher.TaskExecutors$BatchWorkerRunnable.run(TaskExecutors.java:190) ~[eureka-core-2.0.1.jar:2.0.1]
	at java.base/java.lang.Thread.run(Thread.java:1583) ~[na:na]
Caused by: org.apache.http.conn.HttpHostConnectException: Connect to localhost:8761 [localhost/127.0.0.1] failed: Connection refused
	at org.apache.http.impl.conn.DefaultHttpClientConnectionOperator.connect(DefaultHttpClientConnectionOperator.java:159) ~[httpclient-4.5.3.jar:4.5.3]
	at org.apache.http.impl.conn.PoolingHttpClientConnectionManager.connect(PoolingHttpClientConnectionManager.java:359) ~[httpclient-4.5.3.jar:4.5.3]
	at org.apache.http.impl.execchain.MainClientExec.establishRoute(MainClientExec.java:381) ~[httpclient-4.5.3.jar:4.5.3]
	at org.apache.http.impl.execchain.MainClientExec.execute(MainClientExec.java:237) ~[httpclient-4.5.3.jar:4.5.3]
	at org.apache.http.impl.execchain.ProtocolExec.execute(ProtocolExec.java:185) ~[httpclient-4.5.3.jar:4.5.3]
	at org.apache.http.impl.execchain.RetryExec.execute(RetryExec.java:89) ~[httpclient-4.5.3.jar:4.5.3]
	at org.apache.http.impl.execchain.RedirectExec.execute(RedirectExec.java:111) ~[httpclient-4.5.3.jar:4.5.3]
	at org.apache.http.impl.client.InternalHttpClient.doExecute(InternalHttpClient.java:185) ~[httpclient-4.5.3.jar:4.5.3]
	at org.apache.http.impl.client.CloseableHttpClient.execute(CloseableHttpClient.java:72) ~[httpclient-4.5.3.jar:4.5.3]
	at org.glassfish.jersey.apache.connector.ApacheConnector.apply(ApacheConnector.java:483) ~[jersey-apache-connector-3.1.5.jar:na]
	... 16 common frames omitted
Caused by: java.net.ConnectException: Connection refused
	at java.base/sun.nio.ch.Net.pollConnect(Native Method) ~[na:na]
	at java.base/sun.nio.ch.Net.pollConnectNow(Net.java:694) ~[na:na]
	at java.base/sun.nio.ch.NioSocketImpl.timedFinishConnect(NioSocketImpl.java:542) ~[na:na]
	at java.base/sun.nio.ch.NioSocketImpl.connect(NioSocketImpl.java:592) ~[na:na]
	at java.base/java.net.SocksSocketImpl.connect(SocksSocketImpl.java:327) ~[na:na]
	at java.base/java.net.Socket.connect(Socket.java:751) ~[na:na]
	at org.apache.http.conn.socket.PlainConnectionSocketFactory.connectSocket(PlainConnectionSocketFactory.java:75) ~[httpclient-4.5.3.jar:4.5.3]
	at org.apache.http.impl.conn.DefaultHttpClientConnectionOperator.connect(DefaultHttpClientConnectionOperator.java:142) ~[httpclient-4.5.3.jar:4.5.3]
	... 25 common frames omitted

2026-04-04T00:49:43.509+05:30 ERROR 99059 --- [eureka-server] [et_localhost-18] c.n.e.cluster.ReplicationTaskProcessor   : Network level connection to peer localhost; retrying after delay

jakarta.ws.rs.ProcessingException: org.apache.http.conn.HttpHostConnectException: Connect to localhost:8761 [localhost/127.0.0.1] failed: Connection refused
	at org.glassfish.jersey.apache.connector.ApacheConnector.apply(ApacheConnector.java:531) ~[jersey-apache-connector-3.1.5.jar:na]
	at org.glassfish.jersey.client.ClientRuntime.invoke(ClientRuntime.java:300) ~[jersey-client-3.1.5.jar:na]
	at org.glassfish.jersey.client.JerseyInvocation.lambda$invoke$0(JerseyInvocation.java:662) ~[jersey-client-3.1.5.jar:na]
	at org.glassfish.jersey.client.JerseyInvocation.call(JerseyInvocation.java:697) ~[jersey-client-3.1.5.jar:na]
	at org.glassfish.jersey.client.JerseyInvocation.lambda$runInScope$3(JerseyInvocation.java:691) ~[jersey-client-3.1.5.jar:na]
	at org.glassfish.jersey.internal.Errors.process(Errors.java:292) ~[jersey-common-3.1.5.jar:na]
	at org.glassfish.jersey.internal.Errors.process(Errors.java:274) ~[jersey-common-3.1.5.jar:na]
	at org.glassfish.jersey.internal.Errors.process(Errors.java:205) ~[jersey-common-3.1.5.jar:na]
	at org.glassfish.jersey.process.internal.RequestScope.runInScope(RequestScope.java:390) ~[jersey-common-3.1.5.jar:na]
	at org.glassfish.jersey.client.JerseyInvocation.runInScope(JerseyInvocation.java:691) ~[jersey-client-3.1.5.jar:na]
	at org.glassfish.jersey.client.JerseyInvocation.invoke(JerseyInvocation.java:661) ~[jersey-client-3.1.5.jar:na]
	at org.glassfish.jersey.client.JerseyInvocation$Builder.method(JerseyInvocation.java:439) ~[jersey-client-3.1.5.jar:na]
	at org.glassfish.jersey.client.JerseyInvocation$Builder.post(JerseyInvocation.java:345) ~[jersey-client-3.1.5.jar:na]
	at com.netflix.eureka.transport.Jersey3ReplicationClient.submitBatchUpdates(Jersey3ReplicationClient.java:116) ~[eureka-core-jersey3-2.0.1.jar:2.0.1]
	at com.netflix.eureka.cluster.ReplicationTaskProcessor.process(ReplicationTaskProcessor.java:80) ~[eureka-core-2.0.1.jar:2.0.1]
	at com.netflix.eureka.util.batcher.TaskExecutors$BatchWorkerRunnable.run(TaskExecutors.java:190) ~[eureka-core-2.0.1.jar:2.0.1]
	at java.base/java.lang.Thread.run(Thread.java:1583) ~[na:na]
Caused by: org.apache.http.conn.HttpHostConnectException: Connect to localhost:8761 [localhost/127.0.0.1] failed: Connection refused
	at org.apache.http.impl.conn.DefaultHttpClientConnectionOperator.connect(DefaultHttpClientConnectionOperator.java:159) ~[httpclient-4.5.3.jar:4.5.3]
	at org.apache.http.impl.conn.PoolingHttpClientConnectionManager.connect(PoolingHttpClientConnectionManager.java:359) ~[httpclient-4.5.3.jar:4.5.3]
	at org.apache.http.impl.execchain.MainClientExec.establishRoute(MainClientExec.java:381) ~[httpclient-4.5.3.jar:4.5.3]
	at org.apache.http.impl.execchain.MainClientExec.execute(MainClientExec.java:237) ~[httpclient-4.5.3.jar:4.5.3]
	at org.apache.http.impl.execchain.ProtocolExec.execute(ProtocolExec.java:185) ~[httpclient-4.5.3.jar:4.5.3]
	at org.apache.http.impl.execchain.RetryExec.execute(RetryExec.java:89) ~[httpclient-4.5.3.jar:4.5.3]
	at org.apache.http.impl.execchain.RedirectExec.execute(RedirectExec.java:111) ~[httpclient-4.5.3.jar:4.5.3]
	at org.apache.http.impl.client.InternalHttpClient.doExecute(InternalHttpClient.java:185) ~[httpclient-4.5.3.jar:4.5.3]
	at org.apache.http.impl.client.CloseableHttpClient.execute(CloseableHttpClient.java:72) ~[httpclient-4.5.3.jar:4.5.3]
	at org.glassfish.jersey.apache.connector.ApacheConnector.apply(ApacheConnector.java:483) ~[jersey-apache-connector-3.1.5.jar:na]
	... 16 common frames omitted
Caused by: java.net.ConnectException: Connection refused
	at java.base/sun.nio.ch.Net.pollConnect(Native Method) ~[na:na]
	at java.base/sun.nio.ch.Net.pollConnectNow(Net.java:694) ~[na:na]
	at java.base/sun.nio.ch.NioSocketImpl.timedFinishConnect(NioSocketImpl.java:542) ~[na:na]
	at java.base/sun.nio.ch.NioSocketImpl.connect(NioSocketImpl.java:592) ~[na:na]
	at java.base/java.net.SocksSocketImpl.connect(SocksSocketImpl.java:327) ~[na:na]
	at java.base/java.net.Socket.connect(Socket.java:751) ~[na:na]
	at org.apache.http.conn.socket.PlainConnectionSocketFactory.connectSocket(PlainConnectionSocketFactory.java:75) ~[httpclient-4.5.3.jar:4.5.3]
	at org.apache.http.impl.conn.DefaultHttpClientConnectionOperator.connect(DefaultHttpClientConnectionOperator.java:142) ~[httpclient-4.5.3.jar:4.5.3]
	... 25 common frames omitted

2026-04-04T00:49:53.542+05:30 ERROR 99059 --- [eureka-server] [et_localhost-16] c.n.e.cluster.ReplicationTaskProcessor   : Network level connection to peer localhost; retrying after delay

jakarta.ws.rs.ProcessingException: org.apache.http.conn.HttpHostConnectException: Connect to localhost:8761 [localhost/127.0.0.1] failed: Connection refused
	at org.glassfish.jersey.apache.connector.ApacheConnector.apply(ApacheConnector.java:531) ~[jersey-apache-connector-3.1.5.jar:na]
	at org.glassfish.jersey.client.ClientRuntime.invoke(ClientRuntime.java:300) ~[jersey-client-3.1.5.jar:na]
	at org.glassfish.jersey.client.JerseyInvocation.lambda$invoke$0(JerseyInvocation.java:662) ~[jersey-client-3.1.5.jar:na]
	at org.glassfish.jersey.client.JerseyInvocation.call(JerseyInvocation.java:697) ~[jersey-client-3.1.5.jar:na]
	at org.glassfish.jersey.client.JerseyInvocation.lambda$runInScope$3(JerseyInvocation.java:691) ~[jersey-client-3.1.5.jar:na]
	at org.glassfish.jersey.internal.Errors.process(Errors.java:292) ~[jersey-common-3.1.5.jar:na]
	at org.glassfish.jersey.internal.Errors.process(Errors.java:274) ~[jersey-common-3.1.5.jar:na]
	at org.glassfish.jersey.internal.Errors.process(Errors.java:205) ~[jersey-common-3.1.5.jar:na]
	at org.glassfish.jersey.process.internal.RequestScope.runInScope(RequestScope.java:390) ~[jersey-common-3.1.5.jar:na]
	at org.glassfish.jersey.client.JerseyInvocation.runInScope(JerseyInvocation.java:691) ~[jersey-client-3.1.5.jar:na]
	at org.glassfish.jersey.client.JerseyInvocation.invoke(JerseyInvocation.java:661) ~[jersey-client-3.1.5.jar:na]
	at org.glassfish.jersey.client.JerseyInvocation$Builder.method(JerseyInvocation.java:439) ~[jersey-client-3.1.5.jar:na]
	at org.glassfish.jersey.client.JerseyInvocation$Builder.post(JerseyInvocation.java:345) ~[jersey-client-3.1.5.jar:na]
	at com.netflix.eureka.transport.Jersey3ReplicationClient.submitBatchUpdates(Jersey3ReplicationClient.java:116) ~[eureka-core-jersey3-2.0.1.jar:2.0.1]
	at com.netflix.eureka.cluster.ReplicationTaskProcessor.process(ReplicationTaskProcessor.java:80) ~[eureka-core-2.0.1.jar:2.0.1]
	at com.netflix.eureka.util.batcher.TaskExecutors$BatchWorkerRunnable.run(TaskExecutors.java:190) ~[eureka-core-2.0.1.jar:2.0.1]
	at java.base/java.lang.Thread.run(Thread.java:1583) ~[na:na]
Caused by: org.apache.http.conn.HttpHostConnectException: Connect to localhost:8761 [localhost/127.0.0.1] failed: Connection refused
	at org.apache.http.impl.conn.DefaultHttpClientConnectionOperator.connect(DefaultHttpClientConnectionOperator.java:159) ~[httpclient-4.5.3.jar:4.5.3]
	at org.apache.http.impl.conn.PoolingHttpClientConnectionManager.connect(PoolingHttpClientConnectionManager.java:359) ~[httpclient-4.5.3.jar:4.5.3]
	at org.apache.http.impl.execchain.MainClientExec.establishRoute(MainClientExec.java:381) ~[httpclient-4.5.3.jar:4.5.3]
	at org.apache.http.impl.execchain.MainClientExec.execute(MainClientExec.java:237) ~[httpclient-4.5.3.jar:4.5.3]
	at org.apache.http.impl.execchain.ProtocolExec.execute(ProtocolExec.java:185) ~[httpclient-4.5.3.jar:4.5.3]
	at org.apache.http.impl.execchain.RetryExec.execute(RetryExec.java:89) ~[httpclient-4.5.3.jar:4.5.3]
	at org.apache.http.impl.execchain.RedirectExec.execute(RedirectExec.java:111) ~[httpclient-4.5.3.jar:4.5.3]
	at org.apache.http.impl.client.InternalHttpClient.doExecute(InternalHttpClient.java:185) ~[httpclient-4.5.3.jar:4.5.3]
	at org.apache.http.impl.client.CloseableHttpClient.execute(CloseableHttpClient.java:72) ~[httpclient-4.5.3.jar:4.5.3]
	at org.glassfish.jersey.apache.connector.ApacheConnector.apply(ApacheConnector.java:483) ~[jersey-apache-connector-3.1.5.jar:na]
	... 16 common frames omitted
Caused by: java.net.ConnectException: Connection refused
	at java.base/sun.nio.ch.Net.pollConnect(Native Method) ~[na:na]
	at java.base/sun.nio.ch.Net.pollConnectNow(Net.java:694) ~[na:na]
	at java.base/sun.nio.ch.NioSocketImpl.timedFinishConnect(NioSocketImpl.java:542) ~[na:na]
	at java.base/sun.nio.ch.NioSocketImpl.connect(NioSocketImpl.java:592) ~[na:na]
	at java.base/java.net.SocksSocketImpl.connect(SocksSocketImpl.java:327) ~[na:na]
	at java.base/java.net.Socket.connect(Socket.java:751) ~[na:na]
	at org.apache.http.conn.socket.PlainConnectionSocketFactory.connectSocket(PlainConnectionSocketFactory.java:75) ~[httpclient-4.5.3.jar:4.5.3]
	at org.apache.http.impl.conn.DefaultHttpClientConnectionOperator.connect(DefaultHttpClientConnectionOperator.java:142) ~[httpclient-4.5.3.jar:4.5.3]
	... 25 common frames omitted

2026-04-04T00:50:03.548+05:30 ERROR 99059 --- [eureka-server] [get_localhost-5] c.n.e.cluster.ReplicationTaskProcessor   : Network level connection to peer localhost; retrying after delay

jakarta.ws.rs.ProcessingException: org.apache.http.conn.HttpHostConnectException: Connect to localhost:8761 [localhost/127.0.0.1] failed: Connection refused
	at org.glassfish.jersey.apache.connector.ApacheConnector.apply(ApacheConnector.java:531) ~[jersey-apache-connector-3.1.5.jar:na]
	at org.glassfish.jersey.client.ClientRuntime.invoke(ClientRuntime.java:300) ~[jersey-client-3.1.5.jar:na]
	at org.glassfish.jersey.client.JerseyInvocation.lambda$invoke$0(JerseyInvocation.java:662) ~[jersey-client-3.1.5.jar:na]
	at org.glassfish.jersey.client.JerseyInvocation.call(JerseyInvocation.java:697) ~[jersey-client-3.1.5.jar:na]
	at org.glassfish.jersey.client.JerseyInvocation.lambda$runInScope$3(JerseyInvocation.java:691) ~[jersey-client-3.1.5.jar:na]
	at org.glassfish.jersey.internal.Errors.process(Errors.java:292) ~[jersey-common-3.1.5.jar:na]
	at org.glassfish.jersey.internal.Errors.process(Errors.java:274) ~[jersey-common-3.1.5.jar:na]
	at org.glassfish.jersey.internal.Errors.process(Errors.java:205) ~[jersey-common-3.1.5.jar:na]
	at org.glassfish.jersey.process.internal.RequestScope.runInScope(RequestScope.java:390) ~[jersey-common-3.1.5.jar:na]
	at org.glassfish.jersey.client.JerseyInvocation.runInScope(JerseyInvocation.java:691) ~[jersey-client-3.1.5.jar:na]
	at org.glassfish.jersey.client.JerseyInvocation.invoke(JerseyInvocation.java:661) ~[jersey-client-3.1.5.jar:na]
	at org.glassfish.jersey.client.JerseyInvocation$Builder.method(JerseyInvocation.java:439) ~[jersey-client-3.1.5.jar:na]
	at org.glassfish.jersey.client.JerseyInvocation$Builder.post(JerseyInvocation.java:345) ~[jersey-client-3.1.5.jar:na]
	at com.netflix.eureka.transport.Jersey3ReplicationClient.submitBatchUpdates(Jersey3ReplicationClient.java:116) ~[eureka-core-jersey3-2.0.1.jar:2.0.1]
	at com.netflix.eureka.cluster.ReplicationTaskProcessor.process(ReplicationTaskProcessor.java:80) ~[eureka-core-2.0.1.jar:2.0.1]
	at com.netflix.eureka.util.batcher.TaskExecutors$BatchWorkerRunnable.run(TaskExecutors.java:190) ~[eureka-core-2.0.1.jar:2.0.1]
	at java.base/java.lang.Thread.run(Thread.java:1583) ~[na:na]
Caused by: org.apache.http.conn.HttpHostConnectException: Connect to localhost:8761 [localhost/127.0.0.1] failed: Connection refused
	at org.apache.http.impl.conn.DefaultHttpClientConnectionOperator.connect(DefaultHttpClientConnectionOperator.java:159) ~[httpclient-4.5.3.jar:4.5.3]
	at org.apache.http.impl.conn.PoolingHttpClientConnectionManager.connect(PoolingHttpClientConnectionManager.java:359) ~[httpclient-4.5.3.jar:4.5.3]
	at org.apache.http.impl.execchain.MainClientExec.establishRoute(MainClientExec.java:381) ~[httpclient-4.5.3.jar:4.5.3]
	at org.apache.http.impl.execchain.MainClientExec.execute(MainClientExec.java:237) ~[httpclient-4.5.3.jar:4.5.3]
	at org.apache.http.impl.execchain.ProtocolExec.execute(ProtocolExec.java:185) ~[httpclient-4.5.3.jar:4.5.3]
	at org.apache.http.impl.execchain.RetryExec.execute(RetryExec.java:89) ~[httpclient-4.5.3.jar:4.5.3]
	at org.apache.http.impl.execchain.RedirectExec.execute(RedirectExec.java:111) ~[httpclient-4.5.3.jar:4.5.3]
	at org.apache.http.impl.client.InternalHttpClient.doExecute(InternalHttpClient.java:185) ~[httpclient-4.5.3.jar:4.5.3]
	at org.apache.http.impl.client.CloseableHttpClient.execute(CloseableHttpClient.java:72) ~[httpclient-4.5.3.jar:4.5.3]
	at org.glassfish.jersey.apache.connector.ApacheConnector.apply(ApacheConnector.java:483) ~[jersey-apache-connector-3.1.5.jar:na]
	... 16 common frames omitted
Caused by: java.net.ConnectException: Connection refused
	at java.base/sun.nio.ch.Net.pollConnect(Native Method) ~[na:na]
	at java.base/sun.nio.ch.Net.pollConnectNow(Net.java:694) ~[na:na]
	at java.base/sun.nio.ch.NioSocketImpl.timedFinishConnect(NioSocketImpl.java:542) ~[na:na]
	at java.base/sun.nio.ch.NioSocketImpl.connect(NioSocketImpl.java:592) ~[na:na]
	at java.base/java.net.SocksSocketImpl.connect(SocksSocketImpl.java:327) ~[na:na]
	at java.base/java.net.Socket.connect(Socket.java:751) ~[na:na]
	at org.apache.http.conn.socket.PlainConnectionSocketFactory.connectSocket(PlainConnectionSocketFactory.java:75) ~[httpclient-4.5.3.jar:4.5.3]
	at org.apache.http.impl.conn.DefaultHttpClientConnectionOperator.connect(DefaultHttpClientConnectionOperator.java:142) ~[httpclient-4.5.3.jar:4.5.3]
	... 25 common frames omitted

2026-04-04T00:50:13.628+05:30 ERROR 99059 --- [eureka-server] [get_localhost-6] c.n.e.cluster.ReplicationTaskProcessor   : Network level connection to peer localhost; retrying after delay

jakarta.ws.rs.ProcessingException: org.apache.http.conn.HttpHostConnectException: Connect to localhost:8761 [localhost/127.0.0.1] failed: Connection refused
	at org.glassfish.jersey.apache.connector.ApacheConnector.apply(ApacheConnector.java:531) ~[jersey-apache-connector-3.1.5.jar:na]
	at org.glassfish.jersey.client.ClientRuntime.invoke(ClientRuntime.java:300) ~[jersey-client-3.1.5.jar:na]
	at org.glassfish.jersey.client.JerseyInvocation.lambda$invoke$0(JerseyInvocation.java:662) ~[jersey-client-3.1.5.jar:na]
	at org.glassfish.jersey.client.JerseyInvocation.call(JerseyInvocation.java:697) ~[jersey-client-3.1.5.jar:na]
	at org.glassfish.jersey.client.JerseyInvocation.lambda$runInScope$3(JerseyInvocation.java:691) ~[jersey-client-3.1.5.jar:na]
	at org.glassfish.jersey.internal.Errors.process(Errors.java:292) ~[jersey-common-3.1.5.jar:na]
	at org.glassfish.jersey.internal.Errors.process(Errors.java:274) ~[jersey-common-3.1.5.jar:na]
	at org.glassfish.jersey.internal.Errors.process(Errors.java:205) ~[jersey-common-3.1.5.jar:na]
	at org.glassfish.jersey.process.internal.RequestScope.runInScope(RequestScope.java:390) ~[jersey-common-3.1.5.jar:na]
	at org.glassfish.jersey.client.JerseyInvocation.runInScope(JerseyInvocation.java:691) ~[jersey-client-3.1.5.jar:na]
	at org.glassfish.jersey.client.JerseyInvocation.invoke(JerseyInvocation.java:661) ~[jersey-client-3.1.5.jar:na]
	at org.glassfish.jersey.client.JerseyInvocation$Builder.method(JerseyInvocation.java:439) ~[jersey-client-3.1.5.jar:na]
	at org.glassfish.jersey.client.JerseyInvocation$Builder.post(JerseyInvocation.java:345) ~[jersey-client-3.1.5.jar:na]
	at com.netflix.eureka.transport.Jersey3ReplicationClient.submitBatchUpdates(Jersey3ReplicationClient.java:116) ~[eureka-core-jersey3-2.0.1.jar:2.0.1]
	at com.netflix.eureka.cluster.ReplicationTaskProcessor.process(ReplicationTaskProcessor.java:80) ~[eureka-core-2.0.1.jar:2.0.1]
	at com.netflix.eureka.util.batcher.TaskExecutors$BatchWorkerRunnable.run(TaskExecutors.java:190) ~[eureka-core-2.0.1.jar:2.0.1]
	at java.base/java.lang.Thread.run(Thread.java:1583) ~[na:na]
Caused by: org.apache.http.conn.HttpHostConnectException: Connect to localhost:8761 [localhost/127.0.0.1] failed: Connection refused
	at org.apache.http.impl.conn.DefaultHttpClientConnectionOperator.connect(DefaultHttpClientConnectionOperator.java:159) ~[httpclient-4.5.3.jar:4.5.3]
	at org.apache.http.impl.conn.PoolingHttpClientConnectionManager.connect(PoolingHttpClientConnectionManager.java:359) ~[httpclient-4.5.3.jar:4.5.3]
	at org.apache.http.impl.execchain.MainClientExec.establishRoute(MainClientExec.java:381) ~[httpclient-4.5.3.jar:4.5.3]
	at org.apache.http.impl.execchain.MainClientExec.execute(MainClientExec.java:237) ~[httpclient-4.5.3.jar:4.5.3]
	at org.apache.http.impl.execchain.ProtocolExec.execute(ProtocolExec.java:185) ~[httpclient-4.5.3.jar:4.5.3]
	at org.apache.http.impl.execchain.RetryExec.execute(RetryExec.java:89) ~[httpclient-4.5.3.jar:4.5.3]
	at org.apache.http.impl.execchain.RedirectExec.execute(RedirectExec.java:111) ~[httpclient-4.5.3.jar:4.5.3]
	at org.apache.http.impl.client.InternalHttpClient.doExecute(InternalHttpClient.java:185) ~[httpclient-4.5.3.jar:4.5.3]
	at org.apache.http.impl.client.CloseableHttpClient.execute(CloseableHttpClient.java:72) ~[httpclient-4.5.3.jar:4.5.3]
	at org.glassfish.jersey.apache.connector.ApacheConnector.apply(ApacheConnector.java:483) ~[jersey-apache-connector-3.1.5.jar:na]
	... 16 common frames omitted
Caused by: java.net.ConnectException: Connection refused
	at java.base/sun.nio.ch.Net.pollConnect(Native Method) ~[na:na]
	at java.base/sun.nio.ch.Net.pollConnectNow(Net.java:694) ~[na:na]
	at java.base/sun.nio.ch.NioSocketImpl.timedFinishConnect(NioSocketImpl.java:542) ~[na:na]
	at java.base/sun.nio.ch.NioSocketImpl.connect(NioSocketImpl.java:592) ~[na:na]
	at java.base/java.net.SocksSocketImpl.connect(SocksSocketImpl.java:327) ~[na:na]
	at java.base/java.net.Socket.connect(Socket.java:751) ~[na:na]
	at org.apache.http.conn.socket.PlainConnectionSocketFactory.connectSocket(PlainConnectionSocketFactory.java:75) ~[httpclient-4.5.3.jar:4.5.3]
	at org.apache.http.impl.conn.DefaultHttpClientConnectionOperator.connect(DefaultHttpClientConnectionOperator.java:142) ~[httpclient-4.5.3.jar:4.5.3]
	... 25 common frames omitted

2026-04-04T00:50:14.619+05:30  INFO 99059 --- [eureka-server] [a-EvictionTimer] c.n.e.registry.AbstractInstanceRegistry  : Running the evict task with compensationTime 0ms
2026-04-04T00:50:23.723+05:30 ERROR 99059 --- [eureka-server] [et_localhost-13] c.n.e.cluster.ReplicationTaskProcessor   : Network level connection to peer localhost; retrying after delay

jakarta.ws.rs.ProcessingException: org.apache.http.conn.HttpHostConnectException: Connect to localhost:8761 [localhost/127.0.0.1] failed: Connection refused
	at org.glassfish.jersey.apache.connector.ApacheConnector.apply(ApacheConnector.java:531) ~[jersey-apache-connector-3.1.5.jar:na]
	at org.glassfish.jersey.client.ClientRuntime.invoke(ClientRuntime.java:300) ~[jersey-client-3.1.5.jar:na]
	at org.glassfish.jersey.client.JerseyInvocation.lambda$invoke$0(JerseyInvocation.java:662) ~[jersey-client-3.1.5.jar:na]
	at org.glassfish.jersey.client.JerseyInvocation.call(JerseyInvocation.java:697) ~[jersey-client-3.1.5.jar:na]
	at org.glassfish.jersey.client.JerseyInvocation.lambda$runInScope$3(JerseyInvocation.java:691) ~[jersey-client-3.1.5.jar:na]
	at org.glassfish.jersey.internal.Errors.process(Errors.java:292) ~[jersey-common-3.1.5.jar:na]
	at org.glassfish.jersey.internal.Errors.process(Errors.java:274) ~[jersey-common-3.1.5.jar:na]
	at org.glassfish.jersey.internal.Errors.process(Errors.java:205) ~[jersey-common-3.1.5.jar:na]
	at org.glassfish.jersey.process.internal.RequestScope.runInScope(RequestScope.java:390) ~[jersey-common-3.1.5.jar:na]
	at org.glassfish.jersey.client.JerseyInvocation.runInScope(JerseyInvocation.java:691) ~[jersey-client-3.1.5.jar:na]
	at org.glassfish.jersey.client.JerseyInvocation.invoke(JerseyInvocation.java:661) ~[jersey-client-3.1.5.jar:na]
	at org.glassfish.jersey.client.JerseyInvocation$Builder.method(JerseyInvocation.java:439) ~[jersey-client-3.1.5.jar:na]
	at org.glassfish.jersey.client.JerseyInvocation$Builder.post(JerseyInvocation.java:345) ~[jersey-client-3.1.5.jar:na]
	at com.netflix.eureka.transport.Jersey3ReplicationClient.submitBatchUpdates(Jersey3ReplicationClient.java:116) ~[eureka-core-jersey3-2.0.1.jar:2.0.1]
	at com.netflix.eureka.cluster.ReplicationTaskProcessor.process(ReplicationTaskProcessor.java:80) ~[eureka-core-2.0.1.jar:2.0.1]
	at com.netflix.eureka.util.batcher.TaskExecutors$BatchWorkerRunnable.run(TaskExecutors.java:190) ~[eureka-core-2.0.1.jar:2.0.1]
	at java.base/java.lang.Thread.run(Thread.java:1583) ~[na:na]
Caused by: org.apache.http.conn.HttpHostConnectException: Connect to localhost:8761 [localhost/127.0.0.1] failed: Connection refused
	at org.apache.http.impl.conn.DefaultHttpClientConnectionOperator.connect(DefaultHttpClientConnectionOperator.java:159) ~[httpclient-4.5.3.jar:4.5.3]
	at org.apache.http.impl.conn.PoolingHttpClientConnectionManager.connect(PoolingHttpClientConnectionManager.java:359) ~[httpclient-4.5.3.jar:4.5.3]
	at org.apache.http.impl.execchain.MainClientExec.establishRoute(MainClientExec.java:381) ~[httpclient-4.5.3.jar:4.5.3]
	at org.apache.http.impl.execchain.MainClientExec.execute(MainClientExec.java:237) ~[httpclient-4.5.3.jar:4.5.3]
	at org.apache.http.impl.execchain.ProtocolExec.execute(ProtocolExec.java:185) ~[httpclient-4.5.3.jar:4.5.3]
	at org.apache.http.impl.execchain.RetryExec.execute(RetryExec.java:89) ~[httpclient-4.5.3.jar:4.5.3]
	at org.apache.http.impl.execchain.RedirectExec.execute(RedirectExec.java:111) ~[httpclient-4.5.3.jar:4.5.3]
	at org.apache.http.impl.client.InternalHttpClient.doExecute(InternalHttpClient.java:185) ~[httpclient-4.5.3.jar:4.5.3]
	at org.apache.http.impl.client.CloseableHttpClient.execute(CloseableHttpClient.java:72) ~[httpclient-4.5.3.jar:4.5.3]
	at org.glassfish.jersey.apache.connector.ApacheConnector.apply(ApacheConnector.java:483) ~[jersey-apache-connector-3.1.5.jar:na]
	... 16 common frames omitted
Caused by: java.net.ConnectException: Connection refused
	at java.base/sun.nio.ch.Net.pollConnect(Native Method) ~[na:na]
	at java.base/sun.nio.ch.Net.pollConnectNow(Net.java:694) ~[na:na]
	at java.base/sun.nio.ch.NioSocketImpl.timedFinishConnect(NioSocketImpl.java:542) ~[na:na]
	at java.base/sun.nio.ch.NioSocketImpl.connect(NioSocketImpl.java:592) ~[na:na]
	at java.base/java.net.SocksSocketImpl.connect(SocksSocketImpl.java:327) ~[na:na]
	at java.base/java.net.Socket.connect(Socket.java:751) ~[na:na]
	at org.apache.http.conn.socket.PlainConnectionSocketFactory.connectSocket(PlainConnectionSocketFactory.java:75) ~[httpclient-4.5.3.jar:4.5.3]
	at org.apache.http.impl.conn.DefaultHttpClientConnectionOperator.connect(DefaultHttpClientConnectionOperator.java:142) ~[httpclient-4.5.3.jar:4.5.3]
	... 25 common frames omitted

2026-04-04T00:50:33.767+05:30 ERROR 99059 --- [eureka-server] [get_localhost-1] c.n.e.cluster.ReplicationTaskProcessor   : Network level connection to peer localhost; retrying after delay

jakarta.ws.rs.ProcessingException: org.apache.http.conn.HttpHostConnectException: Connect to localhost:8761 [localhost/127.0.0.1] failed: Connection refused
	at org.glassfish.jersey.apache.connector.ApacheConnector.apply(ApacheConnector.java:531) ~[jersey-apache-connector-3.1.5.jar:na]
	at org.glassfish.jersey.client.ClientRuntime.invoke(ClientRuntime.java:300) ~[jersey-client-3.1.5.jar:na]
	at org.glassfish.jersey.client.JerseyInvocation.lambda$invoke$0(JerseyInvocation.java:662) ~[jersey-client-3.1.5.jar:na]
	at org.glassfish.jersey.client.JerseyInvocation.call(JerseyInvocation.java:697) ~[jersey-client-3.1.5.jar:na]
	at org.glassfish.jersey.client.JerseyInvocation.lambda$runInScope$3(JerseyInvocation.java:691) ~[jersey-client-3.1.5.jar:na]
	at org.glassfish.jersey.internal.Errors.process(Errors.java:292) ~[jersey-common-3.1.5.jar:na]
	at org.glassfish.jersey.internal.Errors.process(Errors.java:274) ~[jersey-common-3.1.5.jar:na]
	at org.glassfish.jersey.internal.Errors.process(Errors.java:205) ~[jersey-common-3.1.5.jar:na]
	at org.glassfish.jersey.process.internal.RequestScope.runInScope(RequestScope.java:390) ~[jersey-common-3.1.5.jar:na]
	at org.glassfish.jersey.client.JerseyInvocation.runInScope(JerseyInvocation.java:691) ~[jersey-client-3.1.5.jar:na]
	at org.glassfish.jersey.client.JerseyInvocation.invoke(JerseyInvocation.java:661) ~[jersey-client-3.1.5.jar:na]
	at org.glassfish.jersey.client.JerseyInvocation$Builder.method(JerseyInvocation.java:439) ~[jersey-client-3.1.5.jar:na]
	at org.glassfish.jersey.client.JerseyInvocation$Builder.post(JerseyInvocation.java:345) ~[jersey-client-3.1.5.jar:na]
	at com.netflix.eureka.transport.Jersey3ReplicationClient.submitBatchUpdates(Jersey3ReplicationClient.java:116) ~[eureka-core-jersey3-2.0.1.jar:2.0.1]
	at com.netflix.eureka.cluster.ReplicationTaskProcessor.process(ReplicationTaskProcessor.java:80) ~[eureka-core-2.0.1.jar:2.0.1]
	at com.netflix.eureka.util.batcher.TaskExecutors$BatchWorkerRunnable.run(TaskExecutors.java:190) ~[eureka-core-2.0.1.jar:2.0.1]
	at java.base/java.lang.Thread.run(Thread.java:1583) ~[na:na]
Caused by: org.apache.http.conn.HttpHostConnectException: Connect to localhost:8761 [localhost/127.0.0.1] failed: Connection refused
	at org.apache.http.impl.conn.DefaultHttpClientConnectionOperator.connect(DefaultHttpClientConnectionOperator.java:159) ~[httpclient-4.5.3.jar:4.5.3]
	at org.apache.http.impl.conn.PoolingHttpClientConnectionManager.connect(PoolingHttpClientConnectionManager.java:359) ~[httpclient-4.5.3.jar:4.5.3]
	at org.apache.http.impl.execchain.MainClientExec.establishRoute(MainClientExec.java:381) ~[httpclient-4.5.3.jar:4.5.3]
	at org.apache.http.impl.execchain.MainClientExec.execute(MainClientExec.java:237) ~[httpclient-4.5.3.jar:4.5.3]
	at org.apache.http.impl.execchain.ProtocolExec.execute(ProtocolExec.java:185) ~[httpclient-4.5.3.jar:4.5.3]
	at org.apache.http.impl.execchain.RetryExec.execute(RetryExec.java:89) ~[httpclient-4.5.3.jar:4.5.3]
	at org.apache.http.impl.execchain.RedirectExec.execute(RedirectExec.java:111) ~[httpclient-4.5.3.jar:4.5.3]
	at org.apache.http.impl.client.InternalHttpClient.doExecute(InternalHttpClient.java:185) ~[httpclient-4.5.3.jar:4.5.3]
	at org.apache.http.impl.client.CloseableHttpClient.execute(CloseableHttpClient.java:72) ~[httpclient-4.5.3.jar:4.5.3]
	at org.glassfish.jersey.apache.connector.ApacheConnector.apply(ApacheConnector.java:483) ~[jersey-apache-connector-3.1.5.jar:na]
	... 16 common frames omitted
Caused by: java.net.ConnectException: Connection refused
	at java.base/sun.nio.ch.Net.pollConnect(Native Method) ~[na:na]
	at java.base/sun.nio.ch.Net.pollConnectNow(Net.java:694) ~[na:na]
	at java.base/sun.nio.ch.NioSocketImpl.timedFinishConnect(NioSocketImpl.java:542) ~[na:na]
	at java.base/sun.nio.ch.NioSocketImpl.connect(NioSocketImpl.java:592) ~[na:na]
	at java.base/java.net.SocksSocketImpl.connect(SocksSocketImpl.java:327) ~[na:na]
	at java.base/java.net.Socket.connect(Socket.java:751) ~[na:na]
	at org.apache.http.conn.socket.PlainConnectionSocketFactory.connectSocket(PlainConnectionSocketFactory.java:75) ~[httpclient-4.5.3.jar:4.5.3]
	at org.apache.http.impl.conn.DefaultHttpClientConnectionOperator.connect(DefaultHttpClientConnectionOperator.java:142) ~[httpclient-4.5.3.jar:4.5.3]
	... 25 common frames omitted

2026-04-04T00:50:43.824+05:30 ERROR 99059 --- [eureka-server] [et_localhost-17] c.n.e.cluster.ReplicationTaskProcessor   : Network level connection to peer localhost; retrying after delay

jakarta.ws.rs.ProcessingException: org.apache.http.conn.HttpHostConnectException: Connect to localhost:8761 [localhost/127.0.0.1] failed: Connection refused
	at org.glassfish.jersey.apache.connector.ApacheConnector.apply(ApacheConnector.java:531) ~[jersey-apache-connector-3.1.5.jar:na]
	at org.glassfish.jersey.client.ClientRuntime.invoke(ClientRuntime.java:300) ~[jersey-client-3.1.5.jar:na]
	at org.glassfish.jersey.client.JerseyInvocation.lambda$invoke$0(JerseyInvocation.java:662) ~[jersey-client-3.1.5.jar:na]
	at org.glassfish.jersey.client.JerseyInvocation.call(JerseyInvocation.java:697) ~[jersey-client-3.1.5.jar:na]
	at org.glassfish.jersey.client.JerseyInvocation.lambda$runInScope$3(JerseyInvocation.java:691) ~[jersey-client-3.1.5.jar:na]
	at org.glassfish.jersey.internal.Errors.process(Errors.java:292) ~[jersey-common-3.1.5.jar:na]
	at org.glassfish.jersey.internal.Errors.process(Errors.java:274) ~[jersey-common-3.1.5.jar:na]
	at org.glassfish.jersey.internal.Errors.process(Errors.java:205) ~[jersey-common-3.1.5.jar:na]
	at org.glassfish.jersey.process.internal.RequestScope.runInScope(RequestScope.java:390) ~[jersey-common-3.1.5.jar:na]
	at org.glassfish.jersey.client.JerseyInvocation.runInScope(JerseyInvocation.java:691) ~[jersey-client-3.1.5.jar:na]
	at org.glassfish.jersey.client.JerseyInvocation.invoke(JerseyInvocation.java:661) ~[jersey-client-3.1.5.jar:na]
	at org.glassfish.jersey.client.JerseyInvocation$Builder.method(JerseyInvocation.java:439) ~[jersey-client-3.1.5.jar:na]
	at org.glassfish.jersey.client.JerseyInvocation$Builder.post(JerseyInvocation.java:345) ~[jersey-client-3.1.5.jar:na]
	at com.netflix.eureka.transport.Jersey3ReplicationClient.submitBatchUpdates(Jersey3ReplicationClient.java:116) ~[eureka-core-jersey3-2.0.1.jar:2.0.1]
	at com.netflix.eureka.cluster.ReplicationTaskProcessor.process(ReplicationTaskProcessor.java:80) ~[eureka-core-2.0.1.jar:2.0.1]
	at com.netflix.eureka.util.batcher.TaskExecutors$BatchWorkerRunnable.run(TaskExecutors.java:190) ~[eureka-core-2.0.1.jar:2.0.1]
	at java.base/java.lang.Thread.run(Thread.java:1583) ~[na:na]
Caused by: org.apache.http.conn.HttpHostConnectException: Connect to localhost:8761 [localhost/127.0.0.1] failed: Connection refused
	at org.apache.http.impl.conn.DefaultHttpClientConnectionOperator.connect(DefaultHttpClientConnectionOperator.java:159) ~[httpclient-4.5.3.jar:4.5.3]
	at org.apache.http.impl.conn.PoolingHttpClientConnectionManager.connect(PoolingHttpClientConnectionManager.java:359) ~[httpclient-4.5.3.jar:4.5.3]
	at org.apache.http.impl.execchain.MainClientExec.establishRoute(MainClientExec.java:381) ~[httpclient-4.5.3.jar:4.5.3]
	at org.apache.http.impl.execchain.MainClientExec.execute(MainClientExec.java:237) ~[httpclient-4.5.3.jar:4.5.3]
	at org.apache.http.impl.execchain.ProtocolExec.execute(ProtocolExec.java:185) ~[httpclient-4.5.3.jar:4.5.3]
	at org.apache.http.impl.execchain.RetryExec.execute(RetryExec.java:89) ~[httpclient-4.5.3.jar:4.5.3]
	at org.apache.http.impl.execchain.RedirectExec.execute(RedirectExec.java:111) ~[httpclient-4.5.3.jar:4.5.3]
	at org.apache.http.impl.client.InternalHttpClient.doExecute(InternalHttpClient.java:185) ~[httpclient-4.5.3.jar:4.5.3]
	at org.apache.http.impl.client.CloseableHttpClient.execute(CloseableHttpClient.java:72) ~[httpclient-4.5.3.jar:4.5.3]
	at org.glassfish.jersey.apache.connector.ApacheConnector.apply(ApacheConnector.java:483) ~[jersey-apache-connector-3.1.5.jar:na]
	... 16 common frames omitted
Caused by: java.net.ConnectException: Connection refused
	at java.base/sun.nio.ch.Net.pollConnect(Native Method) ~[na:na]
	at java.base/sun.nio.ch.Net.pollConnectNow(Net.java:694) ~[na:na]
	at java.base/sun.nio.ch.NioSocketImpl.timedFinishConnect(NioSocketImpl.java:542) ~[na:na]
	at java.base/sun.nio.ch.NioSocketImpl.connect(NioSocketImpl.java:592) ~[na:na]
	at java.base/java.net.SocksSocketImpl.connect(SocksSocketImpl.java:327) ~[na:na]
	at java.base/java.net.Socket.connect(Socket.java:751) ~[na:na]
	at org.apache.http.conn.socket.PlainConnectionSocketFactory.connectSocket(PlainConnectionSocketFactory.java:75) ~[httpclient-4.5.3.jar:4.5.3]
	at org.apache.http.impl.conn.DefaultHttpClientConnectionOperator.connect(DefaultHttpClientConnectionOperator.java:142) ~[httpclient-4.5.3.jar:4.5.3]
	... 25 common frames omitted

2026-04-04T00:50:53.841+05:30 ERROR 99059 --- [eureka-server] [get_localhost-5] c.n.e.cluster.ReplicationTaskProcessor   : Network level connection to peer localhost; retrying after delay

jakarta.ws.rs.ProcessingException: org.apache.http.conn.HttpHostConnectException: Connect to localhost:8761 [localhost/127.0.0.1] failed: Connection refused
	at org.glassfish.jersey.apache.connector.ApacheConnector.apply(ApacheConnector.java:531) ~[jersey-apache-connector-3.1.5.jar:na]
	at org.glassfish.jersey.client.ClientRuntime.invoke(ClientRuntime.java:300) ~[jersey-client-3.1.5.jar:na]
	at org.glassfish.jersey.client.JerseyInvocation.lambda$invoke$0(JerseyInvocation.java:662) ~[jersey-client-3.1.5.jar:na]
	at org.glassfish.jersey.client.JerseyInvocation.call(JerseyInvocation.java:697) ~[jersey-client-3.1.5.jar:na]
	at org.glassfish.jersey.client.JerseyInvocation.lambda$runInScope$3(JerseyInvocation.java:691) ~[jersey-client-3.1.5.jar:na]
	at org.glassfish.jersey.internal.Errors.process(Errors.java:292) ~[jersey-common-3.1.5.jar:na]
	at org.glassfish.jersey.internal.Errors.process(Errors.java:274) ~[jersey-common-3.1.5.jar:na]
	at org.glassfish.jersey.internal.Errors.process(Errors.java:205) ~[jersey-common-3.1.5.jar:na]
	at org.glassfish.jersey.process.internal.RequestScope.runInScope(RequestScope.java:390) ~[jersey-common-3.1.5.jar:na]
	at org.glassfish.jersey.client.JerseyInvocation.runInScope(JerseyInvocation.java:691) ~[jersey-client-3.1.5.jar:na]
	at org.glassfish.jersey.client.JerseyInvocation.invoke(JerseyInvocation.java:661) ~[jersey-client-3.1.5.jar:na]
	at org.glassfish.jersey.client.JerseyInvocation$Builder.method(JerseyInvocation.java:439) ~[jersey-client-3.1.5.jar:na]
	at org.glassfish.jersey.client.JerseyInvocation$Builder.post(JerseyInvocation.java:345) ~[jersey-client-3.1.5.jar:na]
	at com.netflix.eureka.transport.Jersey3ReplicationClient.submitBatchUpdates(Jersey3ReplicationClient.java:116) ~[eureka-core-jersey3-2.0.1.jar:2.0.1]
	at com.netflix.eureka.cluster.ReplicationTaskProcessor.process(ReplicationTaskProcessor.java:80) ~[eureka-core-2.0.1.jar:2.0.1]
	at com.netflix.eureka.util.batcher.TaskExecutors$BatchWorkerRunnable.run(TaskExecutors.java:190) ~[eureka-core-2.0.1.jar:2.0.1]
	at java.base/java.lang.Thread.run(Thread.java:1583) ~[na:na]
Caused by: org.apache.http.conn.HttpHostConnectException: Connect to localhost:8761 [localhost/127.0.0.1] failed: Connection refused
	at org.apache.http.impl.conn.DefaultHttpClientConnectionOperator.connect(DefaultHttpClientConnectionOperator.java:159) ~[httpclient-4.5.3.jar:4.5.3]
	at org.apache.http.impl.conn.PoolingHttpClientConnectionManager.connect(PoolingHttpClientConnectionManager.java:359) ~[httpclient-4.5.3.jar:4.5.3]
	at org.apache.http.impl.execchain.MainClientExec.establishRoute(MainClientExec.java:381) ~[httpclient-4.5.3.jar:4.5.3]
	at org.apache.http.impl.execchain.MainClientExec.execute(MainClientExec.java:237) ~[httpclient-4.5.3.jar:4.5.3]
	at org.apache.http.impl.execchain.ProtocolExec.execute(ProtocolExec.java:185) ~[httpclient-4.5.3.jar:4.5.3]
	at org.apache.http.impl.execchain.RetryExec.execute(RetryExec.java:89) ~[httpclient-4.5.3.jar:4.5.3]
	at org.apache.http.impl.execchain.RedirectExec.execute(RedirectExec.java:111) ~[httpclient-4.5.3.jar:4.5.3]
	at org.apache.http.impl.client.InternalHttpClient.doExecute(InternalHttpClient.java:185) ~[httpclient-4.5.3.jar:4.5.3]
	at org.apache.http.impl.client.CloseableHttpClient.execute(CloseableHttpClient.java:72) ~[httpclient-4.5.3.jar:4.5.3]
	at org.glassfish.jersey.apache.connector.ApacheConnector.apply(ApacheConnector.java:483) ~[jersey-apache-connector-3.1.5.jar:na]
	... 16 common frames omitted
Caused by: java.net.ConnectException: Connection refused
	at java.base/sun.nio.ch.Net.pollConnect(Native Method) ~[na:na]
	at java.base/sun.nio.ch.Net.pollConnectNow(Net.java:694) ~[na:na]
	at java.base/sun.nio.ch.NioSocketImpl.timedFinishConnect(NioSocketImpl.java:542) ~[na:na]
	at java.base/sun.nio.ch.NioSocketImpl.connect(NioSocketImpl.java:592) ~[na:na]
	at java.base/java.net.SocksSocketImpl.connect(SocksSocketImpl.java:327) ~[na:na]
	at java.base/java.net.Socket.connect(Socket.java:751) ~[na:na]
	at org.apache.http.conn.socket.PlainConnectionSocketFactory.connectSocket(PlainConnectionSocketFactory.java:75) ~[httpclient-4.5.3.jar:4.5.3]
	at org.apache.http.impl.conn.DefaultHttpClientConnectionOperator.connect(DefaultHttpClientConnectionOperator.java:142) ~[httpclient-4.5.3.jar:4.5.3]
	... 25 common frames omitted

2026-04-04T00:51:03.858+05:30 ERROR 99059 --- [eureka-server] [et_localhost-14] c.n.e.cluster.ReplicationTaskProcessor   : Network level connection to peer localhost; retrying after delay

jakarta.ws.rs.ProcessingException: org.apache.http.conn.HttpHostConnectException: Connect to localhost:8761 [localhost/127.0.0.1] failed: Connection refused
	at org.glassfish.jersey.apache.connector.ApacheConnector.apply(ApacheConnector.java:531) ~[jersey-apache-connector-3.1.5.jar:na]
	at org.glassfish.jersey.client.ClientRuntime.invoke(ClientRuntime.java:300) ~[jersey-client-3.1.5.jar:na]
	at org.glassfish.jersey.client.JerseyInvocation.lambda$invoke$0(JerseyInvocation.java:662) ~[jersey-client-3.1.5.jar:na]
	at org.glassfish.jersey.client.JerseyInvocation.call(JerseyInvocation.java:697) ~[jersey-client-3.1.5.jar:na]
	at org.glassfish.jersey.client.JerseyInvocation.lambda$runInScope$3(JerseyInvocation.java:691) ~[jersey-client-3.1.5.jar:na]
	at org.glassfish.jersey.internal.Errors.process(Errors.java:292) ~[jersey-common-3.1.5.jar:na]
	at org.glassfish.jersey.internal.Errors.process(Errors.java:274) ~[jersey-common-3.1.5.jar:na]
	at org.glassfish.jersey.internal.Errors.process(Errors.java:205) ~[jersey-common-3.1.5.jar:na]
	at org.glassfish.jersey.process.internal.RequestScope.runInScope(RequestScope.java:390) ~[jersey-common-3.1.5.jar:na]
	at org.glassfish.jersey.client.JerseyInvocation.runInScope(JerseyInvocation.java:691) ~[jersey-client-3.1.5.jar:na]
	at org.glassfish.jersey.client.JerseyInvocation.invoke(JerseyInvocation.java:661) ~[jersey-client-3.1.5.jar:na]
	at org.glassfish.jersey.client.JerseyInvocation$Builder.method(JerseyInvocation.java:439) ~[jersey-client-3.1.5.jar:na]
	at org.glassfish.jersey.client.JerseyInvocation$Builder.post(JerseyInvocation.java:345) ~[jersey-client-3.1.5.jar:na]
	at com.netflix.eureka.transport.Jersey3ReplicationClient.submitBatchUpdates(Jersey3ReplicationClient.java:116) ~[eureka-core-jersey3-2.0.1.jar:2.0.1]
	at com.netflix.eureka.cluster.ReplicationTaskProcessor.process(ReplicationTaskProcessor.java:80) ~[eureka-core-2.0.1.jar:2.0.1]
	at com.netflix.eureka.util.batcher.TaskExecutors$BatchWorkerRunnable.run(TaskExecutors.java:190) ~[eureka-core-2.0.1.jar:2.0.1]
	at java.base/java.lang.Thread.run(Thread.java:1583) ~[na:na]
Caused by: org.apache.http.conn.HttpHostConnectException: Connect to localhost:8761 [localhost/127.0.0.1] failed: Connection refused
	at org.apache.http.impl.conn.DefaultHttpClientConnectionOperator.connect(DefaultHttpClientConnectionOperator.java:159) ~[httpclient-4.5.3.jar:4.5.3]
	at org.apache.http.impl.conn.PoolingHttpClientConnectionManager.connect(PoolingHttpClientConnectionManager.java:359) ~[httpclient-4.5.3.jar:4.5.3]
	at org.apache.http.impl.execchain.MainClientExec.establishRoute(MainClientExec.java:381) ~[httpclient-4.5.3.jar:4.5.3]
	at org.apache.http.impl.execchain.MainClientExec.execute(MainClientExec.java:237) ~[httpclient-4.5.3.jar:4.5.3]
	at org.apache.http.impl.execchain.ProtocolExec.execute(ProtocolExec.java:185) ~[httpclient-4.5.3.jar:4.5.3]
	at org.apache.http.impl.execchain.RetryExec.execute(RetryExec.java:89) ~[httpclient-4.5.3.jar:4.5.3]
	at org.apache.http.impl.execchain.RedirectExec.execute(RedirectExec.java:111) ~[httpclient-4.5.3.jar:4.5.3]
	at org.apache.http.impl.client.InternalHttpClient.doExecute(InternalHttpClient.java:185) ~[httpclient-4.5.3.jar:4.5.3]
	at org.apache.http.impl.client.CloseableHttpClient.execute(CloseableHttpClient.java:72) ~[httpclient-4.5.3.jar:4.5.3]
	at org.glassfish.jersey.apache.connector.ApacheConnector.apply(ApacheConnector.java:483) ~[jersey-apache-connector-3.1.5.jar:na]
	... 16 common frames omitted
Caused by: java.net.ConnectException: Connection refused
	at java.base/sun.nio.ch.Net.pollConnect(Native Method) ~[na:na]
	at java.base/sun.nio.ch.Net.pollConnectNow(Net.java:694) ~[na:na]
	at java.base/sun.nio.ch.NioSocketImpl.timedFinishConnect(NioSocketImpl.java:542) ~[na:na]
	at java.base/sun.nio.ch.NioSocketImpl.connect(NioSocketImpl.java:592) ~[na:na]
	at java.base/java.net.SocksSocketImpl.connect(SocksSocketImpl.java:327) ~[na:na]
	at java.base/java.net.Socket.connect(Socket.java:751) ~[na:na]
	at org.apache.http.conn.socket.PlainConnectionSocketFactory.connectSocket(PlainConnectionSocketFactory.java:75) ~[httpclient-4.5.3.jar:4.5.3]
	at org.apache.http.impl.conn.DefaultHttpClientConnectionOperator.connect(DefaultHttpClientConnectionOperator.java:142) ~[httpclient-4.5.3.jar:4.5.3]
	... 25 common frames omitted

2026-04-04T00:51:13.924+05:30 ERROR 99059 --- [eureka-server] [et_localhost-15] c.n.e.cluster.ReplicationTaskProcessor   : Network level connection to peer localhost; retrying after delay

jakarta.ws.rs.ProcessingException: org.apache.http.conn.HttpHostConnectException: Connect to localhost:8761 [localhost/127.0.0.1] failed: Connection refused
	at org.glassfish.jersey.apache.connector.ApacheConnector.apply(ApacheConnector.java:531) ~[jersey-apache-connector-3.1.5.jar:na]
	at org.glassfish.jersey.client.ClientRuntime.invoke(ClientRuntime.java:300) ~[jersey-client-3.1.5.jar:na]
	at org.glassfish.jersey.client.JerseyInvocation.lambda$invoke$0(JerseyInvocation.java:662) ~[jersey-client-3.1.5.jar:na]
	at org.glassfish.jersey.client.JerseyInvocation.call(JerseyInvocation.java:697) ~[jersey-client-3.1.5.jar:na]
	at org.glassfish.jersey.client.JerseyInvocation.lambda$runInScope$3(JerseyInvocation.java:691) ~[jersey-client-3.1.5.jar:na]
	at org.glassfish.jersey.internal.Errors.process(Errors.java:292) ~[jersey-common-3.1.5.jar:na]
	at org.glassfish.jersey.internal.Errors.process(Errors.java:274) ~[jersey-common-3.1.5.jar:na]
	at org.glassfish.jersey.internal.Errors.process(Errors.java:205) ~[jersey-common-3.1.5.jar:na]
	at org.glassfish.jersey.process.internal.RequestScope.runInScope(RequestScope.java:390) ~[jersey-common-3.1.5.jar:na]
	at org.glassfish.jersey.client.JerseyInvocation.runInScope(JerseyInvocation.java:691) ~[jersey-client-3.1.5.jar:na]
	at org.glassfish.jersey.client.JerseyInvocation.invoke(JerseyInvocation.java:661) ~[jersey-client-3.1.5.jar:na]
	at org.glassfish.jersey.client.JerseyInvocation$Builder.method(JerseyInvocation.java:439) ~[jersey-client-3.1.5.jar:na]
	at org.glassfish.jersey.client.JerseyInvocation$Builder.post(JerseyInvocation.java:345) ~[jersey-client-3.1.5.jar:na]
	at com.netflix.eureka.transport.Jersey3ReplicationClient.submitBatchUpdates(Jersey3ReplicationClient.java:116) ~[eureka-core-jersey3-2.0.1.jar:2.0.1]
	at com.netflix.eureka.cluster.ReplicationTaskProcessor.process(ReplicationTaskProcessor.java:80) ~[eureka-core-2.0.1.jar:2.0.1]
	at com.netflix.eureka.util.batcher.TaskExecutors$BatchWorkerRunnable.run(TaskExecutors.java:190) ~[eureka-core-2.0.1.jar:2.0.1]
	at java.base/java.lang.Thread.run(Thread.java:1583) ~[na:na]
Caused by: org.apache.http.conn.HttpHostConnectException: Connect to localhost:8761 [localhost/127.0.0.1] failed: Connection refused
	at org.apache.http.impl.conn.DefaultHttpClientConnectionOperator.connect(DefaultHttpClientConnectionOperator.java:159) ~[httpclient-4.5.3.jar:4.5.3]
	at org.apache.http.impl.conn.PoolingHttpClientConnectionManager.connect(PoolingHttpClientConnectionManager.java:359) ~[httpclient-4.5.3.jar:4.5.3]
	at org.apache.http.impl.execchain.MainClientExec.establishRoute(MainClientExec.java:381) ~[httpclient-4.5.3.jar:4.5.3]
	at org.apache.http.impl.execchain.MainClientExec.execute(MainClientExec.java:237) ~[httpclient-4.5.3.jar:4.5.3]
	at org.apache.http.impl.execchain.ProtocolExec.execute(ProtocolExec.java:185) ~[httpclient-4.5.3.jar:4.5.3]
	at org.apache.http.impl.execchain.RetryExec.execute(RetryExec.java:89) ~[httpclient-4.5.3.jar:4.5.3]
	at org.apache.http.impl.execchain.RedirectExec.execute(RedirectExec.java:111) ~[httpclient-4.5.3.jar:4.5.3]
	at org.apache.http.impl.client.InternalHttpClient.doExecute(InternalHttpClient.java:185) ~[httpclient-4.5.3.jar:4.5.3]
	at org.apache.http.impl.client.CloseableHttpClient.execute(CloseableHttpClient.java:72) ~[httpclient-4.5.3.jar:4.5.3]
	at org.glassfish.jersey.apache.connector.ApacheConnector.apply(ApacheConnector.java:483) ~[jersey-apache-connector-3.1.5.jar:na]
	... 16 common frames omitted
Caused by: java.net.ConnectException: Connection refused
	at java.base/sun.nio.ch.Net.pollConnect(Native Method) ~[na:na]
	at java.base/sun.nio.ch.Net.pollConnectNow(Net.java:694) ~[na:na]
	at java.base/sun.nio.ch.NioSocketImpl.timedFinishConnect(NioSocketImpl.java:542) ~[na:na]
	at java.base/sun.nio.ch.NioSocketImpl.connect(NioSocketImpl.java:592) ~[na:na]
	at java.base/java.net.SocksSocketImpl.connect(SocksSocketImpl.java:327) ~[na:na]
	at java.base/java.net.Socket.connect(Socket.java:751) ~[na:na]
	at org.apache.http.conn.socket.PlainConnectionSocketFactory.connectSocket(PlainConnectionSocketFactory.java:75) ~[httpclient-4.5.3.jar:4.5.3]
	at org.apache.http.impl.conn.DefaultHttpClientConnectionOperator.connect(DefaultHttpClientConnectionOperator.java:142) ~[httpclient-4.5.3.jar:4.5.3]
	... 25 common frames omitted

2026-04-04T00:51:14.619+05:30  INFO 99059 --- [eureka-server] [a-EvictionTimer] c.n.e.registry.AbstractInstanceRegistry  : Running the evict task with compensationTime 0ms
2026-04-04T00:51:24.019+05:30 ERROR 99059 --- [eureka-server] [get_localhost-4] c.n.e.cluster.ReplicationTaskProcessor   : Network level connection to peer localhost; retrying after delay

jakarta.ws.rs.ProcessingException: org.apache.http.conn.HttpHostConnectException: Connect to localhost:8761 [localhost/127.0.0.1] failed: Connection refused
	at org.glassfish.jersey.apache.connector.ApacheConnector.apply(ApacheConnector.java:531) ~[jersey-apache-connector-3.1.5.jar:na]
	at org.glassfish.jersey.client.ClientRuntime.invoke(ClientRuntime.java:300) ~[jersey-client-3.1.5.jar:na]
	at org.glassfish.jersey.client.JerseyInvocation.lambda$invoke$0(JerseyInvocation.java:662) ~[jersey-client-3.1.5.jar:na]
	at org.glassfish.jersey.client.JerseyInvocation.call(JerseyInvocation.java:697) ~[jersey-client-3.1.5.jar:na]
	at org.glassfish.jersey.client.JerseyInvocation.lambda$runInScope$3(JerseyInvocation.java:691) ~[jersey-client-3.1.5.jar:na]
	at org.glassfish.jersey.internal.Errors.process(Errors.java:292) ~[jersey-common-3.1.5.jar:na]
	at org.glassfish.jersey.internal.Errors.process(Errors.java:274) ~[jersey-common-3.1.5.jar:na]
	at org.glassfish.jersey.internal.Errors.process(Errors.java:205) ~[jersey-common-3.1.5.jar:na]
	at org.glassfish.jersey.process.internal.RequestScope.runInScope(RequestScope.java:390) ~[jersey-common-3.1.5.jar:na]
	at org.glassfish.jersey.client.JerseyInvocation.runInScope(JerseyInvocation.java:691) ~[jersey-client-3.1.5.jar:na]
	at org.glassfish.jersey.client.JerseyInvocation.invoke(JerseyInvocation.java:661) ~[jersey-client-3.1.5.jar:na]
	at org.glassfish.jersey.client.JerseyInvocation$Builder.method(JerseyInvocation.java:439) ~[jersey-client-3.1.5.jar:na]
	at org.glassfish.jersey.client.JerseyInvocation$Builder.post(JerseyInvocation.java:345) ~[jersey-client-3.1.5.jar:na]
	at com.netflix.eureka.transport.Jersey3ReplicationClient.submitBatchUpdates(Jersey3ReplicationClient.java:116) ~[eureka-core-jersey3-2.0.1.jar:2.0.1]
	at com.netflix.eureka.cluster.ReplicationTaskProcessor.process(ReplicationTaskProcessor.java:80) ~[eureka-core-2.0.1.jar:2.0.1]
	at com.netflix.eureka.util.batcher.TaskExecutors$BatchWorkerRunnable.run(TaskExecutors.java:190) ~[eureka-core-2.0.1.jar:2.0.1]
	at java.base/java.lang.Thread.run(Thread.java:1583) ~[na:na]
Caused by: org.apache.http.conn.HttpHostConnectException: Connect to localhost:8761 [localhost/127.0.0.1] failed: Connection refused
	at org.apache.http.impl.conn.DefaultHttpClientConnectionOperator.connect(DefaultHttpClientConnectionOperator.java:159) ~[httpclient-4.5.3.jar:4.5.3]
	at org.apache.http.impl.conn.PoolingHttpClientConnectionManager.connect(PoolingHttpClientConnectionManager.java:359) ~[httpclient-4.5.3.jar:4.5.3]
	at org.apache.http.impl.execchain.MainClientExec.establishRoute(MainClientExec.java:381) ~[httpclient-4.5.3.jar:4.5.3]
	at org.apache.http.impl.execchain.MainClientExec.execute(MainClientExec.java:237) ~[httpclient-4.5.3.jar:4.5.3]
	at org.apache.http.impl.execchain.ProtocolExec.execute(ProtocolExec.java:185) ~[httpclient-4.5.3.jar:4.5.3]
	at org.apache.http.impl.execchain.RetryExec.execute(RetryExec.java:89) ~[httpclient-4.5.3.jar:4.5.3]
	at org.apache.http.impl.execchain.RedirectExec.execute(RedirectExec.java:111) ~[httpclient-4.5.3.jar:4.5.3]
	at org.apache.http.impl.client.InternalHttpClient.doExecute(InternalHttpClient.java:185) ~[httpclient-4.5.3.jar:4.5.3]
	at org.apache.http.impl.client.CloseableHttpClient.execute(CloseableHttpClient.java:72) ~[httpclient-4.5.3.jar:4.5.3]
	at org.glassfish.jersey.apache.connector.ApacheConnector.apply(ApacheConnector.java:483) ~[jersey-apache-connector-3.1.5.jar:na]
	... 16 common frames omitted
Caused by: java.net.ConnectException: Connection refused
	at java.base/sun.nio.ch.Net.pollConnect(Native Method) ~[na:na]
	at java.base/sun.nio.ch.Net.pollConnectNow(Net.java:694) ~[na:na]
	at java.base/sun.nio.ch.NioSocketImpl.timedFinishConnect(NioSocketImpl.java:542) ~[na:na]
	at java.base/sun.nio.ch.NioSocketImpl.connect(NioSocketImpl.java:592) ~[na:na]
	at java.base/java.net.SocksSocketImpl.connect(SocksSocketImpl.java:327) ~[na:na]
	at java.base/java.net.Socket.connect(Socket.java:751) ~[na:na]
	at org.apache.http.conn.socket.PlainConnectionSocketFactory.connectSocket(PlainConnectionSocketFactory.java:75) ~[httpclient-4.5.3.jar:4.5.3]
	at org.apache.http.impl.conn.DefaultHttpClientConnectionOperator.connect(DefaultHttpClientConnectionOperator.java:142) ~[httpclient-4.5.3.jar:4.5.3]
	... 25 common frames omitted

2026-04-04T00:51:34.118+05:30 ERROR 99059 --- [eureka-server] [et_localhost-15] c.n.e.cluster.ReplicationTaskProcessor   : Network level connection to peer localhost; retrying after delay

jakarta.ws.rs.ProcessingException: org.apache.http.conn.HttpHostConnectException: Connect to localhost:8761 [localhost/127.0.0.1] failed: Connection refused
	at org.glassfish.jersey.apache.connector.ApacheConnector.apply(ApacheConnector.java:531) ~[jersey-apache-connector-3.1.5.jar:na]
	at org.glassfish.jersey.client.ClientRuntime.invoke(ClientRuntime.java:300) ~[jersey-client-3.1.5.jar:na]
	at org.glassfish.jersey.client.JerseyInvocation.lambda$invoke$0(JerseyInvocation.java:662) ~[jersey-client-3.1.5.jar:na]
	at org.glassfish.jersey.client.JerseyInvocation.call(JerseyInvocation.java:697) ~[jersey-client-3.1.5.jar:na]
	at org.glassfish.jersey.client.JerseyInvocation.lambda$runInScope$3(JerseyInvocation.java:691) ~[jersey-client-3.1.5.jar:na]
	at org.glassfish.jersey.internal.Errors.process(Errors.java:292) ~[jersey-common-3.1.5.jar:na]
	at org.glassfish.jersey.internal.Errors.process(Errors.java:274) ~[jersey-common-3.1.5.jar:na]
	at org.glassfish.jersey.internal.Errors.process(Errors.java:205) ~[jersey-common-3.1.5.jar:na]
	at org.glassfish.jersey.process.internal.RequestScope.runInScope(RequestScope.java:390) ~[jersey-common-3.1.5.jar:na]
	at org.glassfish.jersey.client.JerseyInvocation.runInScope(JerseyInvocation.java:691) ~[jersey-client-3.1.5.jar:na]
	at org.glassfish.jersey.client.JerseyInvocation.invoke(JerseyInvocation.java:661) ~[jersey-client-3.1.5.jar:na]
	at org.glassfish.jersey.client.JerseyInvocation$Builder.method(JerseyInvocation.java:439) ~[jersey-client-3.1.5.jar:na]
	at org.glassfish.jersey.client.JerseyInvocation$Builder.post(JerseyInvocation.java:345) ~[jersey-client-3.1.5.jar:na]
	at com.netflix.eureka.transport.Jersey3ReplicationClient.submitBatchUpdates(Jersey3ReplicationClient.java:116) ~[eureka-core-jersey3-2.0.1.jar:2.0.1]
	at com.netflix.eureka.cluster.ReplicationTaskProcessor.process(ReplicationTaskProcessor.java:80) ~[eureka-core-2.0.1.jar:2.0.1]
	at com.netflix.eureka.util.batcher.TaskExecutors$BatchWorkerRunnable.run(TaskExecutors.java:190) ~[eureka-core-2.0.1.jar:2.0.1]
	at java.base/java.lang.Thread.run(Thread.java:1583) ~[na:na]
Caused by: org.apache.http.conn.HttpHostConnectException: Connect to localhost:8761 [localhost/127.0.0.1] failed: Connection refused
	at org.apache.http.impl.conn.DefaultHttpClientConnectionOperator.connect(DefaultHttpClientConnectionOperator.java:159) ~[httpclient-4.5.3.jar:4.5.3]
	at org.apache.http.impl.conn.PoolingHttpClientConnectionManager.connect(PoolingHttpClientConnectionManager.java:359) ~[httpclient-4.5.3.jar:4.5.3]
	at org.apache.http.impl.execchain.MainClientExec.establishRoute(MainClientExec.java:381) ~[httpclient-4.5.3.jar:4.5.3]
	at org.apache.http.impl.execchain.MainClientExec.execute(MainClientExec.java:237) ~[httpclient-4.5.3.jar:4.5.3]
	at org.apache.http.impl.execchain.ProtocolExec.execute(ProtocolExec.java:185) ~[httpclient-4.5.3.jar:4.5.3]
	at org.apache.http.impl.execchain.RetryExec.execute(RetryExec.java:89) ~[httpclient-4.5.3.jar:4.5.3]
	at org.apache.http.impl.execchain.RedirectExec.execute(RedirectExec.java:111) ~[httpclient-4.5.3.jar:4.5.3]
	at org.apache.http.impl.client.InternalHttpClient.doExecute(InternalHttpClient.java:185) ~[httpclient-4.5.3.jar:4.5.3]
	at org.apache.http.impl.client.CloseableHttpClient.execute(CloseableHttpClient.java:72) ~[httpclient-4.5.3.jar:4.5.3]
	at org.glassfish.jersey.apache.connector.ApacheConnector.apply(ApacheConnector.java:483) ~[jersey-apache-connector-3.1.5.jar:na]
	... 16 common frames omitted
Caused by: java.net.ConnectException: Connection refused
	at java.base/sun.nio.ch.Net.pollConnect(Native Method) ~[na:na]
	at java.base/sun.nio.ch.Net.pollConnectNow(Net.java:694) ~[na:na]
	at java.base/sun.nio.ch.NioSocketImpl.timedFinishConnect(NioSocketImpl.java:542) ~[na:na]
	at java.base/sun.nio.ch.NioSocketImpl.connect(NioSocketImpl.java:592) ~[na:na]
	at java.base/java.net.SocksSocketImpl.connect(SocksSocketImpl.java:327) ~[na:na]
	at java.base/java.net.Socket.connect(Socket.java:751) ~[na:na]
	at org.apache.http.conn.socket.PlainConnectionSocketFactory.connectSocket(PlainConnectionSocketFactory.java:75) ~[httpclient-4.5.3.jar:4.5.3]
	at org.apache.http.impl.conn.DefaultHttpClientConnectionOperator.connect(DefaultHttpClientConnectionOperator.java:142) ~[httpclient-4.5.3.jar:4.5.3]
	... 25 common frames omitted

2026-04-04T00:51:44.120+05:30 ERROR 99059 --- [eureka-server] [get_localhost-3] c.n.e.cluster.ReplicationTaskProcessor   : Network level connection to peer localhost; retrying after delay

jakarta.ws.rs.ProcessingException: org.apache.http.conn.HttpHostConnectException: Connect to localhost:8761 [localhost/127.0.0.1] failed: Connection refused
	at org.glassfish.jersey.apache.connector.ApacheConnector.apply(ApacheConnector.java:531) ~[jersey-apache-connector-3.1.5.jar:na]
	at org.glassfish.jersey.client.ClientRuntime.invoke(ClientRuntime.java:300) ~[jersey-client-3.1.5.jar:na]
	at org.glassfish.jersey.client.JerseyInvocation.lambda$invoke$0(JerseyInvocation.java:662) ~[jersey-client-3.1.5.jar:na]
	at org.glassfish.jersey.client.JerseyInvocation.call(JerseyInvocation.java:697) ~[jersey-client-3.1.5.jar:na]
	at org.glassfish.jersey.client.JerseyInvocation.lambda$runInScope$3(JerseyInvocation.java:691) ~[jersey-client-3.1.5.jar:na]
	at org.glassfish.jersey.internal.Errors.process(Errors.java:292) ~[jersey-common-3.1.5.jar:na]
	at org.glassfish.jersey.internal.Errors.process(Errors.java:274) ~[jersey-common-3.1.5.jar:na]
	at org.glassfish.jersey.internal.Errors.process(Errors.java:205) ~[jersey-common-3.1.5.jar:na]
	at org.glassfish.jersey.process.internal.RequestScope.runInScope(RequestScope.java:390) ~[jersey-common-3.1.5.jar:na]
	at org.glassfish.jersey.client.JerseyInvocation.runInScope(JerseyInvocation.java:691) ~[jersey-client-3.1.5.jar:na]
	at org.glassfish.jersey.client.JerseyInvocation.invoke(JerseyInvocation.java:661) ~[jersey-client-3.1.5.jar:na]
	at org.glassfish.jersey.client.JerseyInvocation$Builder.method(JerseyInvocation.java:439) ~[jersey-client-3.1.5.jar:na]
	at org.glassfish.jersey.client.JerseyInvocation$Builder.post(JerseyInvocation.java:345) ~[jersey-client-3.1.5.jar:na]
	at com.netflix.eureka.transport.Jersey3ReplicationClient.submitBatchUpdates(Jersey3ReplicationClient.java:116) ~[eureka-core-jersey3-2.0.1.jar:2.0.1]
	at com.netflix.eureka.cluster.ReplicationTaskProcessor.process(ReplicationTaskProcessor.java:80) ~[eureka-core-2.0.1.jar:2.0.1]
	at com.netflix.eureka.util.batcher.TaskExecutors$BatchWorkerRunnable.run(TaskExecutors.java:190) ~[eureka-core-2.0.1.jar:2.0.1]
	at java.base/java.lang.Thread.run(Thread.java:1583) ~[na:na]
Caused by: org.apache.http.conn.HttpHostConnectException: Connect to localhost:8761 [localhost/127.0.0.1] failed: Connection refused
	at org.apache.http.impl.conn.DefaultHttpClientConnectionOperator.connect(DefaultHttpClientConnectionOperator.java:159) ~[httpclient-4.5.3.jar:4.5.3]
	at org.apache.http.impl.conn.PoolingHttpClientConnectionManager.connect(PoolingHttpClientConnectionManager.java:359) ~[httpclient-4.5.3.jar:4.5.3]
	at org.apache.http.impl.execchain.MainClientExec.establishRoute(MainClientExec.java:381) ~[httpclient-4.5.3.jar:4.5.3]
	at org.apache.http.impl.execchain.MainClientExec.execute(MainClientExec.java:237) ~[httpclient-4.5.3.jar:4.5.3]
	at org.apache.http.impl.execchain.ProtocolExec.execute(ProtocolExec.java:185) ~[httpclient-4.5.3.jar:4.5.3]
	at org.apache.http.impl.execchain.RetryExec.execute(RetryExec.java:89) ~[httpclient-4.5.3.jar:4.5.3]
	at org.apache.http.impl.execchain.RedirectExec.execute(RedirectExec.java:111) ~[httpclient-4.5.3.jar:4.5.3]
	at org.apache.http.impl.client.InternalHttpClient.doExecute(InternalHttpClient.java:185) ~[httpclient-4.5.3.jar:4.5.3]
	at org.apache.http.impl.client.CloseableHttpClient.execute(CloseableHttpClient.java:72) ~[httpclient-4.5.3.jar:4.5.3]
	at org.glassfish.jersey.apache.connector.ApacheConnector.apply(ApacheConnector.java:483) ~[jersey-apache-connector-3.1.5.jar:na]
	... 16 common frames omitted
Caused by: java.net.ConnectException: Connection refused
	at java.base/sun.nio.ch.Net.pollConnect(Native Method) ~[na:na]
	at java.base/sun.nio.ch.Net.pollConnectNow(Net.java:694) ~[na:na]
	at java.base/sun.nio.ch.NioSocketImpl.timedFinishConnect(NioSocketImpl.java:542) ~[na:na]
	at java.base/sun.nio.ch.NioSocketImpl.connect(NioSocketImpl.java:592) ~[na:na]
	at java.base/java.net.SocksSocketImpl.connect(SocksSocketImpl.java:327) ~[na:na]
	at java.base/java.net.Socket.connect(Socket.java:751) ~[na:na]
	at org.apache.http.conn.socket.PlainConnectionSocketFactory.connectSocket(PlainConnectionSocketFactory.java:75) ~[httpclient-4.5.3.jar:4.5.3]
	at org.apache.http.impl.conn.DefaultHttpClientConnectionOperator.connect(DefaultHttpClientConnectionOperator.java:142) ~[httpclient-4.5.3.jar:4.5.3]
	... 25 common frames omitted

2026-04-04T00:51:54.166+05:30 ERROR 99059 --- [eureka-server] [et_localhost-10] c.n.e.cluster.ReplicationTaskProcessor   : Network level connection to peer localhost; retrying after delay

jakarta.ws.rs.ProcessingException: org.apache.http.conn.HttpHostConnectException: Connect to localhost:8761 [localhost/127.0.0.1] failed: Connection refused
	at org.glassfish.jersey.apache.connector.ApacheConnector.apply(ApacheConnector.java:531) ~[jersey-apache-connector-3.1.5.jar:na]
	at org.glassfish.jersey.client.ClientRuntime.invoke(ClientRuntime.java:300) ~[jersey-client-3.1.5.jar:na]
	at org.glassfish.jersey.client.JerseyInvocation.lambda$invoke$0(JerseyInvocation.java:662) ~[jersey-client-3.1.5.jar:na]
	at org.glassfish.jersey.client.JerseyInvocation.call(JerseyInvocation.java:697) ~[jersey-client-3.1.5.jar:na]
	at org.glassfish.jersey.client.JerseyInvocation.lambda$runInScope$3(JerseyInvocation.java:691) ~[jersey-client-3.1.5.jar:na]
	at org.glassfish.jersey.internal.Errors.process(Errors.java:292) ~[jersey-common-3.1.5.jar:na]
	at org.glassfish.jersey.internal.Errors.process(Errors.java:274) ~[jersey-common-3.1.5.jar:na]
	at org.glassfish.jersey.internal.Errors.process(Errors.java:205) ~[jersey-common-3.1.5.jar:na]
	at org.glassfish.jersey.process.internal.RequestScope.runInScope(RequestScope.java:390) ~[jersey-common-3.1.5.jar:na]
	at org.glassfish.jersey.client.JerseyInvocation.runInScope(JerseyInvocation.java:691) ~[jersey-client-3.1.5.jar:na]
	at org.glassfish.jersey.client.JerseyInvocation.invoke(JerseyInvocation.java:661) ~[jersey-client-3.1.5.jar:na]
	at org.glassfish.jersey.client.JerseyInvocation$Builder.method(JerseyInvocation.java:439) ~[jersey-client-3.1.5.jar:na]
	at org.glassfish.jersey.client.JerseyInvocation$Builder.post(JerseyInvocation.java:345) ~[jersey-client-3.1.5.jar:na]
	at com.netflix.eureka.transport.Jersey3ReplicationClient.submitBatchUpdates(Jersey3ReplicationClient.java:116) ~[eureka-core-jersey3-2.0.1.jar:2.0.1]
	at com.netflix.eureka.cluster.ReplicationTaskProcessor.process(ReplicationTaskProcessor.java:80) ~[eureka-core-2.0.1.jar:2.0.1]
	at com.netflix.eureka.util.batcher.TaskExecutors$BatchWorkerRunnable.run(TaskExecutors.java:190) ~[eureka-core-2.0.1.jar:2.0.1]
	at java.base/java.lang.Thread.run(Thread.java:1583) ~[na:na]
Caused by: org.apache.http.conn.HttpHostConnectException: Connect to localhost:8761 [localhost/127.0.0.1] failed: Connection refused
	at org.apache.http.impl.conn.DefaultHttpClientConnectionOperator.connect(DefaultHttpClientConnectionOperator.java:159) ~[httpclient-4.5.3.jar:4.5.3]
	at org.apache.http.impl.conn.PoolingHttpClientConnectionManager.connect(PoolingHttpClientConnectionManager.java:359) ~[httpclient-4.5.3.jar:4.5.3]
	at org.apache.http.impl.execchain.MainClientExec.establishRoute(MainClientExec.java:381) ~[httpclient-4.5.3.jar:4.5.3]
	at org.apache.http.impl.execchain.MainClientExec.execute(MainClientExec.java:237) ~[httpclient-4.5.3.jar:4.5.3]
	at org.apache.http.impl.execchain.ProtocolExec.execute(ProtocolExec.java:185) ~[httpclient-4.5.3.jar:4.5.3]
	at org.apache.http.impl.execchain.RetryExec.execute(RetryExec.java:89) ~[httpclient-4.5.3.jar:4.5.3]
	at org.apache.http.impl.execchain.RedirectExec.execute(RedirectExec.java:111) ~[httpclient-4.5.3.jar:4.5.3]
	at org.apache.http.impl.client.InternalHttpClient.doExecute(InternalHttpClient.java:185) ~[httpclient-4.5.3.jar:4.5.3]
	at org.apache.http.impl.client.CloseableHttpClient.execute(CloseableHttpClient.java:72) ~[httpclient-4.5.3.jar:4.5.3]
	at org.glassfish.jersey.apache.connector.ApacheConnector.apply(ApacheConnector.java:483) ~[jersey-apache-connector-3.1.5.jar:na]
	... 16 common frames omitted
Caused by: java.net.ConnectException: Connection refused
	at java.base/sun.nio.ch.Net.pollConnect(Native Method) ~[na:na]
	at java.base/sun.nio.ch.Net.pollConnectNow(Net.java:694) ~[na:na]
	at java.base/sun.nio.ch.NioSocketImpl.timedFinishConnect(NioSocketImpl.java:542) ~[na:na]
	at java.base/sun.nio.ch.NioSocketImpl.connect(NioSocketImpl.java:592) ~[na:na]
	at java.base/java.net.SocksSocketImpl.connect(SocksSocketImpl.java:327) ~[na:na]
	at java.base/java.net.Socket.connect(Socket.java:751) ~[na:na]
	at org.apache.http.conn.socket.PlainConnectionSocketFactory.connectSocket(PlainConnectionSocketFactory.java:75) ~[httpclient-4.5.3.jar:4.5.3]
	at org.apache.http.impl.conn.DefaultHttpClientConnectionOperator.connect(DefaultHttpClientConnectionOperator.java:142) ~[httpclient-4.5.3.jar:4.5.3]
	... 25 common frames omitted

2026-04-04T00:52:04.175+05:30 ERROR 99059 --- [eureka-server] [get_localhost-7] c.n.e.cluster.ReplicationTaskProcessor   : Network level connection to peer localhost; retrying after delay

jakarta.ws.rs.ProcessingException: org.apache.http.conn.HttpHostConnectException: Connect to localhost:8761 [localhost/127.0.0.1] failed: Connection refused
	at org.glassfish.jersey.apache.connector.ApacheConnector.apply(ApacheConnector.java:531) ~[jersey-apache-connector-3.1.5.jar:na]
	at org.glassfish.jersey.client.ClientRuntime.invoke(ClientRuntime.java:300) ~[jersey-client-3.1.5.jar:na]
	at org.glassfish.jersey.client.JerseyInvocation.lambda$invoke$0(JerseyInvocation.java:662) ~[jersey-client-3.1.5.jar:na]
	at org.glassfish.jersey.client.JerseyInvocation.call(JerseyInvocation.java:697) ~[jersey-client-3.1.5.jar:na]
	at org.glassfish.jersey.client.JerseyInvocation.lambda$runInScope$3(JerseyInvocation.java:691) ~[jersey-client-3.1.5.jar:na]
	at org.glassfish.jersey.internal.Errors.process(Errors.java:292) ~[jersey-common-3.1.5.jar:na]
	at org.glassfish.jersey.internal.Errors.process(Errors.java:274) ~[jersey-common-3.1.5.jar:na]
	at org.glassfish.jersey.internal.Errors.process(Errors.java:205) ~[jersey-common-3.1.5.jar:na]
	at org.glassfish.jersey.process.internal.RequestScope.runInScope(RequestScope.java:390) ~[jersey-common-3.1.5.jar:na]
	at org.glassfish.jersey.client.JerseyInvocation.runInScope(JerseyInvocation.java:691) ~[jersey-client-3.1.5.jar:na]
	at org.glassfish.jersey.client.JerseyInvocation.invoke(JerseyInvocation.java:661) ~[jersey-client-3.1.5.jar:na]
	at org.glassfish.jersey.client.JerseyInvocation$Builder.method(JerseyInvocation.java:439) ~[jersey-client-3.1.5.jar:na]
	at org.glassfish.jersey.client.JerseyInvocation$Builder.post(JerseyInvocation.java:345) ~[jersey-client-3.1.5.jar:na]
	at com.netflix.eureka.transport.Jersey3ReplicationClient.submitBatchUpdates(Jersey3ReplicationClient.java:116) ~[eureka-core-jersey3-2.0.1.jar:2.0.1]
	at com.netflix.eureka.cluster.ReplicationTaskProcessor.process(ReplicationTaskProcessor.java:80) ~[eureka-core-2.0.1.jar:2.0.1]
	at com.netflix.eureka.util.batcher.TaskExecutors$BatchWorkerRunnable.run(TaskExecutors.java:190) ~[eureka-core-2.0.1.jar:2.0.1]
	at java.base/java.lang.Thread.run(Thread.java:1583) ~[na:na]
Caused by: org.apache.http.conn.HttpHostConnectException: Connect to localhost:8761 [localhost/127.0.0.1] failed: Connection refused
	at org.apache.http.impl.conn.DefaultHttpClientConnectionOperator.connect(DefaultHttpClientConnectionOperator.java:159) ~[httpclient-4.5.3.jar:4.5.3]
	at org.apache.http.impl.conn.PoolingHttpClientConnectionManager.connect(PoolingHttpClientConnectionManager.java:359) ~[httpclient-4.5.3.jar:4.5.3]
	at org.apache.http.impl.execchain.MainClientExec.establishRoute(MainClientExec.java:381) ~[httpclient-4.5.3.jar:4.5.3]
	at org.apache.http.impl.execchain.MainClientExec.execute(MainClientExec.java:237) ~[httpclient-4.5.3.jar:4.5.3]
	at org.apache.http.impl.execchain.ProtocolExec.execute(ProtocolExec.java:185) ~[httpclient-4.5.3.jar:4.5.3]
	at org.apache.http.impl.execchain.RetryExec.execute(RetryExec.java:89) ~[httpclient-4.5.3.jar:4.5.3]
	at org.apache.http.impl.execchain.RedirectExec.execute(RedirectExec.java:111) ~[httpclient-4.5.3.jar:4.5.3]
	at org.apache.http.impl.client.InternalHttpClient.doExecute(InternalHttpClient.java:185) ~[httpclient-4.5.3.jar:4.5.3]
	at org.apache.http.impl.client.CloseableHttpClient.execute(CloseableHttpClient.java:72) ~[httpclient-4.5.3.jar:4.5.3]
	at org.glassfish.jersey.apache.connector.ApacheConnector.apply(ApacheConnector.java:483) ~[jersey-apache-connector-3.1.5.jar:na]
	... 16 common frames omitted
Caused by: java.net.ConnectException: Connection refused
	at java.base/sun.nio.ch.Net.pollConnect(Native Method) ~[na:na]
	at java.base/sun.nio.ch.Net.pollConnectNow(Net.java:694) ~[na:na]
	at java.base/sun.nio.ch.NioSocketImpl.timedFinishConnect(NioSocketImpl.java:542) ~[na:na]
	at java.base/sun.nio.ch.NioSocketImpl.connect(NioSocketImpl.java:592) ~[na:na]
	at java.base/java.net.SocksSocketImpl.connect(SocksSocketImpl.java:327) ~[na:na]
	at java.base/java.net.Socket.connect(Socket.java:751) ~[na:na]
	at org.apache.http.conn.socket.PlainConnectionSocketFactory.connectSocket(PlainConnectionSocketFactory.java:75) ~[httpclient-4.5.3.jar:4.5.3]
	at org.apache.http.impl.conn.DefaultHttpClientConnectionOperator.connect(DefaultHttpClientConnectionOperator.java:142) ~[httpclient-4.5.3.jar:4.5.3]
	... 25 common frames omitted

2026-04-04T00:52:14.235+05:30 ERROR 99059 --- [eureka-server] [get_localhost-1] c.n.e.cluster.ReplicationTaskProcessor   : Network level connection to peer localhost; retrying after delay

jakarta.ws.rs.ProcessingException: org.apache.http.conn.HttpHostConnectException: Connect to localhost:8761 [localhost/127.0.0.1] failed: Connection refused
	at org.glassfish.jersey.apache.connector.ApacheConnector.apply(ApacheConnector.java:531) ~[jersey-apache-connector-3.1.5.jar:na]
	at org.glassfish.jersey.client.ClientRuntime.invoke(ClientRuntime.java:300) ~[jersey-client-3.1.5.jar:na]
	at org.glassfish.jersey.client.JerseyInvocation.lambda$invoke$0(JerseyInvocation.java:662) ~[jersey-client-3.1.5.jar:na]
	at org.glassfish.jersey.client.JerseyInvocation.call(JerseyInvocation.java:697) ~[jersey-client-3.1.5.jar:na]
	at org.glassfish.jersey.client.JerseyInvocation.lambda$runInScope$3(JerseyInvocation.java:691) ~[jersey-client-3.1.5.jar:na]
	at org.glassfish.jersey.internal.Errors.process(Errors.java:292) ~[jersey-common-3.1.5.jar:na]
	at org.glassfish.jersey.internal.Errors.process(Errors.java:274) ~[jersey-common-3.1.5.jar:na]
	at org.glassfish.jersey.internal.Errors.process(Errors.java:205) ~[jersey-common-3.1.5.jar:na]
	at org.glassfish.jersey.process.internal.RequestScope.runInScope(RequestScope.java:390) ~[jersey-common-3.1.5.jar:na]
	at org.glassfish.jersey.client.JerseyInvocation.runInScope(JerseyInvocation.java:691) ~[jersey-client-3.1.5.jar:na]
	at org.glassfish.jersey.client.JerseyInvocation.invoke(JerseyInvocation.java:661) ~[jersey-client-3.1.5.jar:na]
	at org.glassfish.jersey.client.JerseyInvocation$Builder.method(JerseyInvocation.java:439) ~[jersey-client-3.1.5.jar:na]
	at org.glassfish.jersey.client.JerseyInvocation$Builder.post(JerseyInvocation.java:345) ~[jersey-client-3.1.5.jar:na]
	at com.netflix.eureka.transport.Jersey3ReplicationClient.submitBatchUpdates(Jersey3ReplicationClient.java:116) ~[eureka-core-jersey3-2.0.1.jar:2.0.1]
	at com.netflix.eureka.cluster.ReplicationTaskProcessor.process(ReplicationTaskProcessor.java:80) ~[eureka-core-2.0.1.jar:2.0.1]
	at com.netflix.eureka.util.batcher.TaskExecutors$BatchWorkerRunnable.run(TaskExecutors.java:190) ~[eureka-core-2.0.1.jar:2.0.1]
	at java.base/java.lang.Thread.run(Thread.java:1583) ~[na:na]
Caused by: org.apache.http.conn.HttpHostConnectException: Connect to localhost:8761 [localhost/127.0.0.1] failed: Connection refused
	at org.apache.http.impl.conn.DefaultHttpClientConnectionOperator.connect(DefaultHttpClientConnectionOperator.java:159) ~[httpclient-4.5.3.jar:4.5.3]
	at org.apache.http.impl.conn.PoolingHttpClientConnectionManager.connect(PoolingHttpClientConnectionManager.java:359) ~[httpclient-4.5.3.jar:4.5.3]
	at org.apache.http.impl.execchain.MainClientExec.establishRoute(MainClientExec.java:381) ~[httpclient-4.5.3.jar:4.5.3]
	at org.apache.http.impl.execchain.MainClientExec.execute(MainClientExec.java:237) ~[httpclient-4.5.3.jar:4.5.3]
	at org.apache.http.impl.execchain.ProtocolExec.execute(ProtocolExec.java:185) ~[httpclient-4.5.3.jar:4.5.3]
	at org.apache.http.impl.execchain.RetryExec.execute(RetryExec.java:89) ~[httpclient-4.5.3.jar:4.5.3]
	at org.apache.http.impl.execchain.RedirectExec.execute(RedirectExec.java:111) ~[httpclient-4.5.3.jar:4.5.3]
	at org.apache.http.impl.client.InternalHttpClient.doExecute(InternalHttpClient.java:185) ~[httpclient-4.5.3.jar:4.5.3]
	at org.apache.http.impl.client.CloseableHttpClient.execute(CloseableHttpClient.java:72) ~[httpclient-4.5.3.jar:4.5.3]
	at org.glassfish.jersey.apache.connector.ApacheConnector.apply(ApacheConnector.java:483) ~[jersey-apache-connector-3.1.5.jar:na]
	... 16 common frames omitted
Caused by: java.net.ConnectException: Connection refused
	at java.base/sun.nio.ch.Net.pollConnect(Native Method) ~[na:na]
	at java.base/sun.nio.ch.Net.pollConnectNow(Net.java:694) ~[na:na]
	at java.base/sun.nio.ch.NioSocketImpl.timedFinishConnect(NioSocketImpl.java:542) ~[na:na]
	at java.base/sun.nio.ch.NioSocketImpl.connect(NioSocketImpl.java:592) ~[na:na]
	at java.base/java.net.SocksSocketImpl.connect(SocksSocketImpl.java:327) ~[na:na]
	at java.base/java.net.Socket.connect(Socket.java:751) ~[na:na]
	at org.apache.http.conn.socket.PlainConnectionSocketFactory.connectSocket(PlainConnectionSocketFactory.java:75) ~[httpclient-4.5.3.jar:4.5.3]
	at org.apache.http.impl.conn.DefaultHttpClientConnectionOperator.connect(DefaultHttpClientConnectionOperator.java:142) ~[httpclient-4.5.3.jar:4.5.3]
	... 25 common frames omitted

2026-04-04T00:52:14.619+05:30  INFO 99059 --- [eureka-server] [a-EvictionTimer] c.n.e.registry.AbstractInstanceRegistry  : Running the evict task with compensationTime 0ms
2026-04-04T00:52:24.273+05:30 ERROR 99059 --- [eureka-server] [et_localhost-17] c.n.e.cluster.ReplicationTaskProcessor   : Network level connection to peer localhost; retrying after delay

jakarta.ws.rs.ProcessingException: org.apache.http.conn.HttpHostConnectException: Connect to localhost:8761 [localhost/127.0.0.1] failed: Connection refused
	at org.glassfish.jersey.apache.connector.ApacheConnector.apply(ApacheConnector.java:531) ~[jersey-apache-connector-3.1.5.jar:na]
	at org.glassfish.jersey.client.ClientRuntime.invoke(ClientRuntime.java:300) ~[jersey-client-3.1.5.jar:na]
	at org.glassfish.jersey.client.JerseyInvocation.lambda$invoke$0(JerseyInvocation.java:662) ~[jersey-client-3.1.5.jar:na]
	at org.glassfish.jersey.client.JerseyInvocation.call(JerseyInvocation.java:697) ~[jersey-client-3.1.5.jar:na]
	at org.glassfish.jersey.client.JerseyInvocation.lambda$runInScope$3(JerseyInvocation.java:691) ~[jersey-client-3.1.5.jar:na]
	at org.glassfish.jersey.internal.Errors.process(Errors.java:292) ~[jersey-common-3.1.5.jar:na]
	at org.glassfish.jersey.internal.Errors.process(Errors.java:274) ~[jersey-common-3.1.5.jar:na]
	at org.glassfish.jersey.internal.Errors.process(Errors.java:205) ~[jersey-common-3.1.5.jar:na]
	at org.glassfish.jersey.process.internal.RequestScope.runInScope(RequestScope.java:390) ~[jersey-common-3.1.5.jar:na]
	at org.glassfish.jersey.client.JerseyInvocation.runInScope(JerseyInvocation.java:691) ~[jersey-client-3.1.5.jar:na]
	at org.glassfish.jersey.client.JerseyInvocation.invoke(JerseyInvocation.java:661) ~[jersey-client-3.1.5.jar:na]
	at org.glassfish.jersey.client.JerseyInvocation$Builder.method(JerseyInvocation.java:439) ~[jersey-client-3.1.5.jar:na]
	at org.glassfish.jersey.client.JerseyInvocation$Builder.post(JerseyInvocation.java:345) ~[jersey-client-3.1.5.jar:na]
	at com.netflix.eureka.transport.Jersey3ReplicationClient.submitBatchUpdates(Jersey3ReplicationClient.java:116) ~[eureka-core-jersey3-2.0.1.jar:2.0.1]
	at com.netflix.eureka.cluster.ReplicationTaskProcessor.process(ReplicationTaskProcessor.java:80) ~[eureka-core-2.0.1.jar:2.0.1]
	at com.netflix.eureka.util.batcher.TaskExecutors$BatchWorkerRunnable.run(TaskExecutors.java:190) ~[eureka-core-2.0.1.jar:2.0.1]
	at java.base/java.lang.Thread.run(Thread.java:1583) ~[na:na]
Caused by: org.apache.http.conn.HttpHostConnectException: Connect to localhost:8761 [localhost/127.0.0.1] failed: Connection refused
	at org.apache.http.impl.conn.DefaultHttpClientConnectionOperator.connect(DefaultHttpClientConnectionOperator.java:159) ~[httpclient-4.5.3.jar:4.5.3]
	at org.apache.http.impl.conn.PoolingHttpClientConnectionManager.connect(PoolingHttpClientConnectionManager.java:359) ~[httpclient-4.5.3.jar:4.5.3]
	at org.apache.http.impl.execchain.MainClientExec.establishRoute(MainClientExec.java:381) ~[httpclient-4.5.3.jar:4.5.3]
	at org.apache.http.impl.execchain.MainClientExec.execute(MainClientExec.java:237) ~[httpclient-4.5.3.jar:4.5.3]
	at org.apache.http.impl.execchain.ProtocolExec.execute(ProtocolExec.java:185) ~[httpclient-4.5.3.jar:4.5.3]
	at org.apache.http.impl.execchain.RetryExec.execute(RetryExec.java:89) ~[httpclient-4.5.3.jar:4.5.3]
	at org.apache.http.impl.execchain.RedirectExec.execute(RedirectExec.java:111) ~[httpclient-4.5.3.jar:4.5.3]
	at org.apache.http.impl.client.InternalHttpClient.doExecute(InternalHttpClient.java:185) ~[httpclient-4.5.3.jar:4.5.3]
	at org.apache.http.impl.client.CloseableHttpClient.execute(CloseableHttpClient.java:72) ~[httpclient-4.5.3.jar:4.5.3]
	at org.glassfish.jersey.apache.connector.ApacheConnector.apply(ApacheConnector.java:483) ~[jersey-apache-connector-3.1.5.jar:na]
	... 16 common frames omitted
Caused by: java.net.ConnectException: Connection refused
	at java.base/sun.nio.ch.Net.pollConnect(Native Method) ~[na:na]
	at java.base/sun.nio.ch.Net.pollConnectNow(Net.java:694) ~[na:na]
	at java.base/sun.nio.ch.NioSocketImpl.timedFinishConnect(NioSocketImpl.java:542) ~[na:na]
	at java.base/sun.nio.ch.NioSocketImpl.connect(NioSocketImpl.java:592) ~[na:na]
	at java.base/java.net.SocksSocketImpl.connect(SocksSocketImpl.java:327) ~[na:na]
	at java.base/java.net.Socket.connect(Socket.java:751) ~[na:na]
	at org.apache.http.conn.socket.PlainConnectionSocketFactory.connectSocket(PlainConnectionSocketFactory.java:75) ~[httpclient-4.5.3.jar:4.5.3]
	at org.apache.http.impl.conn.DefaultHttpClientConnectionOperator.connect(DefaultHttpClientConnectionOperator.java:142) ~[httpclient-4.5.3.jar:4.5.3]
	... 25 common frames omitted

2026-04-04T00:52:34.324+05:30 ERROR 99059 --- [eureka-server] [get_localhost-3] c.n.e.cluster.ReplicationTaskProcessor   : Network level connection to peer localhost; retrying after delay

jakarta.ws.rs.ProcessingException: org.apache.http.conn.HttpHostConnectException: Connect to localhost:8761 [localhost/127.0.0.1] failed: Connection refused
	at org.glassfish.jersey.apache.connector.ApacheConnector.apply(ApacheConnector.java:531) ~[jersey-apache-connector-3.1.5.jar:na]
	at org.glassfish.jersey.client.ClientRuntime.invoke(ClientRuntime.java:300) ~[jersey-client-3.1.5.jar:na]
	at org.glassfish.jersey.client.JerseyInvocation.lambda$invoke$0(JerseyInvocation.java:662) ~[jersey-client-3.1.5.jar:na]
	at org.glassfish.jersey.client.JerseyInvocation.call(JerseyInvocation.java:697) ~[jersey-client-3.1.5.jar:na]
	at org.glassfish.jersey.client.JerseyInvocation.lambda$runInScope$3(JerseyInvocation.java:691) ~[jersey-client-3.1.5.jar:na]
	at org.glassfish.jersey.internal.Errors.process(Errors.java:292) ~[jersey-common-3.1.5.jar:na]
	at org.glassfish.jersey.internal.Errors.process(Errors.java:274) ~[jersey-common-3.1.5.jar:na]
	at org.glassfish.jersey.internal.Errors.process(Errors.java:205) ~[jersey-common-3.1.5.jar:na]
	at org.glassfish.jersey.process.internal.RequestScope.runInScope(RequestScope.java:390) ~[jersey-common-3.1.5.jar:na]
	at org.glassfish.jersey.client.JerseyInvocation.runInScope(JerseyInvocation.java:691) ~[jersey-client-3.1.5.jar:na]
	at org.glassfish.jersey.client.JerseyInvocation.invoke(JerseyInvocation.java:661) ~[jersey-client-3.1.5.jar:na]
	at org.glassfish.jersey.client.JerseyInvocation$Builder.method(JerseyInvocation.java:439) ~[jersey-client-3.1.5.jar:na]
	at org.glassfish.jersey.client.JerseyInvocation$Builder.post(JerseyInvocation.java:345) ~[jersey-client-3.1.5.jar:na]
	at com.netflix.eureka.transport.Jersey3ReplicationClient.submitBatchUpdates(Jersey3ReplicationClient.java:116) ~[eureka-core-jersey3-2.0.1.jar:2.0.1]
	at com.netflix.eureka.cluster.ReplicationTaskProcessor.process(ReplicationTaskProcessor.java:80) ~[eureka-core-2.0.1.jar:2.0.1]
	at com.netflix.eureka.util.batcher.TaskExecutors$BatchWorkerRunnable.run(TaskExecutors.java:190) ~[eureka-core-2.0.1.jar:2.0.1]
	at java.base/java.lang.Thread.run(Thread.java:1583) ~[na:na]
Caused by: org.apache.http.conn.HttpHostConnectException: Connect to localhost:8761 [localhost/127.0.0.1] failed: Connection refused
	at org.apache.http.impl.conn.DefaultHttpClientConnectionOperator.connect(DefaultHttpClientConnectionOperator.java:159) ~[httpclient-4.5.3.jar:4.5.3]
	at org.apache.http.impl.conn.PoolingHttpClientConnectionManager.connect(PoolingHttpClientConnectionManager.java:359) ~[httpclient-4.5.3.jar:4.5.3]
	at org.apache.http.impl.execchain.MainClientExec.establishRoute(MainClientExec.java:381) ~[httpclient-4.5.3.jar:4.5.3]
	at org.apache.http.impl.execchain.MainClientExec.execute(MainClientExec.java:237) ~[httpclient-4.5.3.jar:4.5.3]
	at org.apache.http.impl.execchain.ProtocolExec.execute(ProtocolExec.java:185) ~[httpclient-4.5.3.jar:4.5.3]
	at org.apache.http.impl.execchain.RetryExec.execute(RetryExec.java:89) ~[httpclient-4.5.3.jar:4.5.3]
	at org.apache.http.impl.execchain.RedirectExec.execute(RedirectExec.java:111) ~[httpclient-4.5.3.jar:4.5.3]
	at org.apache.http.impl.client.InternalHttpClient.doExecute(InternalHttpClient.java:185) ~[httpclient-4.5.3.jar:4.5.3]
	at org.apache.http.impl.client.CloseableHttpClient.execute(CloseableHttpClient.java:72) ~[httpclient-4.5.3.jar:4.5.3]
	at org.glassfish.jersey.apache.connector.ApacheConnector.apply(ApacheConnector.java:483) ~[jersey-apache-connector-3.1.5.jar:na]
	... 16 common frames omitted
Caused by: java.net.ConnectException: Connection refused
	at java.base/sun.nio.ch.Net.pollConnect(Native Method) ~[na:na]
	at java.base/sun.nio.ch.Net.pollConnectNow(Net.java:694) ~[na:na]
	at java.base/sun.nio.ch.NioSocketImpl.timedFinishConnect(NioSocketImpl.java:542) ~[na:na]
	at java.base/sun.nio.ch.NioSocketImpl.connect(NioSocketImpl.java:592) ~[na:na]
	at java.base/java.net.SocksSocketImpl.connect(SocksSocketImpl.java:327) ~[na:na]
	at java.base/java.net.Socket.connect(Socket.java:751) ~[na:na]
	at org.apache.http.conn.socket.PlainConnectionSocketFactory.connectSocket(PlainConnectionSocketFactory.java:75) ~[httpclient-4.5.3.jar:4.5.3]
	at org.apache.http.impl.conn.DefaultHttpClientConnectionOperator.connect(DefaultHttpClientConnectionOperator.java:142) ~[httpclient-4.5.3.jar:4.5.3]
	... 25 common frames omitted

2026-04-04T00:52:44.377+05:30 ERROR 99059 --- [eureka-server] [et_localhost-10] c.n.e.cluster.ReplicationTaskProcessor   : Network level connection to peer localhost; retrying after delay

jakarta.ws.rs.ProcessingException: org.apache.http.conn.HttpHostConnectException: Connect to localhost:8761 [localhost/127.0.0.1] failed: Connection refused
	at org.glassfish.jersey.apache.connector.ApacheConnector.apply(ApacheConnector.java:531) ~[jersey-apache-connector-3.1.5.jar:na]
	at org.glassfish.jersey.client.ClientRuntime.invoke(ClientRuntime.java:300) ~[jersey-client-3.1.5.jar:na]
	at org.glassfish.jersey.client.JerseyInvocation.lambda$invoke$0(JerseyInvocation.java:662) ~[jersey-client-3.1.5.jar:na]
	at org.glassfish.jersey.client.JerseyInvocation.call(JerseyInvocation.java:697) ~[jersey-client-3.1.5.jar:na]
	at org.glassfish.jersey.client.JerseyInvocation.lambda$runInScope$3(JerseyInvocation.java:691) ~[jersey-client-3.1.5.jar:na]
	at org.glassfish.jersey.internal.Errors.process(Errors.java:292) ~[jersey-common-3.1.5.jar:na]
	at org.glassfish.jersey.internal.Errors.process(Errors.java:274) ~[jersey-common-3.1.5.jar:na]
	at org.glassfish.jersey.internal.Errors.process(Errors.java:205) ~[jersey-common-3.1.5.jar:na]
	at org.glassfish.jersey.process.internal.RequestScope.runInScope(RequestScope.java:390) ~[jersey-common-3.1.5.jar:na]
	at org.glassfish.jersey.client.JerseyInvocation.runInScope(JerseyInvocation.java:691) ~[jersey-client-3.1.5.jar:na]
	at org.glassfish.jersey.client.JerseyInvocation.invoke(JerseyInvocation.java:661) ~[jersey-client-3.1.5.jar:na]
	at org.glassfish.jersey.client.JerseyInvocation$Builder.method(JerseyInvocation.java:439) ~[jersey-client-3.1.5.jar:na]
	at org.glassfish.jersey.client.JerseyInvocation$Builder.post(JerseyInvocation.java:345) ~[jersey-client-3.1.5.jar:na]
	at com.netflix.eureka.transport.Jersey3ReplicationClient.submitBatchUpdates(Jersey3ReplicationClient.java:116) ~[eureka-core-jersey3-2.0.1.jar:2.0.1]
	at com.netflix.eureka.cluster.ReplicationTaskProcessor.process(ReplicationTaskProcessor.java:80) ~[eureka-core-2.0.1.jar:2.0.1]
	at com.netflix.eureka.util.batcher.TaskExecutors$BatchWorkerRunnable.run(TaskExecutors.java:190) ~[eureka-core-2.0.1.jar:2.0.1]
	at java.base/java.lang.Thread.run(Thread.java:1583) ~[na:na]
Caused by: org.apache.http.conn.HttpHostConnectException: Connect to localhost:8761 [localhost/127.0.0.1] failed: Connection refused
	at org.apache.http.impl.conn.DefaultHttpClientConnectionOperator.connect(DefaultHttpClientConnectionOperator.java:159) ~[httpclient-4.5.3.jar:4.5.3]
	at org.apache.http.impl.conn.PoolingHttpClientConnectionManager.connect(PoolingHttpClientConnectionManager.java:359) ~[httpclient-4.5.3.jar:4.5.3]
	at org.apache.http.impl.execchain.MainClientExec.establishRoute(MainClientExec.java:381) ~[httpclient-4.5.3.jar:4.5.3]
	at org.apache.http.impl.execchain.MainClientExec.execute(MainClientExec.java:237) ~[httpclient-4.5.3.jar:4.5.3]
	at org.apache.http.impl.execchain.ProtocolExec.execute(ProtocolExec.java:185) ~[httpclient-4.5.3.jar:4.5.3]
	at org.apache.http.impl.execchain.RetryExec.execute(RetryExec.java:89) ~[httpclient-4.5.3.jar:4.5.3]
	at org.apache.http.impl.execchain.RedirectExec.execute(RedirectExec.java:111) ~[httpclient-4.5.3.jar:4.5.3]
	at org.apache.http.impl.client.InternalHttpClient.doExecute(InternalHttpClient.java:185) ~[httpclient-4.5.3.jar:4.5.3]
	at org.apache.http.impl.client.CloseableHttpClient.execute(CloseableHttpClient.java:72) ~[httpclient-4.5.3.jar:4.5.3]
	at org.glassfish.jersey.apache.connector.ApacheConnector.apply(ApacheConnector.java:483) ~[jersey-apache-connector-3.1.5.jar:na]
	... 16 common frames omitted
Caused by: java.net.ConnectException: Connection refused
	at java.base/sun.nio.ch.Net.pollConnect(Native Method) ~[na:na]
	at java.base/sun.nio.ch.Net.pollConnectNow(Net.java:694) ~[na:na]
	at java.base/sun.nio.ch.NioSocketImpl.timedFinishConnect(NioSocketImpl.java:542) ~[na:na]
	at java.base/sun.nio.ch.NioSocketImpl.connect(NioSocketImpl.java:592) ~[na:na]
	at java.base/java.net.SocksSocketImpl.connect(SocksSocketImpl.java:327) ~[na:na]
	at java.base/java.net.Socket.connect(Socket.java:751) ~[na:na]
	at org.apache.http.conn.socket.PlainConnectionSocketFactory.connectSocket(PlainConnectionSocketFactory.java:75) ~[httpclient-4.5.3.jar:4.5.3]
	at org.apache.http.impl.conn.DefaultHttpClientConnectionOperator.connect(DefaultHttpClientConnectionOperator.java:142) ~[httpclient-4.5.3.jar:4.5.3]
	... 25 common frames omitted

2026-04-04T00:52:54.387+05:30 ERROR 99059 --- [eureka-server] [get_localhost-7] c.n.e.cluster.ReplicationTaskProcessor   : Network level connection to peer localhost; retrying after delay

jakarta.ws.rs.ProcessingException: org.apache.http.conn.HttpHostConnectException: Connect to localhost:8761 [localhost/127.0.0.1] failed: Connection refused
	at org.glassfish.jersey.apache.connector.ApacheConnector.apply(ApacheConnector.java:531) ~[jersey-apache-connector-3.1.5.jar:na]
	at org.glassfish.jersey.client.ClientRuntime.invoke(ClientRuntime.java:300) ~[jersey-client-3.1.5.jar:na]
	at org.glassfish.jersey.client.JerseyInvocation.lambda$invoke$0(JerseyInvocation.java:662) ~[jersey-client-3.1.5.jar:na]
	at org.glassfish.jersey.client.JerseyInvocation.call(JerseyInvocation.java:697) ~[jersey-client-3.1.5.jar:na]
	at org.glassfish.jersey.client.JerseyInvocation.lambda$runInScope$3(JerseyInvocation.java:691) ~[jersey-client-3.1.5.jar:na]
	at org.glassfish.jersey.internal.Errors.process(Errors.java:292) ~[jersey-common-3.1.5.jar:na]
	at org.glassfish.jersey.internal.Errors.process(Errors.java:274) ~[jersey-common-3.1.5.jar:na]
	at org.glassfish.jersey.internal.Errors.process(Errors.java:205) ~[jersey-common-3.1.5.jar:na]
	at org.glassfish.jersey.process.internal.RequestScope.runInScope(RequestScope.java:390) ~[jersey-common-3.1.5.jar:na]
	at org.glassfish.jersey.client.JerseyInvocation.runInScope(JerseyInvocation.java:691) ~[jersey-client-3.1.5.jar:na]
	at org.glassfish.jersey.client.JerseyInvocation.invoke(JerseyInvocation.java:661) ~[jersey-client-3.1.5.jar:na]
	at org.glassfish.jersey.client.JerseyInvocation$Builder.method(JerseyInvocation.java:439) ~[jersey-client-3.1.5.jar:na]
	at org.glassfish.jersey.client.JerseyInvocation$Builder.post(JerseyInvocation.java:345) ~[jersey-client-3.1.5.jar:na]
	at com.netflix.eureka.transport.Jersey3ReplicationClient.submitBatchUpdates(Jersey3ReplicationClient.java:116) ~[eureka-core-jersey3-2.0.1.jar:2.0.1]
	at com.netflix.eureka.cluster.ReplicationTaskProcessor.process(ReplicationTaskProcessor.java:80) ~[eureka-core-2.0.1.jar:2.0.1]
	at com.netflix.eureka.util.batcher.TaskExecutors$BatchWorkerRunnable.run(TaskExecutors.java:190) ~[eureka-core-2.0.1.jar:2.0.1]
	at java.base/java.lang.Thread.run(Thread.java:1583) ~[na:na]
Caused by: org.apache.http.conn.HttpHostConnectException: Connect to localhost:8761 [localhost/127.0.0.1] failed: Connection refused
	at org.apache.http.impl.conn.DefaultHttpClientConnectionOperator.connect(DefaultHttpClientConnectionOperator.java:159) ~[httpclient-4.5.3.jar:4.5.3]
	at org.apache.http.impl.conn.PoolingHttpClientConnectionManager.connect(PoolingHttpClientConnectionManager.java:359) ~[httpclient-4.5.3.jar:4.5.3]
	at org.apache.http.impl.execchain.MainClientExec.establishRoute(MainClientExec.java:381) ~[httpclient-4.5.3.jar:4.5.3]
	at org.apache.http.impl.execchain.MainClientExec.execute(MainClientExec.java:237) ~[httpclient-4.5.3.jar:4.5.3]
	at org.apache.http.impl.execchain.ProtocolExec.execute(ProtocolExec.java:185) ~[httpclient-4.5.3.jar:4.5.3]
	at org.apache.http.impl.execchain.RetryExec.execute(RetryExec.java:89) ~[httpclient-4.5.3.jar:4.5.3]
	at org.apache.http.impl.execchain.RedirectExec.execute(RedirectExec.java:111) ~[httpclient-4.5.3.jar:4.5.3]
	at org.apache.http.impl.client.InternalHttpClient.doExecute(InternalHttpClient.java:185) ~[httpclient-4.5.3.jar:4.5.3]
	at org.apache.http.impl.client.CloseableHttpClient.execute(CloseableHttpClient.java:72) ~[httpclient-4.5.3.jar:4.5.3]
	at org.glassfish.jersey.apache.connector.ApacheConnector.apply(ApacheConnector.java:483) ~[jersey-apache-connector-3.1.5.jar:na]
	... 16 common frames omitted
Caused by: java.net.ConnectException: Connection refused
	at java.base/sun.nio.ch.Net.pollConnect(Native Method) ~[na:na]
	at java.base/sun.nio.ch.Net.pollConnectNow(Net.java:694) ~[na:na]
	at java.base/sun.nio.ch.NioSocketImpl.timedFinishConnect(NioSocketImpl.java:542) ~[na:na]
	at java.base/sun.nio.ch.NioSocketImpl.connect(NioSocketImpl.java:592) ~[na:na]
	at java.base/java.net.SocksSocketImpl.connect(SocksSocketImpl.java:327) ~[na:na]
	at java.base/java.net.Socket.connect(Socket.java:751) ~[na:na]
	at org.apache.http.conn.socket.PlainConnectionSocketFactory.connectSocket(PlainConnectionSocketFactory.java:75) ~[httpclient-4.5.3.jar:4.5.3]
	at org.apache.http.impl.conn.DefaultHttpClientConnectionOperator.connect(DefaultHttpClientConnectionOperator.java:142) ~[httpclient-4.5.3.jar:4.5.3]
	... 25 common frames omitted

2026-04-04T00:53:04.434+05:30 ERROR 99059 --- [eureka-server] [get_localhost-2] c.n.e.cluster.ReplicationTaskProcessor   : Network level connection to peer localhost; retrying after delay

jakarta.ws.rs.ProcessingException: org.apache.http.conn.HttpHostConnectException: Connect to localhost:8761 [localhost/127.0.0.1] failed: Connection refused
	at org.glassfish.jersey.apache.connector.ApacheConnector.apply(ApacheConnector.java:531) ~[jersey-apache-connector-3.1.5.jar:na]
	at org.glassfish.jersey.client.ClientRuntime.invoke(ClientRuntime.java:300) ~[jersey-client-3.1.5.jar:na]
	at org.glassfish.jersey.client.JerseyInvocation.lambda$invoke$0(JerseyInvocation.java:662) ~[jersey-client-3.1.5.jar:na]
	at org.glassfish.jersey.client.JerseyInvocation.call(JerseyInvocation.java:697) ~[jersey-client-3.1.5.jar:na]
	at org.glassfish.jersey.client.JerseyInvocation.lambda$runInScope$3(JerseyInvocation.java:691) ~[jersey-client-3.1.5.jar:na]
	at org.glassfish.jersey.internal.Errors.process(Errors.java:292) ~[jersey-common-3.1.5.jar:na]
	at org.glassfish.jersey.internal.Errors.process(Errors.java:274) ~[jersey-common-3.1.5.jar:na]
	at org.glassfish.jersey.internal.Errors.process(Errors.java:205) ~[jersey-common-3.1.5.jar:na]
	at org.glassfish.jersey.process.internal.RequestScope.runInScope(RequestScope.java:390) ~[jersey-common-3.1.5.jar:na]
	at org.glassfish.jersey.client.JerseyInvocation.runInScope(JerseyInvocation.java:691) ~[jersey-client-3.1.5.jar:na]
	at org.glassfish.jersey.client.JerseyInvocation.invoke(JerseyInvocation.java:661) ~[jersey-client-3.1.5.jar:na]
	at org.glassfish.jersey.client.JerseyInvocation$Builder.method(JerseyInvocation.java:439) ~[jersey-client-3.1.5.jar:na]
	at org.glassfish.jersey.client.JerseyInvocation$Builder.post(JerseyInvocation.java:345) ~[jersey-client-3.1.5.jar:na]
	at com.netflix.eureka.transport.Jersey3ReplicationClient.submitBatchUpdates(Jersey3ReplicationClient.java:116) ~[eureka-core-jersey3-2.0.1.jar:2.0.1]
	at com.netflix.eureka.cluster.ReplicationTaskProcessor.process(ReplicationTaskProcessor.java:80) ~[eureka-core-2.0.1.jar:2.0.1]
	at com.netflix.eureka.util.batcher.TaskExecutors$BatchWorkerRunnable.run(TaskExecutors.java:190) ~[eureka-core-2.0.1.jar:2.0.1]
	at java.base/java.lang.Thread.run(Thread.java:1583) ~[na:na]
Caused by: org.apache.http.conn.HttpHostConnectException: Connect to localhost:8761 [localhost/127.0.0.1] failed: Connection refused
	at org.apache.http.impl.conn.DefaultHttpClientConnectionOperator.connect(DefaultHttpClientConnectionOperator.java:159) ~[httpclient-4.5.3.jar:4.5.3]
	at org.apache.http.impl.conn.PoolingHttpClientConnectionManager.connect(PoolingHttpClientConnectionManager.java:359) ~[httpclient-4.5.3.jar:4.5.3]
	at org.apache.http.impl.execchain.MainClientExec.establishRoute(MainClientExec.java:381) ~[httpclient-4.5.3.jar:4.5.3]
	at org.apache.http.impl.execchain.MainClientExec.execute(MainClientExec.java:237) ~[httpclient-4.5.3.jar:4.5.3]
	at org.apache.http.impl.execchain.ProtocolExec.execute(ProtocolExec.java:185) ~[httpclient-4.5.3.jar:4.5.3]
	at org.apache.http.impl.execchain.RetryExec.execute(RetryExec.java:89) ~[httpclient-4.5.3.jar:4.5.3]
	at org.apache.http.impl.execchain.RedirectExec.execute(RedirectExec.java:111) ~[httpclient-4.5.3.jar:4.5.3]
	at org.apache.http.impl.client.InternalHttpClient.doExecute(InternalHttpClient.java:185) ~[httpclient-4.5.3.jar:4.5.3]
	at org.apache.http.impl.client.CloseableHttpClient.execute(CloseableHttpClient.java:72) ~[httpclient-4.5.3.jar:4.5.3]
	at org.glassfish.jersey.apache.connector.ApacheConnector.apply(ApacheConnector.java:483) ~[jersey-apache-connector-3.1.5.jar:na]
	... 16 common frames omitted
Caused by: java.net.ConnectException: Connection refused
	at java.base/sun.nio.ch.Net.pollConnect(Native Method) ~[na:na]
	at java.base/sun.nio.ch.Net.pollConnectNow(Net.java:694) ~[na:na]
	at java.base/sun.nio.ch.NioSocketImpl.timedFinishConnect(NioSocketImpl.java:542) ~[na:na]
	at java.base/sun.nio.ch.NioSocketImpl.connect(NioSocketImpl.java:592) ~[na:na]
	at java.base/java.net.SocksSocketImpl.connect(SocksSocketImpl.java:327) ~[na:na]
	at java.base/java.net.Socket.connect(Socket.java:751) ~[na:na]
	at org.apache.http.conn.socket.PlainConnectionSocketFactory.connectSocket(PlainConnectionSocketFactory.java:75) ~[httpclient-4.5.3.jar:4.5.3]
	at org.apache.http.impl.conn.DefaultHttpClientConnectionOperator.connect(DefaultHttpClientConnectionOperator.java:142) ~[httpclient-4.5.3.jar:4.5.3]
	... 25 common frames omitted

2026-04-04T00:53:14.465+05:30 ERROR 99059 --- [eureka-server] [get_localhost-8] c.n.e.cluster.ReplicationTaskProcessor   : Network level connection to peer localhost; retrying after delay

jakarta.ws.rs.ProcessingException: org.apache.http.conn.HttpHostConnectException: Connect to localhost:8761 [localhost/127.0.0.1] failed: Connection refused
	at org.glassfish.jersey.apache.connector.ApacheConnector.apply(ApacheConnector.java:531) ~[jersey-apache-connector-3.1.5.jar:na]
	at org.glassfish.jersey.client.ClientRuntime.invoke(ClientRuntime.java:300) ~[jersey-client-3.1.5.jar:na]
	at org.glassfish.jersey.client.JerseyInvocation.lambda$invoke$0(JerseyInvocation.java:662) ~[jersey-client-3.1.5.jar:na]
	at org.glassfish.jersey.client.JerseyInvocation.call(JerseyInvocation.java:697) ~[jersey-client-3.1.5.jar:na]
	at org.glassfish.jersey.client.JerseyInvocation.lambda$runInScope$3(JerseyInvocation.java:691) ~[jersey-client-3.1.5.jar:na]
	at org.glassfish.jersey.internal.Errors.process(Errors.java:292) ~[jersey-common-3.1.5.jar:na]
	at org.glassfish.jersey.internal.Errors.process(Errors.java:274) ~[jersey-common-3.1.5.jar:na]
	at org.glassfish.jersey.internal.Errors.process(Errors.java:205) ~[jersey-common-3.1.5.jar:na]
	at org.glassfish.jersey.process.internal.RequestScope.runInScope(RequestScope.java:390) ~[jersey-common-3.1.5.jar:na]
	at org.glassfish.jersey.client.JerseyInvocation.runInScope(JerseyInvocation.java:691) ~[jersey-client-3.1.5.jar:na]
	at org.glassfish.jersey.client.JerseyInvocation.invoke(JerseyInvocation.java:661) ~[jersey-client-3.1.5.jar:na]
	at org.glassfish.jersey.client.JerseyInvocation$Builder.method(JerseyInvocation.java:439) ~[jersey-client-3.1.5.jar:na]
	at org.glassfish.jersey.client.JerseyInvocation$Builder.post(JerseyInvocation.java:345) ~[jersey-client-3.1.5.jar:na]
	at com.netflix.eureka.transport.Jersey3ReplicationClient.submitBatchUpdates(Jersey3ReplicationClient.java:116) ~[eureka-core-jersey3-2.0.1.jar:2.0.1]
	at com.netflix.eureka.cluster.ReplicationTaskProcessor.process(ReplicationTaskProcessor.java:80) ~[eureka-core-2.0.1.jar:2.0.1]
	at com.netflix.eureka.util.batcher.TaskExecutors$BatchWorkerRunnable.run(TaskExecutors.java:190) ~[eureka-core-2.0.1.jar:2.0.1]
	at java.base/java.lang.Thread.run(Thread.java:1583) ~[na:na]
Caused by: org.apache.http.conn.HttpHostConnectException: Connect to localhost:8761 [localhost/127.0.0.1] failed: Connection refused
	at org.apache.http.impl.conn.DefaultHttpClientConnectionOperator.connect(DefaultHttpClientConnectionOperator.java:159) ~[httpclient-4.5.3.jar:4.5.3]
	at org.apache.http.impl.conn.PoolingHttpClientConnectionManager.connect(PoolingHttpClientConnectionManager.java:359) ~[httpclient-4.5.3.jar:4.5.3]
	at org.apache.http.impl.execchain.MainClientExec.establishRoute(MainClientExec.java:381) ~[httpclient-4.5.3.jar:4.5.3]
	at org.apache.http.impl.execchain.MainClientExec.execute(MainClientExec.java:237) ~[httpclient-4.5.3.jar:4.5.3]
	at org.apache.http.impl.execchain.ProtocolExec.execute(ProtocolExec.java:185) ~[httpclient-4.5.3.jar:4.5.3]
	at org.apache.http.impl.execchain.RetryExec.execute(RetryExec.java:89) ~[httpclient-4.5.3.jar:4.5.3]
	at org.apache.http.impl.execchain.RedirectExec.execute(RedirectExec.java:111) ~[httpclient-4.5.3.jar:4.5.3]
	at org.apache.http.impl.client.InternalHttpClient.doExecute(InternalHttpClient.java:185) ~[httpclient-4.5.3.jar:4.5.3]
	at org.apache.http.impl.client.CloseableHttpClient.execute(CloseableHttpClient.java:72) ~[httpclient-4.5.3.jar:4.5.3]
	at org.glassfish.jersey.apache.connector.ApacheConnector.apply(ApacheConnector.java:483) ~[jersey-apache-connector-3.1.5.jar:na]
	... 16 common frames omitted
Caused by: java.net.ConnectException: Connection refused
	at java.base/sun.nio.ch.Net.pollConnect(Native Method) ~[na:na]
	at java.base/sun.nio.ch.Net.pollConnectNow(Net.java:694) ~[na:na]
	at java.base/sun.nio.ch.NioSocketImpl.timedFinishConnect(NioSocketImpl.java:542) ~[na:na]
	at java.base/sun.nio.ch.NioSocketImpl.connect(NioSocketImpl.java:592) ~[na:na]
	at java.base/java.net.SocksSocketImpl.connect(SocksSocketImpl.java:327) ~[na:na]
	at java.base/java.net.Socket.connect(Socket.java:751) ~[na:na]
	at org.apache.http.conn.socket.PlainConnectionSocketFactory.connectSocket(PlainConnectionSocketFactory.java:75) ~[httpclient-4.5.3.jar:4.5.3]
	at org.apache.http.impl.conn.DefaultHttpClientConnectionOperator.connect(DefaultHttpClientConnectionOperator.java:142) ~[httpclient-4.5.3.jar:4.5.3]
	... 25 common frames omitted

2026-04-04T00:53:14.619+05:30  INFO 99059 --- [eureka-server] [a-EvictionTimer] c.n.e.registry.AbstractInstanceRegistry  : Running the evict task with compensationTime 0ms
2026-04-04T00:53:24.494+05:30 ERROR 99059 --- [eureka-server] [get_localhost-5] c.n.e.cluster.ReplicationTaskProcessor   : Network level connection to peer localhost; retrying after delay

jakarta.ws.rs.ProcessingException: org.apache.http.conn.HttpHostConnectException: Connect to localhost:8761 [localhost/127.0.0.1] failed: Connection refused
	at org.glassfish.jersey.apache.connector.ApacheConnector.apply(ApacheConnector.java:531) ~[jersey-apache-connector-3.1.5.jar:na]
	at org.glassfish.jersey.client.ClientRuntime.invoke(ClientRuntime.java:300) ~[jersey-client-3.1.5.jar:na]
	at org.glassfish.jersey.client.JerseyInvocation.lambda$invoke$0(JerseyInvocation.java:662) ~[jersey-client-3.1.5.jar:na]
	at org.glassfish.jersey.client.JerseyInvocation.call(JerseyInvocation.java:697) ~[jersey-client-3.1.5.jar:na]
	at org.glassfish.jersey.client.JerseyInvocation.lambda$runInScope$3(JerseyInvocation.java:691) ~[jersey-client-3.1.5.jar:na]
	at org.glassfish.jersey.internal.Errors.process(Errors.java:292) ~[jersey-common-3.1.5.jar:na]
	at org.glassfish.jersey.internal.Errors.process(Errors.java:274) ~[jersey-common-3.1.5.jar:na]
	at org.glassfish.jersey.internal.Errors.process(Errors.java:205) ~[jersey-common-3.1.5.jar:na]
	at org.glassfish.jersey.process.internal.RequestScope.runInScope(RequestScope.java:390) ~[jersey-common-3.1.5.jar:na]
	at org.glassfish.jersey.client.JerseyInvocation.runInScope(JerseyInvocation.java:691) ~[jersey-client-3.1.5.jar:na]
	at org.glassfish.jersey.client.JerseyInvocation.invoke(JerseyInvocation.java:661) ~[jersey-client-3.1.5.jar:na]
	at org.glassfish.jersey.client.JerseyInvocation$Builder.method(JerseyInvocation.java:439) ~[jersey-client-3.1.5.jar:na]
	at org.glassfish.jersey.client.JerseyInvocation$Builder.post(JerseyInvocation.java:345) ~[jersey-client-3.1.5.jar:na]
	at com.netflix.eureka.transport.Jersey3ReplicationClient.submitBatchUpdates(Jersey3ReplicationClient.java:116) ~[eureka-core-jersey3-2.0.1.jar:2.0.1]
	at com.netflix.eureka.cluster.ReplicationTaskProcessor.process(ReplicationTaskProcessor.java:80) ~[eureka-core-2.0.1.jar:2.0.1]
	at com.netflix.eureka.util.batcher.TaskExecutors$BatchWorkerRunnable.run(TaskExecutors.java:190) ~[eureka-core-2.0.1.jar:2.0.1]
	at java.base/java.lang.Thread.run(Thread.java:1583) ~[na:na]
Caused by: org.apache.http.conn.HttpHostConnectException: Connect to localhost:8761 [localhost/127.0.0.1] failed: Connection refused
	at org.apache.http.impl.conn.DefaultHttpClientConnectionOperator.connect(DefaultHttpClientConnectionOperator.java:159) ~[httpclient-4.5.3.jar:4.5.3]
	at org.apache.http.impl.conn.PoolingHttpClientConnectionManager.connect(PoolingHttpClientConnectionManager.java:359) ~[httpclient-4.5.3.jar:4.5.3]
	at org.apache.http.impl.execchain.MainClientExec.establishRoute(MainClientExec.java:381) ~[httpclient-4.5.3.jar:4.5.3]
	at org.apache.http.impl.execchain.MainClientExec.execute(MainClientExec.java:237) ~[httpclient-4.5.3.jar:4.5.3]
	at org.apache.http.impl.execchain.ProtocolExec.execute(ProtocolExec.java:185) ~[httpclient-4.5.3.jar:4.5.3]
	at org.apache.http.impl.execchain.RetryExec.execute(RetryExec.java:89) ~[httpclient-4.5.3.jar:4.5.3]
	at org.apache.http.impl.execchain.RedirectExec.execute(RedirectExec.java:111) ~[httpclient-4.5.3.jar:4.5.3]
	at org.apache.http.impl.client.InternalHttpClient.doExecute(InternalHttpClient.java:185) ~[httpclient-4.5.3.jar:4.5.3]
	at org.apache.http.impl.client.CloseableHttpClient.execute(CloseableHttpClient.java:72) ~[httpclient-4.5.3.jar:4.5.3]
	at org.glassfish.jersey.apache.connector.ApacheConnector.apply(ApacheConnector.java:483) ~[jersey-apache-connector-3.1.5.jar:na]
	... 16 common frames omitted
Caused by: java.net.ConnectException: Connection refused
	at java.base/sun.nio.ch.Net.pollConnect(Native Method) ~[na:na]
	at java.base/sun.nio.ch.Net.pollConnectNow(Net.java:694) ~[na:na]
	at java.base/sun.nio.ch.NioSocketImpl.timedFinishConnect(NioSocketImpl.java:542) ~[na:na]
	at java.base/sun.nio.ch.NioSocketImpl.connect(NioSocketImpl.java:592) ~[na:na]
	at java.base/java.net.SocksSocketImpl.connect(SocksSocketImpl.java:327) ~[na:na]
	at java.base/java.net.Socket.connect(Socket.java:751) ~[na:na]
	at org.apache.http.conn.socket.PlainConnectionSocketFactory.connectSocket(PlainConnectionSocketFactory.java:75) ~[httpclient-4.5.3.jar:4.5.3]
	at org.apache.http.impl.conn.DefaultHttpClientConnectionOperator.connect(DefaultHttpClientConnectionOperator.java:142) ~[httpclient-4.5.3.jar:4.5.3]
	... 25 common frames omitted

2026-04-04T00:53:34.549+05:30 ERROR 99059 --- [eureka-server] [et_localhost-14] c.n.e.cluster.ReplicationTaskProcessor   : Network level connection to peer localhost; retrying after delay

jakarta.ws.rs.ProcessingException: org.apache.http.conn.HttpHostConnectException: Connect to localhost:8761 [localhost/127.0.0.1] failed: Connection refused
	at org.glassfish.jersey.apache.connector.ApacheConnector.apply(ApacheConnector.java:531) ~[jersey-apache-connector-3.1.5.jar:na]
	at org.glassfish.jersey.client.ClientRuntime.invoke(ClientRuntime.java:300) ~[jersey-client-3.1.5.jar:na]
	at org.glassfish.jersey.client.JerseyInvocation.lambda$invoke$0(JerseyInvocation.java:662) ~[jersey-client-3.1.5.jar:na]
	at org.glassfish.jersey.client.JerseyInvocation.call(JerseyInvocation.java:697) ~[jersey-client-3.1.5.jar:na]
	at org.glassfish.jersey.client.JerseyInvocation.lambda$runInScope$3(JerseyInvocation.java:691) ~[jersey-client-3.1.5.jar:na]
	at org.glassfish.jersey.internal.Errors.process(Errors.java:292) ~[jersey-common-3.1.5.jar:na]
	at org.glassfish.jersey.internal.Errors.process(Errors.java:274) ~[jersey-common-3.1.5.jar:na]
	at org.glassfish.jersey.internal.Errors.process(Errors.java:205) ~[jersey-common-3.1.5.jar:na]
	at org.glassfish.jersey.process.internal.RequestScope.runInScope(RequestScope.java:390) ~[jersey-common-3.1.5.jar:na]
	at org.glassfish.jersey.client.JerseyInvocation.runInScope(JerseyInvocation.java:691) ~[jersey-client-3.1.5.jar:na]
	at org.glassfish.jersey.client.JerseyInvocation.invoke(JerseyInvocation.java:661) ~[jersey-client-3.1.5.jar:na]
	at org.glassfish.jersey.client.JerseyInvocation$Builder.method(JerseyInvocation.java:439) ~[jersey-client-3.1.5.jar:na]
	at org.glassfish.jersey.client.JerseyInvocation$Builder.post(JerseyInvocation.java:345) ~[jersey-client-3.1.5.jar:na]
	at com.netflix.eureka.transport.Jersey3ReplicationClient.submitBatchUpdates(Jersey3ReplicationClient.java:116) ~[eureka-core-jersey3-2.0.1.jar:2.0.1]
	at com.netflix.eureka.cluster.ReplicationTaskProcessor.process(ReplicationTaskProcessor.java:80) ~[eureka-core-2.0.1.jar:2.0.1]
	at com.netflix.eureka.util.batcher.TaskExecutors$BatchWorkerRunnable.run(TaskExecutors.java:190) ~[eureka-core-2.0.1.jar:2.0.1]
	at java.base/java.lang.Thread.run(Thread.java:1583) ~[na:na]
Caused by: org.apache.http.conn.HttpHostConnectException: Connect to localhost:8761 [localhost/127.0.0.1] failed: Connection refused
	at org.apache.http.impl.conn.DefaultHttpClientConnectionOperator.connect(DefaultHttpClientConnectionOperator.java:159) ~[httpclient-4.5.3.jar:4.5.3]
	at org.apache.http.impl.conn.PoolingHttpClientConnectionManager.connect(PoolingHttpClientConnectionManager.java:359) ~[httpclient-4.5.3.jar:4.5.3]
	at org.apache.http.impl.execchain.MainClientExec.establishRoute(MainClientExec.java:381) ~[httpclient-4.5.3.jar:4.5.3]
	at org.apache.http.impl.execchain.MainClientExec.execute(MainClientExec.java:237) ~[httpclient-4.5.3.jar:4.5.3]
	at org.apache.http.impl.execchain.ProtocolExec.execute(ProtocolExec.java:185) ~[httpclient-4.5.3.jar:4.5.3]
	at org.apache.http.impl.execchain.RetryExec.execute(RetryExec.java:89) ~[httpclient-4.5.3.jar:4.5.3]
	at org.apache.http.impl.execchain.RedirectExec.execute(RedirectExec.java:111) ~[httpclient-4.5.3.jar:4.5.3]
	at org.apache.http.impl.client.InternalHttpClient.doExecute(InternalHttpClient.java:185) ~[httpclient-4.5.3.jar:4.5.3]
	at org.apache.http.impl.client.CloseableHttpClient.execute(CloseableHttpClient.java:72) ~[httpclient-4.5.3.jar:4.5.3]
	at org.glassfish.jersey.apache.connector.ApacheConnector.apply(ApacheConnector.java:483) ~[jersey-apache-connector-3.1.5.jar:na]
	... 16 common frames omitted
Caused by: java.net.ConnectException: Connection refused
	at java.base/sun.nio.ch.Net.pollConnect(Native Method) ~[na:na]
	at java.base/sun.nio.ch.Net.pollConnectNow(Net.java:694) ~[na:na]
	at java.base/sun.nio.ch.NioSocketImpl.timedFinishConnect(NioSocketImpl.java:542) ~[na:na]
	at java.base/sun.nio.ch.NioSocketImpl.connect(NioSocketImpl.java:592) ~[na:na]
	at java.base/java.net.SocksSocketImpl.connect(SocksSocketImpl.java:327) ~[na:na]
	at java.base/java.net.Socket.connect(Socket.java:751) ~[na:na]
	at org.apache.http.conn.socket.PlainConnectionSocketFactory.connectSocket(PlainConnectionSocketFactory.java:75) ~[httpclient-4.5.3.jar:4.5.3]
	at org.apache.http.impl.conn.DefaultHttpClientConnectionOperator.connect(DefaultHttpClientConnectionOperator.java:142) ~[httpclient-4.5.3.jar:4.5.3]
	... 25 common frames omitted

2026-04-04T00:53:44.591+05:30 ERROR 99059 --- [eureka-server] [et_localhost-15] c.n.e.cluster.ReplicationTaskProcessor   : Network level connection to peer localhost; retrying after delay

jakarta.ws.rs.ProcessingException: org.apache.http.conn.HttpHostConnectException: Connect to localhost:8761 [localhost/127.0.0.1] failed: Connection refused
	at org.glassfish.jersey.apache.connector.ApacheConnector.apply(ApacheConnector.java:531) ~[jersey-apache-connector-3.1.5.jar:na]
	at org.glassfish.jersey.client.ClientRuntime.invoke(ClientRuntime.java:300) ~[jersey-client-3.1.5.jar:na]
	at org.glassfish.jersey.client.JerseyInvocation.lambda$invoke$0(JerseyInvocation.java:662) ~[jersey-client-3.1.5.jar:na]
	at org.glassfish.jersey.client.JerseyInvocation.call(JerseyInvocation.java:697) ~[jersey-client-3.1.5.jar:na]
	at org.glassfish.jersey.client.JerseyInvocation.lambda$runInScope$3(JerseyInvocation.java:691) ~[jersey-client-3.1.5.jar:na]
	at org.glassfish.jersey.internal.Errors.process(Errors.java:292) ~[jersey-common-3.1.5.jar:na]
	at org.glassfish.jersey.internal.Errors.process(Errors.java:274) ~[jersey-common-3.1.5.jar:na]
	at org.glassfish.jersey.internal.Errors.process(Errors.java:205) ~[jersey-common-3.1.5.jar:na]
	at org.glassfish.jersey.process.internal.RequestScope.runInScope(RequestScope.java:390) ~[jersey-common-3.1.5.jar:na]
	at org.glassfish.jersey.client.JerseyInvocation.runInScope(JerseyInvocation.java:691) ~[jersey-client-3.1.5.jar:na]
	at org.glassfish.jersey.client.JerseyInvocation.invoke(JerseyInvocation.java:661) ~[jersey-client-3.1.5.jar:na]
	at org.glassfish.jersey.client.JerseyInvocation$Builder.method(JerseyInvocation.java:439) ~[jersey-client-3.1.5.jar:na]
	at org.glassfish.jersey.client.JerseyInvocation$Builder.post(JerseyInvocation.java:345) ~[jersey-client-3.1.5.jar:na]
	at com.netflix.eureka.transport.Jersey3ReplicationClient.submitBatchUpdates(Jersey3ReplicationClient.java:116) ~[eureka-core-jersey3-2.0.1.jar:2.0.1]
	at com.netflix.eureka.cluster.ReplicationTaskProcessor.process(ReplicationTaskProcessor.java:80) ~[eureka-core-2.0.1.jar:2.0.1]
	at com.netflix.eureka.util.batcher.TaskExecutors$BatchWorkerRunnable.run(TaskExecutors.java:190) ~[eureka-core-2.0.1.jar:2.0.1]
	at java.base/java.lang.Thread.run(Thread.java:1583) ~[na:na]
Caused by: org.apache.http.conn.HttpHostConnectException: Connect to localhost:8761 [localhost/127.0.0.1] failed: Connection refused
	at org.apache.http.impl.conn.DefaultHttpClientConnectionOperator.connect(DefaultHttpClientConnectionOperator.java:159) ~[httpclient-4.5.3.jar:4.5.3]
	at org.apache.http.impl.conn.PoolingHttpClientConnectionManager.connect(PoolingHttpClientConnectionManager.java:359) ~[httpclient-4.5.3.jar:4.5.3]
	at org.apache.http.impl.execchain.MainClientExec.establishRoute(MainClientExec.java:381) ~[httpclient-4.5.3.jar:4.5.3]
	at org.apache.http.impl.execchain.MainClientExec.execute(MainClientExec.java:237) ~[httpclient-4.5.3.jar:4.5.3]
	at org.apache.http.impl.execchain.ProtocolExec.execute(ProtocolExec.java:185) ~[httpclient-4.5.3.jar:4.5.3]
	at org.apache.http.impl.execchain.RetryExec.execute(RetryExec.java:89) ~[httpclient-4.5.3.jar:4.5.3]
	at org.apache.http.impl.execchain.RedirectExec.execute(RedirectExec.java:111) ~[httpclient-4.5.3.jar:4.5.3]
	at org.apache.http.impl.client.InternalHttpClient.doExecute(InternalHttpClient.java:185) ~[httpclient-4.5.3.jar:4.5.3]
	at org.apache.http.impl.client.CloseableHttpClient.execute(CloseableHttpClient.java:72) ~[httpclient-4.5.3.jar:4.5.3]
	at org.glassfish.jersey.apache.connector.ApacheConnector.apply(ApacheConnector.java:483) ~[jersey-apache-connector-3.1.5.jar:na]
	... 16 common frames omitted
Caused by: java.net.ConnectException: Connection refused
	at java.base/sun.nio.ch.Net.pollConnect(Native Method) ~[na:na]
	at java.base/sun.nio.ch.Net.pollConnectNow(Net.java:694) ~[na:na]
	at java.base/sun.nio.ch.NioSocketImpl.timedFinishConnect(NioSocketImpl.java:542) ~[na:na]
	at java.base/sun.nio.ch.NioSocketImpl.connect(NioSocketImpl.java:592) ~[na:na]
	at java.base/java.net.SocksSocketImpl.connect(SocksSocketImpl.java:327) ~[na:na]
	at java.base/java.net.Socket.connect(Socket.java:751) ~[na:na]
	at org.apache.http.conn.socket.PlainConnectionSocketFactory.connectSocket(PlainConnectionSocketFactory.java:75) ~[httpclient-4.5.3.jar:4.5.3]
	at org.apache.http.impl.conn.DefaultHttpClientConnectionOperator.connect(DefaultHttpClientConnectionOperator.java:142) ~[httpclient-4.5.3.jar:4.5.3]
	... 25 common frames omitted

2026-04-04T00:53:54.632+05:30 ERROR 99059 --- [eureka-server] [get_localhost-9] c.n.e.cluster.ReplicationTaskProcessor   : Network level connection to peer localhost; retrying after delay

jakarta.ws.rs.ProcessingException: org.apache.http.conn.HttpHostConnectException: Connect to localhost:8761 [localhost/127.0.0.1] failed: Connection refused
	at org.glassfish.jersey.apache.connector.ApacheConnector.apply(ApacheConnector.java:531) ~[jersey-apache-connector-3.1.5.jar:na]
	at org.glassfish.jersey.client.ClientRuntime.invoke(ClientRuntime.java:300) ~[jersey-client-3.1.5.jar:na]
	at org.glassfish.jersey.client.JerseyInvocation.lambda$invoke$0(JerseyInvocation.java:662) ~[jersey-client-3.1.5.jar:na]
	at org.glassfish.jersey.client.JerseyInvocation.call(JerseyInvocation.java:697) ~[jersey-client-3.1.5.jar:na]
	at org.glassfish.jersey.client.JerseyInvocation.lambda$runInScope$3(JerseyInvocation.java:691) ~[jersey-client-3.1.5.jar:na]
	at org.glassfish.jersey.internal.Errors.process(Errors.java:292) ~[jersey-common-3.1.5.jar:na]
	at org.glassfish.jersey.internal.Errors.process(Errors.java:274) ~[jersey-common-3.1.5.jar:na]
	at org.glassfish.jersey.internal.Errors.process(Errors.java:205) ~[jersey-common-3.1.5.jar:na]
	at org.glassfish.jersey.process.internal.RequestScope.runInScope(RequestScope.java:390) ~[jersey-common-3.1.5.jar:na]
	at org.glassfish.jersey.client.JerseyInvocation.runInScope(JerseyInvocation.java:691) ~[jersey-client-3.1.5.jar:na]
	at org.glassfish.jersey.client.JerseyInvocation.invoke(JerseyInvocation.java:661) ~[jersey-client-3.1.5.jar:na]
	at org.glassfish.jersey.client.JerseyInvocation$Builder.method(JerseyInvocation.java:439) ~[jersey-client-3.1.5.jar:na]
	at org.glassfish.jersey.client.JerseyInvocation$Builder.post(JerseyInvocation.java:345) ~[jersey-client-3.1.5.jar:na]
	at com.netflix.eureka.transport.Jersey3ReplicationClient.submitBatchUpdates(Jersey3ReplicationClient.java:116) ~[eureka-core-jersey3-2.0.1.jar:2.0.1]
	at com.netflix.eureka.cluster.ReplicationTaskProcessor.process(ReplicationTaskProcessor.java:80) ~[eureka-core-2.0.1.jar:2.0.1]
	at com.netflix.eureka.util.batcher.TaskExecutors$BatchWorkerRunnable.run(TaskExecutors.java:190) ~[eureka-core-2.0.1.jar:2.0.1]
	at java.base/java.lang.Thread.run(Thread.java:1583) ~[na:na]
Caused by: org.apache.http.conn.HttpHostConnectException: Connect to localhost:8761 [localhost/127.0.0.1] failed: Connection refused
	at org.apache.http.impl.conn.DefaultHttpClientConnectionOperator.connect(DefaultHttpClientConnectionOperator.java:159) ~[httpclient-4.5.3.jar:4.5.3]
	at org.apache.http.impl.conn.PoolingHttpClientConnectionManager.connect(PoolingHttpClientConnectionManager.java:359) ~[httpclient-4.5.3.jar:4.5.3]
	at org.apache.http.impl.execchain.MainClientExec.establishRoute(MainClientExec.java:381) ~[httpclient-4.5.3.jar:4.5.3]
	at org.apache.http.impl.execchain.MainClientExec.execute(MainClientExec.java:237) ~[httpclient-4.5.3.jar:4.5.3]
	at org.apache.http.impl.execchain.ProtocolExec.execute(ProtocolExec.java:185) ~[httpclient-4.5.3.jar:4.5.3]
	at org.apache.http.impl.execchain.RetryExec.execute(RetryExec.java:89) ~[httpclient-4.5.3.jar:4.5.3]
	at org.apache.http.impl.execchain.RedirectExec.execute(RedirectExec.java:111) ~[httpclient-4.5.3.jar:4.5.3]
	at org.apache.http.impl.client.InternalHttpClient.doExecute(InternalHttpClient.java:185) ~[httpclient-4.5.3.jar:4.5.3]
	at org.apache.http.impl.client.CloseableHttpClient.execute(CloseableHttpClient.java:72) ~[httpclient-4.5.3.jar:4.5.3]
	at org.glassfish.jersey.apache.connector.ApacheConnector.apply(ApacheConnector.java:483) ~[jersey-apache-connector-3.1.5.jar:na]
	... 16 common frames omitted
Caused by: java.net.ConnectException: Connection refused
	at java.base/sun.nio.ch.Net.pollConnect(Native Method) ~[na:na]
	at java.base/sun.nio.ch.Net.pollConnectNow(Net.java:694) ~[na:na]
	at java.base/sun.nio.ch.NioSocketImpl.timedFinishConnect(NioSocketImpl.java:542) ~[na:na]
	at java.base/sun.nio.ch.NioSocketImpl.connect(NioSocketImpl.java:592) ~[na:na]
	at java.base/java.net.SocksSocketImpl.connect(SocksSocketImpl.java:327) ~[na:na]
	at java.base/java.net.Socket.connect(Socket.java:751) ~[na:na]
	at org.apache.http.conn.socket.PlainConnectionSocketFactory.connectSocket(PlainConnectionSocketFactory.java:75) ~[httpclient-4.5.3.jar:4.5.3]
	at org.apache.http.impl.conn.DefaultHttpClientConnectionOperator.connect(DefaultHttpClientConnectionOperator.java:142) ~[httpclient-4.5.3.jar:4.5.3]
	... 25 common frames omitted

2026-04-04T00:54:04.723+05:30 ERROR 99059 --- [eureka-server] [et_localhost-12] c.n.e.cluster.ReplicationTaskProcessor   : Network level connection to peer localhost; retrying after delay

jakarta.ws.rs.ProcessingException: org.apache.http.conn.HttpHostConnectException: Connect to localhost:8761 [localhost/127.0.0.1] failed: Connection refused
	at org.glassfish.jersey.apache.connector.ApacheConnector.apply(ApacheConnector.java:531) ~[jersey-apache-connector-3.1.5.jar:na]
	at org.glassfish.jersey.client.ClientRuntime.invoke(ClientRuntime.java:300) ~[jersey-client-3.1.5.jar:na]
	at org.glassfish.jersey.client.JerseyInvocation.lambda$invoke$0(JerseyInvocation.java:662) ~[jersey-client-3.1.5.jar:na]
	at org.glassfish.jersey.client.JerseyInvocation.call(JerseyInvocation.java:697) ~[jersey-client-3.1.5.jar:na]
	at org.glassfish.jersey.client.JerseyInvocation.lambda$runInScope$3(JerseyInvocation.java:691) ~[jersey-client-3.1.5.jar:na]
	at org.glassfish.jersey.internal.Errors.process(Errors.java:292) ~[jersey-common-3.1.5.jar:na]
	at org.glassfish.jersey.internal.Errors.process(Errors.java:274) ~[jersey-common-3.1.5.jar:na]
	at org.glassfish.jersey.internal.Errors.process(Errors.java:205) ~[jersey-common-3.1.5.jar:na]
	at org.glassfish.jersey.process.internal.RequestScope.runInScope(RequestScope.java:390) ~[jersey-common-3.1.5.jar:na]
	at org.glassfish.jersey.client.JerseyInvocation.runInScope(JerseyInvocation.java:691) ~[jersey-client-3.1.5.jar:na]
	at org.glassfish.jersey.client.JerseyInvocation.invoke(JerseyInvocation.java:661) ~[jersey-client-3.1.5.jar:na]
	at org.glassfish.jersey.client.JerseyInvocation$Builder.method(JerseyInvocation.java:439) ~[jersey-client-3.1.5.jar:na]
	at org.glassfish.jersey.client.JerseyInvocation$Builder.post(JerseyInvocation.java:345) ~[jersey-client-3.1.5.jar:na]
	at com.netflix.eureka.transport.Jersey3ReplicationClient.submitBatchUpdates(Jersey3ReplicationClient.java:116) ~[eureka-core-jersey3-2.0.1.jar:2.0.1]
	at com.netflix.eureka.cluster.ReplicationTaskProcessor.process(ReplicationTaskProcessor.java:80) ~[eureka-core-2.0.1.jar:2.0.1]
	at com.netflix.eureka.util.batcher.TaskExecutors$BatchWorkerRunnable.run(TaskExecutors.java:190) ~[eureka-core-2.0.1.jar:2.0.1]
	at java.base/java.lang.Thread.run(Thread.java:1583) ~[na:na]
Caused by: org.apache.http.conn.HttpHostConnectException: Connect to localhost:8761 [localhost/127.0.0.1] failed: Connection refused
	at org.apache.http.impl.conn.DefaultHttpClientConnectionOperator.connect(DefaultHttpClientConnectionOperator.java:159) ~[httpclient-4.5.3.jar:4.5.3]
	at org.apache.http.impl.conn.PoolingHttpClientConnectionManager.connect(PoolingHttpClientConnectionManager.java:359) ~[httpclient-4.5.3.jar:4.5.3]
	at org.apache.http.impl.execchain.MainClientExec.establishRoute(MainClientExec.java:381) ~[httpclient-4.5.3.jar:4.5.3]
	at org.apache.http.impl.execchain.MainClientExec.execute(MainClientExec.java:237) ~[httpclient-4.5.3.jar:4.5.3]
	at org.apache.http.impl.execchain.ProtocolExec.execute(ProtocolExec.java:185) ~[httpclient-4.5.3.jar:4.5.3]
	at org.apache.http.impl.execchain.RetryExec.execute(RetryExec.java:89) ~[httpclient-4.5.3.jar:4.5.3]
	at org.apache.http.impl.execchain.RedirectExec.execute(RedirectExec.java:111) ~[httpclient-4.5.3.jar:4.5.3]
	at org.apache.http.impl.client.InternalHttpClient.doExecute(InternalHttpClient.java:185) ~[httpclient-4.5.3.jar:4.5.3]
	at org.apache.http.impl.client.CloseableHttpClient.execute(CloseableHttpClient.java:72) ~[httpclient-4.5.3.jar:4.5.3]
	at org.glassfish.jersey.apache.connector.ApacheConnector.apply(ApacheConnector.java:483) ~[jersey-apache-connector-3.1.5.jar:na]
	... 16 common frames omitted
Caused by: java.net.ConnectException: Connection refused
	at java.base/sun.nio.ch.Net.pollConnect(Native Method) ~[na:na]
	at java.base/sun.nio.ch.Net.pollConnectNow(Net.java:694) ~[na:na]
	at java.base/sun.nio.ch.NioSocketImpl.timedFinishConnect(NioSocketImpl.java:542) ~[na:na]
	at java.base/sun.nio.ch.NioSocketImpl.connect(NioSocketImpl.java:592) ~[na:na]
	at java.base/java.net.SocksSocketImpl.connect(SocksSocketImpl.java:327) ~[na:na]
	at java.base/java.net.Socket.connect(Socket.java:751) ~[na:na]
	at org.apache.http.conn.socket.PlainConnectionSocketFactory.connectSocket(PlainConnectionSocketFactory.java:75) ~[httpclient-4.5.3.jar:4.5.3]
	at org.apache.http.impl.conn.DefaultHttpClientConnectionOperator.connect(DefaultHttpClientConnectionOperator.java:142) ~[httpclient-4.5.3.jar:4.5.3]
	... 25 common frames omitted

2026-04-04T00:54:14.620+05:30  INFO 99059 --- [eureka-server] [a-EvictionTimer] c.n.e.registry.AbstractInstanceRegistry  : Running the evict task with compensationTime 0ms
2026-04-04T00:54:14.754+05:30 ERROR 99059 --- [eureka-server] [et_localhost-11] c.n.e.cluster.ReplicationTaskProcessor   : Network level connection to peer localhost; retrying after delay

jakarta.ws.rs.ProcessingException: org.apache.http.conn.HttpHostConnectException: Connect to localhost:8761 [localhost/127.0.0.1] failed: Connection refused
	at org.glassfish.jersey.apache.connector.ApacheConnector.apply(ApacheConnector.java:531) ~[jersey-apache-connector-3.1.5.jar:na]
	at org.glassfish.jersey.client.ClientRuntime.invoke(ClientRuntime.java:300) ~[jersey-client-3.1.5.jar:na]
	at org.glassfish.jersey.client.JerseyInvocation.lambda$invoke$0(JerseyInvocation.java:662) ~[jersey-client-3.1.5.jar:na]
	at org.glassfish.jersey.client.JerseyInvocation.call(JerseyInvocation.java:697) ~[jersey-client-3.1.5.jar:na]
	at org.glassfish.jersey.client.JerseyInvocation.lambda$runInScope$3(JerseyInvocation.java:691) ~[jersey-client-3.1.5.jar:na]
	at org.glassfish.jersey.internal.Errors.process(Errors.java:292) ~[jersey-common-3.1.5.jar:na]
	at org.glassfish.jersey.internal.Errors.process(Errors.java:274) ~[jersey-common-3.1.5.jar:na]
	at org.glassfish.jersey.internal.Errors.process(Errors.java:205) ~[jersey-common-3.1.5.jar:na]
	at org.glassfish.jersey.process.internal.RequestScope.runInScope(RequestScope.java:390) ~[jersey-common-3.1.5.jar:na]
	at org.glassfish.jersey.client.JerseyInvocation.runInScope(JerseyInvocation.java:691) ~[jersey-client-3.1.5.jar:na]
	at org.glassfish.jersey.client.JerseyInvocation.invoke(JerseyInvocation.java:661) ~[jersey-client-3.1.5.jar:na]
	at org.glassfish.jersey.client.JerseyInvocation$Builder.method(JerseyInvocation.java:439) ~[jersey-client-3.1.5.jar:na]
	at org.glassfish.jersey.client.JerseyInvocation$Builder.post(JerseyInvocation.java:345) ~[jersey-client-3.1.5.jar:na]
	at com.netflix.eureka.transport.Jersey3ReplicationClient.submitBatchUpdates(Jersey3ReplicationClient.java:116) ~[eureka-core-jersey3-2.0.1.jar:2.0.1]
	at com.netflix.eureka.cluster.ReplicationTaskProcessor.process(ReplicationTaskProcessor.java:80) ~[eureka-core-2.0.1.jar:2.0.1]
	at com.netflix.eureka.util.batcher.TaskExecutors$BatchWorkerRunnable.run(TaskExecutors.java:190) ~[eureka-core-2.0.1.jar:2.0.1]
	at java.base/java.lang.Thread.run(Thread.java:1583) ~[na:na]
Caused by: org.apache.http.conn.HttpHostConnectException: Connect to localhost:8761 [localhost/127.0.0.1] failed: Connection refused
	at org.apache.http.impl.conn.DefaultHttpClientConnectionOperator.connect(DefaultHttpClientConnectionOperator.java:159) ~[httpclient-4.5.3.jar:4.5.3]
	at org.apache.http.impl.conn.PoolingHttpClientConnectionManager.connect(PoolingHttpClientConnectionManager.java:359) ~[httpclient-4.5.3.jar:4.5.3]
	at org.apache.http.impl.execchain.MainClientExec.establishRoute(MainClientExec.java:381) ~[httpclient-4.5.3.jar:4.5.3]
	at org.apache.http.impl.execchain.MainClientExec.execute(MainClientExec.java:237) ~[httpclient-4.5.3.jar:4.5.3]
	at org.apache.http.impl.execchain.ProtocolExec.execute(ProtocolExec.java:185) ~[httpclient-4.5.3.jar:4.5.3]
	at org.apache.http.impl.execchain.RetryExec.execute(RetryExec.java:89) ~[httpclient-4.5.3.jar:4.5.3]
	at org.apache.http.impl.execchain.RedirectExec.execute(RedirectExec.java:111) ~[httpclient-4.5.3.jar:4.5.3]
	at org.apache.http.impl.client.InternalHttpClient.doExecute(InternalHttpClient.java:185) ~[httpclient-4.5.3.jar:4.5.3]
	at org.apache.http.impl.client.CloseableHttpClient.execute(CloseableHttpClient.java:72) ~[httpclient-4.5.3.jar:4.5.3]
	at org.glassfish.jersey.apache.connector.ApacheConnector.apply(ApacheConnector.java:483) ~[jersey-apache-connector-3.1.5.jar:na]
	... 16 common frames omitted
Caused by: java.net.ConnectException: Connection refused
	at java.base/sun.nio.ch.Net.pollConnect(Native Method) ~[na:na]
	at java.base/sun.nio.ch.Net.pollConnectNow(Net.java:694) ~[na:na]
	at java.base/sun.nio.ch.NioSocketImpl.timedFinishConnect(NioSocketImpl.java:542) ~[na:na]
	at java.base/sun.nio.ch.NioSocketImpl.connect(NioSocketImpl.java:592) ~[na:na]
	at java.base/java.net.SocksSocketImpl.connect(SocksSocketImpl.java:327) ~[na:na]
	at java.base/java.net.Socket.connect(Socket.java:751) ~[na:na]
	at org.apache.http.conn.socket.PlainConnectionSocketFactory.connectSocket(PlainConnectionSocketFactory.java:75) ~[httpclient-4.5.3.jar:4.5.3]
	at org.apache.http.impl.conn.DefaultHttpClientConnectionOperator.connect(DefaultHttpClientConnectionOperator.java:142) ~[httpclient-4.5.3.jar:4.5.3]
	... 25 common frames omitted

2026-04-04T00:54:24.774+05:30 ERROR 99059 --- [eureka-server] [get_localhost-2] c.n.e.cluster.ReplicationTaskProcessor   : Network level connection to peer localhost; retrying after delay

jakarta.ws.rs.ProcessingException: org.apache.http.conn.HttpHostConnectException: Connect to localhost:8761 [localhost/127.0.0.1] failed: Connection refused
	at org.glassfish.jersey.apache.connector.ApacheConnector.apply(ApacheConnector.java:531) ~[jersey-apache-connector-3.1.5.jar:na]
	at org.glassfish.jersey.client.ClientRuntime.invoke(ClientRuntime.java:300) ~[jersey-client-3.1.5.jar:na]
	at org.glassfish.jersey.client.JerseyInvocation.lambda$invoke$0(JerseyInvocation.java:662) ~[jersey-client-3.1.5.jar:na]
	at org.glassfish.jersey.client.JerseyInvocation.call(JerseyInvocation.java:697) ~[jersey-client-3.1.5.jar:na]
	at org.glassfish.jersey.client.JerseyInvocation.lambda$runInScope$3(JerseyInvocation.java:691) ~[jersey-client-3.1.5.jar:na]
	at org.glassfish.jersey.internal.Errors.process(Errors.java:292) ~[jersey-common-3.1.5.jar:na]
	at org.glassfish.jersey.internal.Errors.process(Errors.java:274) ~[jersey-common-3.1.5.jar:na]
	at org.glassfish.jersey.internal.Errors.process(Errors.java:205) ~[jersey-common-3.1.5.jar:na]
	at org.glassfish.jersey.process.internal.RequestScope.runInScope(RequestScope.java:390) ~[jersey-common-3.1.5.jar:na]
	at org.glassfish.jersey.client.JerseyInvocation.runInScope(JerseyInvocation.java:691) ~[jersey-client-3.1.5.jar:na]
	at org.glassfish.jersey.client.JerseyInvocation.invoke(JerseyInvocation.java:661) ~[jersey-client-3.1.5.jar:na]
	at org.glassfish.jersey.client.JerseyInvocation$Builder.method(JerseyInvocation.java:439) ~[jersey-client-3.1.5.jar:na]
	at org.glassfish.jersey.client.JerseyInvocation$Builder.post(JerseyInvocation.java:345) ~[jersey-client-3.1.5.jar:na]
	at com.netflix.eureka.transport.Jersey3ReplicationClient.submitBatchUpdates(Jersey3ReplicationClient.java:116) ~[eureka-core-jersey3-2.0.1.jar:2.0.1]
	at com.netflix.eureka.cluster.ReplicationTaskProcessor.process(ReplicationTaskProcessor.java:80) ~[eureka-core-2.0.1.jar:2.0.1]
	at com.netflix.eureka.util.batcher.TaskExecutors$BatchWorkerRunnable.run(TaskExecutors.java:190) ~[eureka-core-2.0.1.jar:2.0.1]
	at java.base/java.lang.Thread.run(Thread.java:1583) ~[na:na]
Caused by: org.apache.http.conn.HttpHostConnectException: Connect to localhost:8761 [localhost/127.0.0.1] failed: Connection refused
	at org.apache.http.impl.conn.DefaultHttpClientConnectionOperator.connect(DefaultHttpClientConnectionOperator.java:159) ~[httpclient-4.5.3.jar:4.5.3]
	at org.apache.http.impl.conn.PoolingHttpClientConnectionManager.connect(PoolingHttpClientConnectionManager.java:359) ~[httpclient-4.5.3.jar:4.5.3]
	at org.apache.http.impl.execchain.MainClientExec.establishRoute(MainClientExec.java:381) ~[httpclient-4.5.3.jar:4.5.3]
	at org.apache.http.impl.execchain.MainClientExec.execute(MainClientExec.java:237) ~[httpclient-4.5.3.jar:4.5.3]
	at org.apache.http.impl.execchain.ProtocolExec.execute(ProtocolExec.java:185) ~[httpclient-4.5.3.jar:4.5.3]
	at org.apache.http.impl.execchain.RetryExec.execute(RetryExec.java:89) ~[httpclient-4.5.3.jar:4.5.3]
	at org.apache.http.impl.execchain.RedirectExec.execute(RedirectExec.java:111) ~[httpclient-4.5.3.jar:4.5.3]
	at org.apache.http.impl.client.InternalHttpClient.doExecute(InternalHttpClient.java:185) ~[httpclient-4.5.3.jar:4.5.3]
	at org.apache.http.impl.client.CloseableHttpClient.execute(CloseableHttpClient.java:72) ~[httpclient-4.5.3.jar:4.5.3]
	at org.glassfish.jersey.apache.connector.ApacheConnector.apply(ApacheConnector.java:483) ~[jersey-apache-connector-3.1.5.jar:na]
	... 16 common frames omitted
Caused by: java.net.ConnectException: Connection refused
	at java.base/sun.nio.ch.Net.pollConnect(Native Method) ~[na:na]
	at java.base/sun.nio.ch.Net.pollConnectNow(Net.java:694) ~[na:na]
	at java.base/sun.nio.ch.NioSocketImpl.timedFinishConnect(NioSocketImpl.java:542) ~[na:na]
	at java.base/sun.nio.ch.NioSocketImpl.connect(NioSocketImpl.java:592) ~[na:na]
	at java.base/java.net.SocksSocketImpl.connect(SocksSocketImpl.java:327) ~[na:na]
	at java.base/java.net.Socket.connect(Socket.java:751) ~[na:na]
	at org.apache.http.conn.socket.PlainConnectionSocketFactory.connectSocket(PlainConnectionSocketFactory.java:75) ~[httpclient-4.5.3.jar:4.5.3]
	at org.apache.http.impl.conn.DefaultHttpClientConnectionOperator.connect(DefaultHttpClientConnectionOperator.java:142) ~[httpclient-4.5.3.jar:4.5.3]
	... 25 common frames omitted

2026-04-04T00:54:34.794+05:30 ERROR 99059 --- [eureka-server] [et_localhost-16] c.n.e.cluster.ReplicationTaskProcessor   : Network level connection to peer localhost; retrying after delay

jakarta.ws.rs.ProcessingException: org.apache.http.conn.HttpHostConnectException: Connect to localhost:8761 [localhost/127.0.0.1] failed: Connection refused
	at org.glassfish.jersey.apache.connector.ApacheConnector.apply(ApacheConnector.java:531) ~[jersey-apache-connector-3.1.5.jar:na]
	at org.glassfish.jersey.client.ClientRuntime.invoke(ClientRuntime.java:300) ~[jersey-client-3.1.5.jar:na]
	at org.glassfish.jersey.client.JerseyInvocation.lambda$invoke$0(JerseyInvocation.java:662) ~[jersey-client-3.1.5.jar:na]
	at org.glassfish.jersey.client.JerseyInvocation.call(JerseyInvocation.java:697) ~[jersey-client-3.1.5.jar:na]
	at org.glassfish.jersey.client.JerseyInvocation.lambda$runInScope$3(JerseyInvocation.java:691) ~[jersey-client-3.1.5.jar:na]
	at org.glassfish.jersey.internal.Errors.process(Errors.java:292) ~[jersey-common-3.1.5.jar:na]
	at org.glassfish.jersey.internal.Errors.process(Errors.java:274) ~[jersey-common-3.1.5.jar:na]
	at org.glassfish.jersey.internal.Errors.process(Errors.java:205) ~[jersey-common-3.1.5.jar:na]
	at org.glassfish.jersey.process.internal.RequestScope.runInScope(RequestScope.java:390) ~[jersey-common-3.1.5.jar:na]
	at org.glassfish.jersey.client.JerseyInvocation.runInScope(JerseyInvocation.java:691) ~[jersey-client-3.1.5.jar:na]
	at org.glassfish.jersey.client.JerseyInvocation.invoke(JerseyInvocation.java:661) ~[jersey-client-3.1.5.jar:na]
	at org.glassfish.jersey.client.JerseyInvocation$Builder.method(JerseyInvocation.java:439) ~[jersey-client-3.1.5.jar:na]
	at org.glassfish.jersey.client.JerseyInvocation$Builder.post(JerseyInvocation.java:345) ~[jersey-client-3.1.5.jar:na]
	at com.netflix.eureka.transport.Jersey3ReplicationClient.submitBatchUpdates(Jersey3ReplicationClient.java:116) ~[eureka-core-jersey3-2.0.1.jar:2.0.1]
	at com.netflix.eureka.cluster.ReplicationTaskProcessor.process(ReplicationTaskProcessor.java:80) ~[eureka-core-2.0.1.jar:2.0.1]
	at com.netflix.eureka.util.batcher.TaskExecutors$BatchWorkerRunnable.run(TaskExecutors.java:190) ~[eureka-core-2.0.1.jar:2.0.1]
	at java.base/java.lang.Thread.run(Thread.java:1583) ~[na:na]
Caused by: org.apache.http.conn.HttpHostConnectException: Connect to localhost:8761 [localhost/127.0.0.1] failed: Connection refused
	at org.apache.http.impl.conn.DefaultHttpClientConnectionOperator.connect(DefaultHttpClientConnectionOperator.java:159) ~[httpclient-4.5.3.jar:4.5.3]
	at org.apache.http.impl.conn.PoolingHttpClientConnectionManager.connect(PoolingHttpClientConnectionManager.java:359) ~[httpclient-4.5.3.jar:4.5.3]
	at org.apache.http.impl.execchain.MainClientExec.establishRoute(MainClientExec.java:381) ~[httpclient-4.5.3.jar:4.5.3]
	at org.apache.http.impl.execchain.MainClientExec.execute(MainClientExec.java:237) ~[httpclient-4.5.3.jar:4.5.3]
	at org.apache.http.impl.execchain.ProtocolExec.execute(ProtocolExec.java:185) ~[httpclient-4.5.3.jar:4.5.3]
	at org.apache.http.impl.execchain.RetryExec.execute(RetryExec.java:89) ~[httpclient-4.5.3.jar:4.5.3]
	at org.apache.http.impl.execchain.RedirectExec.execute(RedirectExec.java:111) ~[httpclient-4.5.3.jar:4.5.3]
	at org.apache.http.impl.client.InternalHttpClient.doExecute(InternalHttpClient.java:185) ~[httpclient-4.5.3.jar:4.5.3]
	at org.apache.http.impl.client.CloseableHttpClient.execute(CloseableHttpClient.java:72) ~[httpclient-4.5.3.jar:4.5.3]
	at org.glassfish.jersey.apache.connector.ApacheConnector.apply(ApacheConnector.java:483) ~[jersey-apache-connector-3.1.5.jar:na]
	... 16 common frames omitted
Caused by: java.net.ConnectException: Connection refused
	at java.base/sun.nio.ch.Net.pollConnect(Native Method) ~[na:na]
	at java.base/sun.nio.ch.Net.pollConnectNow(Net.java:694) ~[na:na]
	at java.base/sun.nio.ch.NioSocketImpl.timedFinishConnect(NioSocketImpl.java:542) ~[na:na]
	at java.base/sun.nio.ch.NioSocketImpl.connect(NioSocketImpl.java:592) ~[na:na]
	at java.base/java.net.SocksSocketImpl.connect(SocksSocketImpl.java:327) ~[na:na]
	at java.base/java.net.Socket.connect(Socket.java:751) ~[na:na]
	at org.apache.http.conn.socket.PlainConnectionSocketFactory.connectSocket(PlainConnectionSocketFactory.java:75) ~[httpclient-4.5.3.jar:4.5.3]
	at org.apache.http.impl.conn.DefaultHttpClientConnectionOperator.connect(DefaultHttpClientConnectionOperator.java:142) ~[httpclient-4.5.3.jar:4.5.3]
	... 25 common frames omitted

2026-04-04T00:54:44.846+05:30 ERROR 99059 --- [eureka-server] [et_localhost-13] c.n.e.cluster.ReplicationTaskProcessor   : Network level connection to peer localhost; retrying after delay

jakarta.ws.rs.ProcessingException: org.apache.http.conn.HttpHostConnectException: Connect to localhost:8761 [localhost/127.0.0.1] failed: Connection refused
	at org.glassfish.jersey.apache.connector.ApacheConnector.apply(ApacheConnector.java:531) ~[jersey-apache-connector-3.1.5.jar:na]
	at org.glassfish.jersey.client.ClientRuntime.invoke(ClientRuntime.java:300) ~[jersey-client-3.1.5.jar:na]
	at org.glassfish.jersey.client.JerseyInvocation.lambda$invoke$0(JerseyInvocation.java:662) ~[jersey-client-3.1.5.jar:na]
	at org.glassfish.jersey.client.JerseyInvocation.call(JerseyInvocation.java:697) ~[jersey-client-3.1.5.jar:na]
	at org.glassfish.jersey.client.JerseyInvocation.lambda$runInScope$3(JerseyInvocation.java:691) ~[jersey-client-3.1.5.jar:na]
	at org.glassfish.jersey.internal.Errors.process(Errors.java:292) ~[jersey-common-3.1.5.jar:na]
	at org.glassfish.jersey.internal.Errors.process(Errors.java:274) ~[jersey-common-3.1.5.jar:na]
	at org.glassfish.jersey.internal.Errors.process(Errors.java:205) ~[jersey-common-3.1.5.jar:na]
	at org.glassfish.jersey.process.internal.RequestScope.runInScope(RequestScope.java:390) ~[jersey-common-3.1.5.jar:na]
	at org.glassfish.jersey.client.JerseyInvocation.runInScope(JerseyInvocation.java:691) ~[jersey-client-3.1.5.jar:na]
	at org.glassfish.jersey.client.JerseyInvocation.invoke(JerseyInvocation.java:661) ~[jersey-client-3.1.5.jar:na]
	at org.glassfish.jersey.client.JerseyInvocation$Builder.method(JerseyInvocation.java:439) ~[jersey-client-3.1.5.jar:na]
	at org.glassfish.jersey.client.JerseyInvocation$Builder.post(JerseyInvocation.java:345) ~[jersey-client-3.1.5.jar:na]
	at com.netflix.eureka.transport.Jersey3ReplicationClient.submitBatchUpdates(Jersey3ReplicationClient.java:116) ~[eureka-core-jersey3-2.0.1.jar:2.0.1]
	at com.netflix.eureka.cluster.ReplicationTaskProcessor.process(ReplicationTaskProcessor.java:80) ~[eureka-core-2.0.1.jar:2.0.1]
	at com.netflix.eureka.util.batcher.TaskExecutors$BatchWorkerRunnable.run(TaskExecutors.java:190) ~[eureka-core-2.0.1.jar:2.0.1]
	at java.base/java.lang.Thread.run(Thread.java:1583) ~[na:na]
Caused by: org.apache.http.conn.HttpHostConnectException: Connect to localhost:8761 [localhost/127.0.0.1] failed: Connection refused
	at org.apache.http.impl.conn.DefaultHttpClientConnectionOperator.connect(DefaultHttpClientConnectionOperator.java:159) ~[httpclient-4.5.3.jar:4.5.3]
	at org.apache.http.impl.conn.PoolingHttpClientConnectionManager.connect(PoolingHttpClientConnectionManager.java:359) ~[httpclient-4.5.3.jar:4.5.3]
	at org.apache.http.impl.execchain.MainClientExec.establishRoute(MainClientExec.java:381) ~[httpclient-4.5.3.jar:4.5.3]
	at org.apache.http.impl.execchain.MainClientExec.execute(MainClientExec.java:237) ~[httpclient-4.5.3.jar:4.5.3]
	at org.apache.http.impl.execchain.ProtocolExec.execute(ProtocolExec.java:185) ~[httpclient-4.5.3.jar:4.5.3]
	at org.apache.http.impl.execchain.RetryExec.execute(RetryExec.java:89) ~[httpclient-4.5.3.jar:4.5.3]
	at org.apache.http.impl.execchain.RedirectExec.execute(RedirectExec.java:111) ~[httpclient-4.5.3.jar:4.5.3]
	at org.apache.http.impl.client.InternalHttpClient.doExecute(InternalHttpClient.java:185) ~[httpclient-4.5.3.jar:4.5.3]
	at org.apache.http.impl.client.CloseableHttpClient.execute(CloseableHttpClient.java:72) ~[httpclient-4.5.3.jar:4.5.3]
	at org.glassfish.jersey.apache.connector.ApacheConnector.apply(ApacheConnector.java:483) ~[jersey-apache-connector-3.1.5.jar:na]
	... 16 common frames omitted
Caused by: java.net.ConnectException: Connection refused
	at java.base/sun.nio.ch.Net.pollConnect(Native Method) ~[na:na]
	at java.base/sun.nio.ch.Net.pollConnectNow(Net.java:694) ~[na:na]
	at java.base/sun.nio.ch.NioSocketImpl.timedFinishConnect(NioSocketImpl.java:542) ~[na:na]
	at java.base/sun.nio.ch.NioSocketImpl.connect(NioSocketImpl.java:592) ~[na:na]
	at java.base/java.net.SocksSocketImpl.connect(SocksSocketImpl.java:327) ~[na:na]
	at java.base/java.net.Socket.connect(Socket.java:751) ~[na:na]
	at org.apache.http.conn.socket.PlainConnectionSocketFactory.connectSocket(PlainConnectionSocketFactory.java:75) ~[httpclient-4.5.3.jar:4.5.3]
	at org.apache.http.impl.conn.DefaultHttpClientConnectionOperator.connect(DefaultHttpClientConnectionOperator.java:142) ~[httpclient-4.5.3.jar:4.5.3]
	... 25 common frames omitted

2026-04-04T00:54:54.870+05:30 ERROR 99059 --- [eureka-server] [get_localhost-1] c.n.e.cluster.ReplicationTaskProcessor   : Network level connection to peer localhost; retrying after delay

jakarta.ws.rs.ProcessingException: org.apache.http.conn.HttpHostConnectException: Connect to localhost:8761 [localhost/127.0.0.1] failed: Connection refused
	at org.glassfish.jersey.apache.connector.ApacheConnector.apply(ApacheConnector.java:531) ~[jersey-apache-connector-3.1.5.jar:na]
	at org.glassfish.jersey.client.ClientRuntime.invoke(ClientRuntime.java:300) ~[jersey-client-3.1.5.jar:na]
	at org.glassfish.jersey.client.JerseyInvocation.lambda$invoke$0(JerseyInvocation.java:662) ~[jersey-client-3.1.5.jar:na]
	at org.glassfish.jersey.client.JerseyInvocation.call(JerseyInvocation.java:697) ~[jersey-client-3.1.5.jar:na]
	at org.glassfish.jersey.client.JerseyInvocation.lambda$runInScope$3(JerseyInvocation.java:691) ~[jersey-client-3.1.5.jar:na]
	at org.glassfish.jersey.internal.Errors.process(Errors.java:292) ~[jersey-common-3.1.5.jar:na]
	at org.glassfish.jersey.internal.Errors.process(Errors.java:274) ~[jersey-common-3.1.5.jar:na]
	at org.glassfish.jersey.internal.Errors.process(Errors.java:205) ~[jersey-common-3.1.5.jar:na]
	at org.glassfish.jersey.process.internal.RequestScope.runInScope(RequestScope.java:390) ~[jersey-common-3.1.5.jar:na]
	at org.glassfish.jersey.client.JerseyInvocation.runInScope(JerseyInvocation.java:691) ~[jersey-client-3.1.5.jar:na]
	at org.glassfish.jersey.client.JerseyInvocation.invoke(JerseyInvocation.java:661) ~[jersey-client-3.1.5.jar:na]
	at org.glassfish.jersey.client.JerseyInvocation$Builder.method(JerseyInvocation.java:439) ~[jersey-client-3.1.5.jar:na]
	at org.glassfish.jersey.client.JerseyInvocation$Builder.post(JerseyInvocation.java:345) ~[jersey-client-3.1.5.jar:na]
	at com.netflix.eureka.transport.Jersey3ReplicationClient.submitBatchUpdates(Jersey3ReplicationClient.java:116) ~[eureka-core-jersey3-2.0.1.jar:2.0.1]
	at com.netflix.eureka.cluster.ReplicationTaskProcessor.process(ReplicationTaskProcessor.java:80) ~[eureka-core-2.0.1.jar:2.0.1]
	at com.netflix.eureka.util.batcher.TaskExecutors$BatchWorkerRunnable.run(TaskExecutors.java:190) ~[eureka-core-2.0.1.jar:2.0.1]
	at java.base/java.lang.Thread.run(Thread.java:1583) ~[na:na]
Caused by: org.apache.http.conn.HttpHostConnectException: Connect to localhost:8761 [localhost/127.0.0.1] failed: Connection refused
	at org.apache.http.impl.conn.DefaultHttpClientConnectionOperator.connect(DefaultHttpClientConnectionOperator.java:159) ~[httpclient-4.5.3.jar:4.5.3]
	at org.apache.http.impl.conn.PoolingHttpClientConnectionManager.connect(PoolingHttpClientConnectionManager.java:359) ~[httpclient-4.5.3.jar:4.5.3]
	at org.apache.http.impl.execchain.MainClientExec.establishRoute(MainClientExec.java:381) ~[httpclient-4.5.3.jar:4.5.3]
	at org.apache.http.impl.execchain.MainClientExec.execute(MainClientExec.java:237) ~[httpclient-4.5.3.jar:4.5.3]
	at org.apache.http.impl.execchain.ProtocolExec.execute(ProtocolExec.java:185) ~[httpclient-4.5.3.jar:4.5.3]
	at org.apache.http.impl.execchain.RetryExec.execute(RetryExec.java:89) ~[httpclient-4.5.3.jar:4.5.3]
	at org.apache.http.impl.execchain.RedirectExec.execute(RedirectExec.java:111) ~[httpclient-4.5.3.jar:4.5.3]
	at org.apache.http.impl.client.InternalHttpClient.doExecute(InternalHttpClient.java:185) ~[httpclient-4.5.3.jar:4.5.3]
	at org.apache.http.impl.client.CloseableHttpClient.execute(CloseableHttpClient.java:72) ~[httpclient-4.5.3.jar:4.5.3]
	at org.glassfish.jersey.apache.connector.ApacheConnector.apply(ApacheConnector.java:483) ~[jersey-apache-connector-3.1.5.jar:na]
	... 16 common frames omitted
Caused by: java.net.ConnectException: Connection refused
	at java.base/sun.nio.ch.Net.pollConnect(Native Method) ~[na:na]
	at java.base/sun.nio.ch.Net.pollConnectNow(Net.java:694) ~[na:na]
	at java.base/sun.nio.ch.NioSocketImpl.timedFinishConnect(NioSocketImpl.java:542) ~[na:na]
	at java.base/sun.nio.ch.NioSocketImpl.connect(NioSocketImpl.java:592) ~[na:na]
	at java.base/java.net.SocksSocketImpl.connect(SocksSocketImpl.java:327) ~[na:na]
	at java.base/java.net.Socket.connect(Socket.java:751) ~[na:na]
	at org.apache.http.conn.socket.PlainConnectionSocketFactory.connectSocket(PlainConnectionSocketFactory.java:75) ~[httpclient-4.5.3.jar:4.5.3]
	at org.apache.http.impl.conn.DefaultHttpClientConnectionOperator.connect(DefaultHttpClientConnectionOperator.java:142) ~[httpclient-4.5.3.jar:4.5.3]
	... 25 common frames omitted

2026-04-04T00:55:04.876+05:30 ERROR 99059 --- [eureka-server] [et_localhost-15] c.n.e.cluster.ReplicationTaskProcessor   : Network level connection to peer localhost; retrying after delay

jakarta.ws.rs.ProcessingException: org.apache.http.conn.HttpHostConnectException: Connect to localhost:8761 [localhost/127.0.0.1] failed: Connection refused
	at org.glassfish.jersey.apache.connector.ApacheConnector.apply(ApacheConnector.java:531) ~[jersey-apache-connector-3.1.5.jar:na]
	at org.glassfish.jersey.client.ClientRuntime.invoke(ClientRuntime.java:300) ~[jersey-client-3.1.5.jar:na]
	at org.glassfish.jersey.client.JerseyInvocation.lambda$invoke$0(JerseyInvocation.java:662) ~[jersey-client-3.1.5.jar:na]
	at org.glassfish.jersey.client.JerseyInvocation.call(JerseyInvocation.java:697) ~[jersey-client-3.1.5.jar:na]
	at org.glassfish.jersey.client.JerseyInvocation.lambda$runInScope$3(JerseyInvocation.java:691) ~[jersey-client-3.1.5.jar:na]
	at org.glassfish.jersey.internal.Errors.process(Errors.java:292) ~[jersey-common-3.1.5.jar:na]
	at org.glassfish.jersey.internal.Errors.process(Errors.java:274) ~[jersey-common-3.1.5.jar:na]
	at org.glassfish.jersey.internal.Errors.process(Errors.java:205) ~[jersey-common-3.1.5.jar:na]
	at org.glassfish.jersey.process.internal.RequestScope.runInScope(RequestScope.java:390) ~[jersey-common-3.1.5.jar:na]
	at org.glassfish.jersey.client.JerseyInvocation.runInScope(JerseyInvocation.java:691) ~[jersey-client-3.1.5.jar:na]
	at org.glassfish.jersey.client.JerseyInvocation.invoke(JerseyInvocation.java:661) ~[jersey-client-3.1.5.jar:na]
	at org.glassfish.jersey.client.JerseyInvocation$Builder.method(JerseyInvocation.java:439) ~[jersey-client-3.1.5.jar:na]
	at org.glassfish.jersey.client.JerseyInvocation$Builder.post(JerseyInvocation.java:345) ~[jersey-client-3.1.5.jar:na]
	at com.netflix.eureka.transport.Jersey3ReplicationClient.submitBatchUpdates(Jersey3ReplicationClient.java:116) ~[eureka-core-jersey3-2.0.1.jar:2.0.1]
	at com.netflix.eureka.cluster.ReplicationTaskProcessor.process(ReplicationTaskProcessor.java:80) ~[eureka-core-2.0.1.jar:2.0.1]
	at com.netflix.eureka.util.batcher.TaskExecutors$BatchWorkerRunnable.run(TaskExecutors.java:190) ~[eureka-core-2.0.1.jar:2.0.1]
	at java.base/java.lang.Thread.run(Thread.java:1583) ~[na:na]
Caused by: org.apache.http.conn.HttpHostConnectException: Connect to localhost:8761 [localhost/127.0.0.1] failed: Connection refused
	at org.apache.http.impl.conn.DefaultHttpClientConnectionOperator.connect(DefaultHttpClientConnectionOperator.java:159) ~[httpclient-4.5.3.jar:4.5.3]
	at org.apache.http.impl.conn.PoolingHttpClientConnectionManager.connect(PoolingHttpClientConnectionManager.java:359) ~[httpclient-4.5.3.jar:4.5.3]
	at org.apache.http.impl.execchain.MainClientExec.establishRoute(MainClientExec.java:381) ~[httpclient-4.5.3.jar:4.5.3]
	at org.apache.http.impl.execchain.MainClientExec.execute(MainClientExec.java:237) ~[httpclient-4.5.3.jar:4.5.3]
	at org.apache.http.impl.execchain.ProtocolExec.execute(ProtocolExec.java:185) ~[httpclient-4.5.3.jar:4.5.3]
	at org.apache.http.impl.execchain.RetryExec.execute(RetryExec.java:89) ~[httpclient-4.5.3.jar:4.5.3]
	at org.apache.http.impl.execchain.RedirectExec.execute(RedirectExec.java:111) ~[httpclient-4.5.3.jar:4.5.3]
	at org.apache.http.impl.client.InternalHttpClient.doExecute(InternalHttpClient.java:185) ~[httpclient-4.5.3.jar:4.5.3]
	at org.apache.http.impl.client.CloseableHttpClient.execute(CloseableHttpClient.java:72) ~[httpclient-4.5.3.jar:4.5.3]
	at org.glassfish.jersey.apache.connector.ApacheConnector.apply(ApacheConnector.java:483) ~[jersey-apache-connector-3.1.5.jar:na]
	... 16 common frames omitted
Caused by: java.net.ConnectException: Connection refused
	at java.base/sun.nio.ch.Net.pollConnect(Native Method) ~[na:na]
	at java.base/sun.nio.ch.Net.pollConnectNow(Net.java:694) ~[na:na]
	at java.base/sun.nio.ch.NioSocketImpl.timedFinishConnect(NioSocketImpl.java:542) ~[na:na]
	at java.base/sun.nio.ch.NioSocketImpl.connect(NioSocketImpl.java:592) ~[na:na]
	at java.base/java.net.SocksSocketImpl.connect(SocksSocketImpl.java:327) ~[na:na]
	at java.base/java.net.Socket.connect(Socket.java:751) ~[na:na]
	at org.apache.http.conn.socket.PlainConnectionSocketFactory.connectSocket(PlainConnectionSocketFactory.java:75) ~[httpclient-4.5.3.jar:4.5.3]
	at org.apache.http.impl.conn.DefaultHttpClientConnectionOperator.connect(DefaultHttpClientConnectionOperator.java:142) ~[httpclient-4.5.3.jar:4.5.3]
	... 25 common frames omitted

2026-04-04T00:55:14.620+05:30  INFO 99059 --- [eureka-server] [a-EvictionTimer] c.n.e.registry.AbstractInstanceRegistry  : Running the evict task with compensationTime 0ms
2026-04-04T00:55:14.944+05:30 ERROR 99059 --- [eureka-server] [get_localhost-3] c.n.e.cluster.ReplicationTaskProcessor   : Network level connection to peer localhost; retrying after delay

jakarta.ws.rs.ProcessingException: org.apache.http.conn.HttpHostConnectException: Connect to localhost:8761 [localhost/127.0.0.1] failed: Connection refused
	at org.glassfish.jersey.apache.connector.ApacheConnector.apply(ApacheConnector.java:531) ~[jersey-apache-connector-3.1.5.jar:na]
	at org.glassfish.jersey.client.ClientRuntime.invoke(ClientRuntime.java:300) ~[jersey-client-3.1.5.jar:na]
	at org.glassfish.jersey.client.JerseyInvocation.lambda$invoke$0(JerseyInvocation.java:662) ~[jersey-client-3.1.5.jar:na]
	at org.glassfish.jersey.client.JerseyInvocation.call(JerseyInvocation.java:697) ~[jersey-client-3.1.5.jar:na]
	at org.glassfish.jersey.client.JerseyInvocation.lambda$runInScope$3(JerseyInvocation.java:691) ~[jersey-client-3.1.5.jar:na]
	at org.glassfish.jersey.internal.Errors.process(Errors.java:292) ~[jersey-common-3.1.5.jar:na]
	at org.glassfish.jersey.internal.Errors.process(Errors.java:274) ~[jersey-common-3.1.5.jar:na]
	at org.glassfish.jersey.internal.Errors.process(Errors.java:205) ~[jersey-common-3.1.5.jar:na]
	at org.glassfish.jersey.process.internal.RequestScope.runInScope(RequestScope.java:390) ~[jersey-common-3.1.5.jar:na]
	at org.glassfish.jersey.client.JerseyInvocation.runInScope(JerseyInvocation.java:691) ~[jersey-client-3.1.5.jar:na]
	at org.glassfish.jersey.client.JerseyInvocation.invoke(JerseyInvocation.java:661) ~[jersey-client-3.1.5.jar:na]
	at org.glassfish.jersey.client.JerseyInvocation$Builder.method(JerseyInvocation.java:439) ~[jersey-client-3.1.5.jar:na]
	at org.glassfish.jersey.client.JerseyInvocation$Builder.post(JerseyInvocation.java:345) ~[jersey-client-3.1.5.jar:na]
	at com.netflix.eureka.transport.Jersey3ReplicationClient.submitBatchUpdates(Jersey3ReplicationClient.java:116) ~[eureka-core-jersey3-2.0.1.jar:2.0.1]
	at com.netflix.eureka.cluster.ReplicationTaskProcessor.process(ReplicationTaskProcessor.java:80) ~[eureka-core-2.0.1.jar:2.0.1]
	at com.netflix.eureka.util.batcher.TaskExecutors$BatchWorkerRunnable.run(TaskExecutors.java:190) ~[eureka-core-2.0.1.jar:2.0.1]
	at java.base/java.lang.Thread.run(Thread.java:1583) ~[na:na]
Caused by: org.apache.http.conn.HttpHostConnectException: Connect to localhost:8761 [localhost/127.0.0.1] failed: Connection refused
	at org.apache.http.impl.conn.DefaultHttpClientConnectionOperator.connect(DefaultHttpClientConnectionOperator.java:159) ~[httpclient-4.5.3.jar:4.5.3]
	at org.apache.http.impl.conn.PoolingHttpClientConnectionManager.connect(PoolingHttpClientConnectionManager.java:359) ~[httpclient-4.5.3.jar:4.5.3]
	at org.apache.http.impl.execchain.MainClientExec.establishRoute(MainClientExec.java:381) ~[httpclient-4.5.3.jar:4.5.3]
	at org.apache.http.impl.execchain.MainClientExec.execute(MainClientExec.java:237) ~[httpclient-4.5.3.jar:4.5.3]
	at org.apache.http.impl.execchain.ProtocolExec.execute(ProtocolExec.java:185) ~[httpclient-4.5.3.jar:4.5.3]
	at org.apache.http.impl.execchain.RetryExec.execute(RetryExec.java:89) ~[httpclient-4.5.3.jar:4.5.3]
	at org.apache.http.impl.execchain.RedirectExec.execute(RedirectExec.java:111) ~[httpclient-4.5.3.jar:4.5.3]
	at org.apache.http.impl.client.InternalHttpClient.doExecute(InternalHttpClient.java:185) ~[httpclient-4.5.3.jar:4.5.3]
	at org.apache.http.impl.client.CloseableHttpClient.execute(CloseableHttpClient.java:72) ~[httpclient-4.5.3.jar:4.5.3]
	at org.glassfish.jersey.apache.connector.ApacheConnector.apply(ApacheConnector.java:483) ~[jersey-apache-connector-3.1.5.jar:na]
	... 16 common frames omitted
Caused by: java.net.ConnectException: Connection refused
	at java.base/sun.nio.ch.Net.pollConnect(Native Method) ~[na:na]
	at java.base/sun.nio.ch.Net.pollConnectNow(Net.java:694) ~[na:na]
	at java.base/sun.nio.ch.NioSocketImpl.timedFinishConnect(NioSocketImpl.java:542) ~[na:na]
	at java.base/sun.nio.ch.NioSocketImpl.connect(NioSocketImpl.java:592) ~[na:na]
	at java.base/java.net.SocksSocketImpl.connect(SocksSocketImpl.java:327) ~[na:na]
	at java.base/java.net.Socket.connect(Socket.java:751) ~[na:na]
	at org.apache.http.conn.socket.PlainConnectionSocketFactory.connectSocket(PlainConnectionSocketFactory.java:75) ~[httpclient-4.5.3.jar:4.5.3]
	at org.apache.http.impl.conn.DefaultHttpClientConnectionOperator.connect(DefaultHttpClientConnectionOperator.java:142) ~[httpclient-4.5.3.jar:4.5.3]
	... 25 common frames omitted

2026-04-04T00:55:24.947+05:30 ERROR 99059 --- [eureka-server] [et_localhost-16] c.n.e.cluster.ReplicationTaskProcessor   : Network level connection to peer localhost; retrying after delay

jakarta.ws.rs.ProcessingException: org.apache.http.conn.HttpHostConnectException: Connect to localhost:8761 [localhost/127.0.0.1] failed: Connection refused
	at org.glassfish.jersey.apache.connector.ApacheConnector.apply(ApacheConnector.java:531) ~[jersey-apache-connector-3.1.5.jar:na]
	at org.glassfish.jersey.client.ClientRuntime.invoke(ClientRuntime.java:300) ~[jersey-client-3.1.5.jar:na]
	at org.glassfish.jersey.client.JerseyInvocation.lambda$invoke$0(JerseyInvocation.java:662) ~[jersey-client-3.1.5.jar:na]
	at org.glassfish.jersey.client.JerseyInvocation.call(JerseyInvocation.java:697) ~[jersey-client-3.1.5.jar:na]
	at org.glassfish.jersey.client.JerseyInvocation.lambda$runInScope$3(JerseyInvocation.java:691) ~[jersey-client-3.1.5.jar:na]
	at org.glassfish.jersey.internal.Errors.process(Errors.java:292) ~[jersey-common-3.1.5.jar:na]
	at org.glassfish.jersey.internal.Errors.process(Errors.java:274) ~[jersey-common-3.1.5.jar:na]
	at org.glassfish.jersey.internal.Errors.process(Errors.java:205) ~[jersey-common-3.1.5.jar:na]
	at org.glassfish.jersey.process.internal.RequestScope.runInScope(RequestScope.java:390) ~[jersey-common-3.1.5.jar:na]
	at org.glassfish.jersey.client.JerseyInvocation.runInScope(JerseyInvocation.java:691) ~[jersey-client-3.1.5.jar:na]
	at org.glassfish.jersey.client.JerseyInvocation.invoke(JerseyInvocation.java:661) ~[jersey-client-3.1.5.jar:na]
	at org.glassfish.jersey.client.JerseyInvocation$Builder.method(JerseyInvocation.java:439) ~[jersey-client-3.1.5.jar:na]
	at org.glassfish.jersey.client.JerseyInvocation$Builder.post(JerseyInvocation.java:345) ~[jersey-client-3.1.5.jar:na]
	at com.netflix.eureka.transport.Jersey3ReplicationClient.submitBatchUpdates(Jersey3ReplicationClient.java:116) ~[eureka-core-jersey3-2.0.1.jar:2.0.1]
	at com.netflix.eureka.cluster.ReplicationTaskProcessor.process(ReplicationTaskProcessor.java:80) ~[eureka-core-2.0.1.jar:2.0.1]
	at com.netflix.eureka.util.batcher.TaskExecutors$BatchWorkerRunnable.run(TaskExecutors.java:190) ~[eureka-core-2.0.1.jar:2.0.1]
	at java.base/java.lang.Thread.run(Thread.java:1583) ~[na:na]
Caused by: org.apache.http.conn.HttpHostConnectException: Connect to localhost:8761 [localhost/127.0.0.1] failed: Connection refused
	at org.apache.http.impl.conn.DefaultHttpClientConnectionOperator.connect(DefaultHttpClientConnectionOperator.java:159) ~[httpclient-4.5.3.jar:4.5.3]
	at org.apache.http.impl.conn.PoolingHttpClientConnectionManager.connect(PoolingHttpClientConnectionManager.java:359) ~[httpclient-4.5.3.jar:4.5.3]
	at org.apache.http.impl.execchain.MainClientExec.establishRoute(MainClientExec.java:381) ~[httpclient-4.5.3.jar:4.5.3]
	at org.apache.http.impl.execchain.MainClientExec.execute(MainClientExec.java:237) ~[httpclient-4.5.3.jar:4.5.3]
	at org.apache.http.impl.execchain.ProtocolExec.execute(ProtocolExec.java:185) ~[httpclient-4.5.3.jar:4.5.3]
	at org.apache.http.impl.execchain.RetryExec.execute(RetryExec.java:89) ~[httpclient-4.5.3.jar:4.5.3]
	at org.apache.http.impl.execchain.RedirectExec.execute(RedirectExec.java:111) ~[httpclient-4.5.3.jar:4.5.3]
	at org.apache.http.impl.client.InternalHttpClient.doExecute(InternalHttpClient.java:185) ~[httpclient-4.5.3.jar:4.5.3]
	at org.apache.http.impl.client.CloseableHttpClient.execute(CloseableHttpClient.java:72) ~[httpclient-4.5.3.jar:4.5.3]
	at org.glassfish.jersey.apache.connector.ApacheConnector.apply(ApacheConnector.java:483) ~[jersey-apache-connector-3.1.5.jar:na]
	... 16 common frames omitted
Caused by: java.net.ConnectException: Connection refused
	at java.base/sun.nio.ch.Net.pollConnect(Native Method) ~[na:na]
	at java.base/sun.nio.ch.Net.pollConnectNow(Net.java:694) ~[na:na]
	at java.base/sun.nio.ch.NioSocketImpl.timedFinishConnect(NioSocketImpl.java:542) ~[na:na]
	at java.base/sun.nio.ch.NioSocketImpl.connect(NioSocketImpl.java:592) ~[na:na]
	at java.base/java.net.SocksSocketImpl.connect(SocksSocketImpl.java:327) ~[na:na]
	at java.base/java.net.Socket.connect(Socket.java:751) ~[na:na]
	at org.apache.http.conn.socket.PlainConnectionSocketFactory.connectSocket(PlainConnectionSocketFactory.java:75) ~[httpclient-4.5.3.jar:4.5.3]
	at org.apache.http.impl.conn.DefaultHttpClientConnectionOperator.connect(DefaultHttpClientConnectionOperator.java:142) ~[httpclient-4.5.3.jar:4.5.3]
	... 25 common frames omitted

2026-04-04T00:55:35.033+05:30 ERROR 99059 --- [eureka-server] [get_localhost-9] c.n.e.cluster.ReplicationTaskProcessor   : Network level connection to peer localhost; retrying after delay

jakarta.ws.rs.ProcessingException: org.apache.http.conn.HttpHostConnectException: Connect to localhost:8761 [localhost/127.0.0.1] failed: Connection refused
	at org.glassfish.jersey.apache.connector.ApacheConnector.apply(ApacheConnector.java:531) ~[jersey-apache-connector-3.1.5.jar:na]
	at org.glassfish.jersey.client.ClientRuntime.invoke(ClientRuntime.java:300) ~[jersey-client-3.1.5.jar:na]
	at org.glassfish.jersey.client.JerseyInvocation.lambda$invoke$0(JerseyInvocation.java:662) ~[jersey-client-3.1.5.jar:na]
	at org.glassfish.jersey.client.JerseyInvocation.call(JerseyInvocation.java:697) ~[jersey-client-3.1.5.jar:na]
	at org.glassfish.jersey.client.JerseyInvocation.lambda$runInScope$3(JerseyInvocation.java:691) ~[jersey-client-3.1.5.jar:na]
	at org.glassfish.jersey.internal.Errors.process(Errors.java:292) ~[jersey-common-3.1.5.jar:na]
	at org.glassfish.jersey.internal.Errors.process(Errors.java:274) ~[jersey-common-3.1.5.jar:na]
	at org.glassfish.jersey.internal.Errors.process(Errors.java:205) ~[jersey-common-3.1.5.jar:na]
	at org.glassfish.jersey.process.internal.RequestScope.runInScope(RequestScope.java:390) ~[jersey-common-3.1.5.jar:na]
	at org.glassfish.jersey.client.JerseyInvocation.runInScope(JerseyInvocation.java:691) ~[jersey-client-3.1.5.jar:na]
	at org.glassfish.jersey.client.JerseyInvocation.invoke(JerseyInvocation.java:661) ~[jersey-client-3.1.5.jar:na]
	at org.glassfish.jersey.client.JerseyInvocation$Builder.method(JerseyInvocation.java:439) ~[jersey-client-3.1.5.jar:na]
	at org.glassfish.jersey.client.JerseyInvocation$Builder.post(JerseyInvocation.java:345) ~[jersey-client-3.1.5.jar:na]
	at com.netflix.eureka.transport.Jersey3ReplicationClient.submitBatchUpdates(Jersey3ReplicationClient.java:116) ~[eureka-core-jersey3-2.0.1.jar:2.0.1]
	at com.netflix.eureka.cluster.ReplicationTaskProcessor.process(ReplicationTaskProcessor.java:80) ~[eureka-core-2.0.1.jar:2.0.1]
	at com.netflix.eureka.util.batcher.TaskExecutors$BatchWorkerRunnable.run(TaskExecutors.java:190) ~[eureka-core-2.0.1.jar:2.0.1]
	at java.base/java.lang.Thread.run(Thread.java:1583) ~[na:na]
Caused by: org.apache.http.conn.HttpHostConnectException: Connect to localhost:8761 [localhost/127.0.0.1] failed: Connection refused
	at org.apache.http.impl.conn.DefaultHttpClientConnectionOperator.connect(DefaultHttpClientConnectionOperator.java:159) ~[httpclient-4.5.3.jar:4.5.3]
	at org.apache.http.impl.conn.PoolingHttpClientConnectionManager.connect(PoolingHttpClientConnectionManager.java:359) ~[httpclient-4.5.3.jar:4.5.3]
	at org.apache.http.impl.execchain.MainClientExec.establishRoute(MainClientExec.java:381) ~[httpclient-4.5.3.jar:4.5.3]
	at org.apache.http.impl.execchain.MainClientExec.execute(MainClientExec.java:237) ~[httpclient-4.5.3.jar:4.5.3]
	at org.apache.http.impl.execchain.ProtocolExec.execute(ProtocolExec.java:185) ~[httpclient-4.5.3.jar:4.5.3]
	at org.apache.http.impl.execchain.RetryExec.execute(RetryExec.java:89) ~[httpclient-4.5.3.jar:4.5.3]
	at org.apache.http.impl.execchain.RedirectExec.execute(RedirectExec.java:111) ~[httpclient-4.5.3.jar:4.5.3]
	at org.apache.http.impl.client.InternalHttpClient.doExecute(InternalHttpClient.java:185) ~[httpclient-4.5.3.jar:4.5.3]
	at org.apache.http.impl.client.CloseableHttpClient.execute(CloseableHttpClient.java:72) ~[httpclient-4.5.3.jar:4.5.3]
	at org.glassfish.jersey.apache.connector.ApacheConnector.apply(ApacheConnector.java:483) ~[jersey-apache-connector-3.1.5.jar:na]
	... 16 common frames omitted
Caused by: java.net.ConnectException: Connection refused
	at java.base/sun.nio.ch.Net.pollConnect(Native Method) ~[na:na]
	at java.base/sun.nio.ch.Net.pollConnectNow(Net.java:694) ~[na:na]
	at java.base/sun.nio.ch.NioSocketImpl.timedFinishConnect(NioSocketImpl.java:542) ~[na:na]
	at java.base/sun.nio.ch.NioSocketImpl.connect(NioSocketImpl.java:592) ~[na:na]
	at java.base/java.net.SocksSocketImpl.connect(SocksSocketImpl.java:327) ~[na:na]
	at java.base/java.net.Socket.connect(Socket.java:751) ~[na:na]
	at org.apache.http.conn.socket.PlainConnectionSocketFactory.connectSocket(PlainConnectionSocketFactory.java:75) ~[httpclient-4.5.3.jar:4.5.3]
	at org.apache.http.impl.conn.DefaultHttpClientConnectionOperator.connect(DefaultHttpClientConnectionOperator.java:142) ~[httpclient-4.5.3.jar:4.5.3]
	... 25 common frames omitted

2026-04-04T00:55:45.045+05:30 ERROR 99059 --- [eureka-server] [et_localhost-12] c.n.e.cluster.ReplicationTaskProcessor   : Network level connection to peer localhost; retrying after delay

jakarta.ws.rs.ProcessingException: org.apache.http.conn.HttpHostConnectException: Connect to localhost:8761 [localhost/127.0.0.1] failed: Connection refused
	at org.glassfish.jersey.apache.connector.ApacheConnector.apply(ApacheConnector.java:531) ~[jersey-apache-connector-3.1.5.jar:na]
	at org.glassfish.jersey.client.ClientRuntime.invoke(ClientRuntime.java:300) ~[jersey-client-3.1.5.jar:na]
	at org.glassfish.jersey.client.JerseyInvocation.lambda$invoke$0(JerseyInvocation.java:662) ~[jersey-client-3.1.5.jar:na]
	at org.glassfish.jersey.client.JerseyInvocation.call(JerseyInvocation.java:697) ~[jersey-client-3.1.5.jar:na]
	at org.glassfish.jersey.client.JerseyInvocation.lambda$runInScope$3(JerseyInvocation.java:691) ~[jersey-client-3.1.5.jar:na]
	at org.glassfish.jersey.internal.Errors.process(Errors.java:292) ~[jersey-common-3.1.5.jar:na]
	at org.glassfish.jersey.internal.Errors.process(Errors.java:274) ~[jersey-common-3.1.5.jar:na]
	at org.glassfish.jersey.internal.Errors.process(Errors.java:205) ~[jersey-common-3.1.5.jar:na]
	at org.glassfish.jersey.process.internal.RequestScope.runInScope(RequestScope.java:390) ~[jersey-common-3.1.5.jar:na]
	at org.glassfish.jersey.client.JerseyInvocation.runInScope(JerseyInvocation.java:691) ~[jersey-client-3.1.5.jar:na]
	at org.glassfish.jersey.client.JerseyInvocation.invoke(JerseyInvocation.java:661) ~[jersey-client-3.1.5.jar:na]
	at org.glassfish.jersey.client.JerseyInvocation$Builder.method(JerseyInvocation.java:439) ~[jersey-client-3.1.5.jar:na]
	at org.glassfish.jersey.client.JerseyInvocation$Builder.post(JerseyInvocation.java:345) ~[jersey-client-3.1.5.jar:na]
	at com.netflix.eureka.transport.Jersey3ReplicationClient.submitBatchUpdates(Jersey3ReplicationClient.java:116) ~[eureka-core-jersey3-2.0.1.jar:2.0.1]
	at com.netflix.eureka.cluster.ReplicationTaskProcessor.process(ReplicationTaskProcessor.java:80) ~[eureka-core-2.0.1.jar:2.0.1]
	at com.netflix.eureka.util.batcher.TaskExecutors$BatchWorkerRunnable.run(TaskExecutors.java:190) ~[eureka-core-2.0.1.jar:2.0.1]
	at java.base/java.lang.Thread.run(Thread.java:1583) ~[na:na]
Caused by: org.apache.http.conn.HttpHostConnectException: Connect to localhost:8761 [localhost/127.0.0.1] failed: Connection refused
	at org.apache.http.impl.conn.DefaultHttpClientConnectionOperator.connect(DefaultHttpClientConnectionOperator.java:159) ~[httpclient-4.5.3.jar:4.5.3]
	at org.apache.http.impl.conn.PoolingHttpClientConnectionManager.connect(PoolingHttpClientConnectionManager.java:359) ~[httpclient-4.5.3.jar:4.5.3]
	at org.apache.http.impl.execchain.MainClientExec.establishRoute(MainClientExec.java:381) ~[httpclient-4.5.3.jar:4.5.3]
	at org.apache.http.impl.execchain.MainClientExec.execute(MainClientExec.java:237) ~[httpclient-4.5.3.jar:4.5.3]
	at org.apache.http.impl.execchain.ProtocolExec.execute(ProtocolExec.java:185) ~[httpclient-4.5.3.jar:4.5.3]
	at org.apache.http.impl.execchain.RetryExec.execute(RetryExec.java:89) ~[httpclient-4.5.3.jar:4.5.3]
	at org.apache.http.impl.execchain.RedirectExec.execute(RedirectExec.java:111) ~[httpclient-4.5.3.jar:4.5.3]
	at org.apache.http.impl.client.InternalHttpClient.doExecute(InternalHttpClient.java:185) ~[httpclient-4.5.3.jar:4.5.3]
	at org.apache.http.impl.client.CloseableHttpClient.execute(CloseableHttpClient.java:72) ~[httpclient-4.5.3.jar:4.5.3]
	at org.glassfish.jersey.apache.connector.ApacheConnector.apply(ApacheConnector.java:483) ~[jersey-apache-connector-3.1.5.jar:na]
	... 16 common frames omitted
Caused by: java.net.ConnectException: Connection refused
	at java.base/sun.nio.ch.Net.pollConnect(Native Method) ~[na:na]
	at java.base/sun.nio.ch.Net.pollConnectNow(Net.java:694) ~[na:na]
	at java.base/sun.nio.ch.NioSocketImpl.timedFinishConnect(NioSocketImpl.java:542) ~[na:na]
	at java.base/sun.nio.ch.NioSocketImpl.connect(NioSocketImpl.java:592) ~[na:na]
	at java.base/java.net.SocksSocketImpl.connect(SocksSocketImpl.java:327) ~[na:na]
	at java.base/java.net.Socket.connect(Socket.java:751) ~[na:na]
	at org.apache.http.conn.socket.PlainConnectionSocketFactory.connectSocket(PlainConnectionSocketFactory.java:75) ~[httpclient-4.5.3.jar:4.5.3]
	at org.apache.http.impl.conn.DefaultHttpClientConnectionOperator.connect(DefaultHttpClientConnectionOperator.java:142) ~[httpclient-4.5.3.jar:4.5.3]
	... 25 common frames omitted

2026-04-04T00:55:55.073+05:30 ERROR 99059 --- [eureka-server] [get_localhost-7] c.n.e.cluster.ReplicationTaskProcessor   : Network level connection to peer localhost; retrying after delay

jakarta.ws.rs.ProcessingException: org.apache.http.conn.HttpHostConnectException: Connect to localhost:8761 [localhost/127.0.0.1] failed: Connection refused
	at org.glassfish.jersey.apache.connector.ApacheConnector.apply(ApacheConnector.java:531) ~[jersey-apache-connector-3.1.5.jar:na]
	at org.glassfish.jersey.client.ClientRuntime.invoke(ClientRuntime.java:300) ~[jersey-client-3.1.5.jar:na]
	at org.glassfish.jersey.client.JerseyInvocation.lambda$invoke$0(JerseyInvocation.java:662) ~[jersey-client-3.1.5.jar:na]
	at org.glassfish.jersey.client.JerseyInvocation.call(JerseyInvocation.java:697) ~[jersey-client-3.1.5.jar:na]
	at org.glassfish.jersey.client.JerseyInvocation.lambda$runInScope$3(JerseyInvocation.java:691) ~[jersey-client-3.1.5.jar:na]
	at org.glassfish.jersey.internal.Errors.process(Errors.java:292) ~[jersey-common-3.1.5.jar:na]
	at org.glassfish.jersey.internal.Errors.process(Errors.java:274) ~[jersey-common-3.1.5.jar:na]
	at org.glassfish.jersey.internal.Errors.process(Errors.java:205) ~[jersey-common-3.1.5.jar:na]
	at org.glassfish.jersey.process.internal.RequestScope.runInScope(RequestScope.java:390) ~[jersey-common-3.1.5.jar:na]
	at org.glassfish.jersey.client.JerseyInvocation.runInScope(JerseyInvocation.java:691) ~[jersey-client-3.1.5.jar:na]
	at org.glassfish.jersey.client.JerseyInvocation.invoke(JerseyInvocation.java:661) ~[jersey-client-3.1.5.jar:na]
	at org.glassfish.jersey.client.JerseyInvocation$Builder.method(JerseyInvocation.java:439) ~[jersey-client-3.1.5.jar:na]
	at org.glassfish.jersey.client.JerseyInvocation$Builder.post(JerseyInvocation.java:345) ~[jersey-client-3.1.5.jar:na]
	at com.netflix.eureka.transport.Jersey3ReplicationClient.submitBatchUpdates(Jersey3ReplicationClient.java:116) ~[eureka-core-jersey3-2.0.1.jar:2.0.1]
	at com.netflix.eureka.cluster.ReplicationTaskProcessor.process(ReplicationTaskProcessor.java:80) ~[eureka-core-2.0.1.jar:2.0.1]
	at com.netflix.eureka.util.batcher.TaskExecutors$BatchWorkerRunnable.run(TaskExecutors.java:190) ~[eureka-core-2.0.1.jar:2.0.1]
	at java.base/java.lang.Thread.run(Thread.java:1583) ~[na:na]
Caused by: org.apache.http.conn.HttpHostConnectException: Connect to localhost:8761 [localhost/127.0.0.1] failed: Connection refused
	at org.apache.http.impl.conn.DefaultHttpClientConnectionOperator.connect(DefaultHttpClientConnectionOperator.java:159) ~[httpclient-4.5.3.jar:4.5.3]
	at org.apache.http.impl.conn.PoolingHttpClientConnectionManager.connect(PoolingHttpClientConnectionManager.java:359) ~[httpclient-4.5.3.jar:4.5.3]
	at org.apache.http.impl.execchain.MainClientExec.establishRoute(MainClientExec.java:381) ~[httpclient-4.5.3.jar:4.5.3]
	at org.apache.http.impl.execchain.MainClientExec.execute(MainClientExec.java:237) ~[httpclient-4.5.3.jar:4.5.3]
	at org.apache.http.impl.execchain.ProtocolExec.execute(ProtocolExec.java:185) ~[httpclient-4.5.3.jar:4.5.3]
	at org.apache.http.impl.execchain.RetryExec.execute(RetryExec.java:89) ~[httpclient-4.5.3.jar:4.5.3]
	at org.apache.http.impl.execchain.RedirectExec.execute(RedirectExec.java:111) ~[httpclient-4.5.3.jar:4.5.3]
	at org.apache.http.impl.client.InternalHttpClient.doExecute(InternalHttpClient.java:185) ~[httpclient-4.5.3.jar:4.5.3]
	at org.apache.http.impl.client.CloseableHttpClient.execute(CloseableHttpClient.java:72) ~[httpclient-4.5.3.jar:4.5.3]
	at org.glassfish.jersey.apache.connector.ApacheConnector.apply(ApacheConnector.java:483) ~[jersey-apache-connector-3.1.5.jar:na]
	... 16 common frames omitted
Caused by: java.net.ConnectException: Connection refused
	at java.base/sun.nio.ch.Net.pollConnect(Native Method) ~[na:na]
	at java.base/sun.nio.ch.Net.pollConnectNow(Net.java:694) ~[na:na]
	at java.base/sun.nio.ch.NioSocketImpl.timedFinishConnect(NioSocketImpl.java:542) ~[na:na]
	at java.base/sun.nio.ch.NioSocketImpl.connect(NioSocketImpl.java:592) ~[na:na]
	at java.base/java.net.SocksSocketImpl.connect(SocksSocketImpl.java:327) ~[na:na]
	at java.base/java.net.Socket.connect(Socket.java:751) ~[na:na]
	at org.apache.http.conn.socket.PlainConnectionSocketFactory.connectSocket(PlainConnectionSocketFactory.java:75) ~[httpclient-4.5.3.jar:4.5.3]
	at org.apache.http.impl.conn.DefaultHttpClientConnectionOperator.connect(DefaultHttpClientConnectionOperator.java:142) ~[httpclient-4.5.3.jar:4.5.3]
	... 25 common frames omitted

2026-04-04T00:56:05.089+05:30 ERROR 99059 --- [eureka-server] [get_localhost-2] c.n.e.cluster.ReplicationTaskProcessor   : Network level connection to peer localhost; retrying after delay

jakarta.ws.rs.ProcessingException: org.apache.http.conn.HttpHostConnectException: Connect to localhost:8761 [localhost/127.0.0.1] failed: Connection refused
	at org.glassfish.jersey.apache.connector.ApacheConnector.apply(ApacheConnector.java:531) ~[jersey-apache-connector-3.1.5.jar:na]
	at org.glassfish.jersey.client.ClientRuntime.invoke(ClientRuntime.java:300) ~[jersey-client-3.1.5.jar:na]
	at org.glassfish.jersey.client.JerseyInvocation.lambda$invoke$0(JerseyInvocation.java:662) ~[jersey-client-3.1.5.jar:na]
	at org.glassfish.jersey.client.JerseyInvocation.call(JerseyInvocation.java:697) ~[jersey-client-3.1.5.jar:na]
	at org.glassfish.jersey.client.JerseyInvocation.lambda$runInScope$3(JerseyInvocation.java:691) ~[jersey-client-3.1.5.jar:na]
	at org.glassfish.jersey.internal.Errors.process(Errors.java:292) ~[jersey-common-3.1.5.jar:na]
	at org.glassfish.jersey.internal.Errors.process(Errors.java:274) ~[jersey-common-3.1.5.jar:na]
	at org.glassfish.jersey.internal.Errors.process(Errors.java:205) ~[jersey-common-3.1.5.jar:na]
	at org.glassfish.jersey.process.internal.RequestScope.runInScope(RequestScope.java:390) ~[jersey-common-3.1.5.jar:na]
	at org.glassfish.jersey.client.JerseyInvocation.runInScope(JerseyInvocation.java:691) ~[jersey-client-3.1.5.jar:na]
	at org.glassfish.jersey.client.JerseyInvocation.invoke(JerseyInvocation.java:661) ~[jersey-client-3.1.5.jar:na]
	at org.glassfish.jersey.client.JerseyInvocation$Builder.method(JerseyInvocation.java:439) ~[jersey-client-3.1.5.jar:na]
	at org.glassfish.jersey.client.JerseyInvocation$Builder.post(JerseyInvocation.java:345) ~[jersey-client-3.1.5.jar:na]
	at com.netflix.eureka.transport.Jersey3ReplicationClient.submitBatchUpdates(Jersey3ReplicationClient.java:116) ~[eureka-core-jersey3-2.0.1.jar:2.0.1]
	at com.netflix.eureka.cluster.ReplicationTaskProcessor.process(ReplicationTaskProcessor.java:80) ~[eureka-core-2.0.1.jar:2.0.1]
	at com.netflix.eureka.util.batcher.TaskExecutors$BatchWorkerRunnable.run(TaskExecutors.java:190) ~[eureka-core-2.0.1.jar:2.0.1]
	at java.base/java.lang.Thread.run(Thread.java:1583) ~[na:na]
Caused by: org.apache.http.conn.HttpHostConnectException: Connect to localhost:8761 [localhost/127.0.0.1] failed: Connection refused
	at org.apache.http.impl.conn.DefaultHttpClientConnectionOperator.connect(DefaultHttpClientConnectionOperator.java:159) ~[httpclient-4.5.3.jar:4.5.3]
	at org.apache.http.impl.conn.PoolingHttpClientConnectionManager.connect(PoolingHttpClientConnectionManager.java:359) ~[httpclient-4.5.3.jar:4.5.3]
	at org.apache.http.impl.execchain.MainClientExec.establishRoute(MainClientExec.java:381) ~[httpclient-4.5.3.jar:4.5.3]
	at org.apache.http.impl.execchain.MainClientExec.execute(MainClientExec.java:237) ~[httpclient-4.5.3.jar:4.5.3]
	at org.apache.http.impl.execchain.ProtocolExec.execute(ProtocolExec.java:185) ~[httpclient-4.5.3.jar:4.5.3]
	at org.apache.http.impl.execchain.RetryExec.execute(RetryExec.java:89) ~[httpclient-4.5.3.jar:4.5.3]
	at org.apache.http.impl.execchain.RedirectExec.execute(RedirectExec.java:111) ~[httpclient-4.5.3.jar:4.5.3]
	at org.apache.http.impl.client.InternalHttpClient.doExecute(InternalHttpClient.java:185) ~[httpclient-4.5.3.jar:4.5.3]
	at org.apache.http.impl.client.CloseableHttpClient.execute(CloseableHttpClient.java:72) ~[httpclient-4.5.3.jar:4.5.3]
	at org.glassfish.jersey.apache.connector.ApacheConnector.apply(ApacheConnector.java:483) ~[jersey-apache-connector-3.1.5.jar:na]
	... 16 common frames omitted
Caused by: java.net.ConnectException: Connection refused
	at java.base/sun.nio.ch.Net.pollConnect(Native Method) ~[na:na]
	at java.base/sun.nio.ch.Net.pollConnectNow(Net.java:694) ~[na:na]
	at java.base/sun.nio.ch.NioSocketImpl.timedFinishConnect(NioSocketImpl.java:542) ~[na:na]
	at java.base/sun.nio.ch.NioSocketImpl.connect(NioSocketImpl.java:592) ~[na:na]
	at java.base/java.net.SocksSocketImpl.connect(SocksSocketImpl.java:327) ~[na:na]
	at java.base/java.net.Socket.connect(Socket.java:751) ~[na:na]
	at org.apache.http.conn.socket.PlainConnectionSocketFactory.connectSocket(PlainConnectionSocketFactory.java:75) ~[httpclient-4.5.3.jar:4.5.3]
	at org.apache.http.impl.conn.DefaultHttpClientConnectionOperator.connect(DefaultHttpClientConnectionOperator.java:142) ~[httpclient-4.5.3.jar:4.5.3]
	... 25 common frames omitted

2026-04-04T00:56:14.620+05:30  INFO 99059 --- [eureka-server] [a-EvictionTimer] c.n.e.registry.AbstractInstanceRegistry  : Running the evict task with compensationTime 0ms
2026-04-04T00:56:15.163+05:30 ERROR 99059 --- [eureka-server] [et_localhost-16] c.n.e.cluster.ReplicationTaskProcessor   : Network level connection to peer localhost; retrying after delay

jakarta.ws.rs.ProcessingException: org.apache.http.conn.HttpHostConnectException: Connect to localhost:8761 [localhost/127.0.0.1] failed: Connection refused
	at org.glassfish.jersey.apache.connector.ApacheConnector.apply(ApacheConnector.java:531) ~[jersey-apache-connector-3.1.5.jar:na]
	at org.glassfish.jersey.client.ClientRuntime.invoke(ClientRuntime.java:300) ~[jersey-client-3.1.5.jar:na]
	at org.glassfish.jersey.client.JerseyInvocation.lambda$invoke$0(JerseyInvocation.java:662) ~[jersey-client-3.1.5.jar:na]
	at org.glassfish.jersey.client.JerseyInvocation.call(JerseyInvocation.java:697) ~[jersey-client-3.1.5.jar:na]
	at org.glassfish.jersey.client.JerseyInvocation.lambda$runInScope$3(JerseyInvocation.java:691) ~[jersey-client-3.1.5.jar:na]
	at org.glassfish.jersey.internal.Errors.process(Errors.java:292) ~[jersey-common-3.1.5.jar:na]
	at org.glassfish.jersey.internal.Errors.process(Errors.java:274) ~[jersey-common-3.1.5.jar:na]
	at org.glassfish.jersey.internal.Errors.process(Errors.java:205) ~[jersey-common-3.1.5.jar:na]
	at org.glassfish.jersey.process.internal.RequestScope.runInScope(RequestScope.java:390) ~[jersey-common-3.1.5.jar:na]
	at org.glassfish.jersey.client.JerseyInvocation.runInScope(JerseyInvocation.java:691) ~[jersey-client-3.1.5.jar:na]
	at org.glassfish.jersey.client.JerseyInvocation.invoke(JerseyInvocation.java:661) ~[jersey-client-3.1.5.jar:na]
	at org.glassfish.jersey.client.JerseyInvocation$Builder.method(JerseyInvocation.java:439) ~[jersey-client-3.1.5.jar:na]
	at org.glassfish.jersey.client.JerseyInvocation$Builder.post(JerseyInvocation.java:345) ~[jersey-client-3.1.5.jar:na]
	at com.netflix.eureka.transport.Jersey3ReplicationClient.submitBatchUpdates(Jersey3ReplicationClient.java:116) ~[eureka-core-jersey3-2.0.1.jar:2.0.1]
	at com.netflix.eureka.cluster.ReplicationTaskProcessor.process(ReplicationTaskProcessor.java:80) ~[eureka-core-2.0.1.jar:2.0.1]
	at com.netflix.eureka.util.batcher.TaskExecutors$BatchWorkerRunnable.run(TaskExecutors.java:190) ~[eureka-core-2.0.1.jar:2.0.1]
	at java.base/java.lang.Thread.run(Thread.java:1583) ~[na:na]
Caused by: org.apache.http.conn.HttpHostConnectException: Connect to localhost:8761 [localhost/127.0.0.1] failed: Connection refused
	at org.apache.http.impl.conn.DefaultHttpClientConnectionOperator.connect(DefaultHttpClientConnectionOperator.java:159) ~[httpclient-4.5.3.jar:4.5.3]
	at org.apache.http.impl.conn.PoolingHttpClientConnectionManager.connect(PoolingHttpClientConnectionManager.java:359) ~[httpclient-4.5.3.jar:4.5.3]
	at org.apache.http.impl.execchain.MainClientExec.establishRoute(MainClientExec.java:381) ~[httpclient-4.5.3.jar:4.5.3]
	at org.apache.http.impl.execchain.MainClientExec.execute(MainClientExec.java:237) ~[httpclient-4.5.3.jar:4.5.3]
	at org.apache.http.impl.execchain.ProtocolExec.execute(ProtocolExec.java:185) ~[httpclient-4.5.3.jar:4.5.3]
	at org.apache.http.impl.execchain.RetryExec.execute(RetryExec.java:89) ~[httpclient-4.5.3.jar:4.5.3]
	at org.apache.http.impl.execchain.RedirectExec.execute(RedirectExec.java:111) ~[httpclient-4.5.3.jar:4.5.3]
	at org.apache.http.impl.client.InternalHttpClient.doExecute(InternalHttpClient.java:185) ~[httpclient-4.5.3.jar:4.5.3]
	at org.apache.http.impl.client.CloseableHttpClient.execute(CloseableHttpClient.java:72) ~[httpclient-4.5.3.jar:4.5.3]
	at org.glassfish.jersey.apache.connector.ApacheConnector.apply(ApacheConnector.java:483) ~[jersey-apache-connector-3.1.5.jar:na]
	... 16 common frames omitted
Caused by: java.net.ConnectException: Connection refused
	at java.base/sun.nio.ch.Net.pollConnect(Native Method) ~[na:na]
	at java.base/sun.nio.ch.Net.pollConnectNow(Net.java:694) ~[na:na]
	at java.base/sun.nio.ch.NioSocketImpl.timedFinishConnect(NioSocketImpl.java:542) ~[na:na]
	at java.base/sun.nio.ch.NioSocketImpl.connect(NioSocketImpl.java:592) ~[na:na]
	at java.base/java.net.SocksSocketImpl.connect(SocksSocketImpl.java:327) ~[na:na]
	at java.base/java.net.Socket.connect(Socket.java:751) ~[na:na]
	at org.apache.http.conn.socket.PlainConnectionSocketFactory.connectSocket(PlainConnectionSocketFactory.java:75) ~[httpclient-4.5.3.jar:4.5.3]
	at org.apache.http.impl.conn.DefaultHttpClientConnectionOperator.connect(DefaultHttpClientConnectionOperator.java:142) ~[httpclient-4.5.3.jar:4.5.3]
	... 25 common frames omitted

2026-04-04T00:56:25.180+05:30 ERROR 99059 --- [eureka-server] [et_localhost-19] c.n.e.cluster.ReplicationTaskProcessor   : Network level connection to peer localhost; retrying after delay

jakarta.ws.rs.ProcessingException: org.apache.http.conn.HttpHostConnectException: Connect to localhost:8761 [localhost/127.0.0.1] failed: Connection refused
	at org.glassfish.jersey.apache.connector.ApacheConnector.apply(ApacheConnector.java:531) ~[jersey-apache-connector-3.1.5.jar:na]
	at org.glassfish.jersey.client.ClientRuntime.invoke(ClientRuntime.java:300) ~[jersey-client-3.1.5.jar:na]
	at org.glassfish.jersey.client.JerseyInvocation.lambda$invoke$0(JerseyInvocation.java:662) ~[jersey-client-3.1.5.jar:na]
	at org.glassfish.jersey.client.JerseyInvocation.call(JerseyInvocation.java:697) ~[jersey-client-3.1.5.jar:na]
	at org.glassfish.jersey.client.JerseyInvocation.lambda$runInScope$3(JerseyInvocation.java:691) ~[jersey-client-3.1.5.jar:na]
	at org.glassfish.jersey.internal.Errors.process(Errors.java:292) ~[jersey-common-3.1.5.jar:na]
	at org.glassfish.jersey.internal.Errors.process(Errors.java:274) ~[jersey-common-3.1.5.jar:na]
	at org.glassfish.jersey.internal.Errors.process(Errors.java:205) ~[jersey-common-3.1.5.jar:na]
	at org.glassfish.jersey.process.internal.RequestScope.runInScope(RequestScope.java:390) ~[jersey-common-3.1.5.jar:na]
	at org.glassfish.jersey.client.JerseyInvocation.runInScope(JerseyInvocation.java:691) ~[jersey-client-3.1.5.jar:na]
	at org.glassfish.jersey.client.JerseyInvocation.invoke(JerseyInvocation.java:661) ~[jersey-client-3.1.5.jar:na]
	at org.glassfish.jersey.client.JerseyInvocation$Builder.method(JerseyInvocation.java:439) ~[jersey-client-3.1.5.jar:na]
	at org.glassfish.jersey.client.JerseyInvocation$Builder.post(JerseyInvocation.java:345) ~[jersey-client-3.1.5.jar:na]
	at com.netflix.eureka.transport.Jersey3ReplicationClient.submitBatchUpdates(Jersey3ReplicationClient.java:116) ~[eureka-core-jersey3-2.0.1.jar:2.0.1]
	at com.netflix.eureka.cluster.ReplicationTaskProcessor.process(ReplicationTaskProcessor.java:80) ~[eureka-core-2.0.1.jar:2.0.1]
	at com.netflix.eureka.util.batcher.TaskExecutors$BatchWorkerRunnable.run(TaskExecutors.java:190) ~[eureka-core-2.0.1.jar:2.0.1]
	at java.base/java.lang.Thread.run(Thread.java:1583) ~[na:na]
Caused by: org.apache.http.conn.HttpHostConnectException: Connect to localhost:8761 [localhost/127.0.0.1] failed: Connection refused
	at org.apache.http.impl.conn.DefaultHttpClientConnectionOperator.connect(DefaultHttpClientConnectionOperator.java:159) ~[httpclient-4.5.3.jar:4.5.3]
	at org.apache.http.impl.conn.PoolingHttpClientConnectionManager.connect(PoolingHttpClientConnectionManager.java:359) ~[httpclient-4.5.3.jar:4.5.3]
	at org.apache.http.impl.execchain.MainClientExec.establishRoute(MainClientExec.java:381) ~[httpclient-4.5.3.jar:4.5.3]
	at org.apache.http.impl.execchain.MainClientExec.execute(MainClientExec.java:237) ~[httpclient-4.5.3.jar:4.5.3]
	at org.apache.http.impl.execchain.ProtocolExec.execute(ProtocolExec.java:185) ~[httpclient-4.5.3.jar:4.5.3]
	at org.apache.http.impl.execchain.RetryExec.execute(RetryExec.java:89) ~[httpclient-4.5.3.jar:4.5.3]
	at org.apache.http.impl.execchain.RedirectExec.execute(RedirectExec.java:111) ~[httpclient-4.5.3.jar:4.5.3]
	at org.apache.http.impl.client.InternalHttpClient.doExecute(InternalHttpClient.java:185) ~[httpclient-4.5.3.jar:4.5.3]
	at org.apache.http.impl.client.CloseableHttpClient.execute(CloseableHttpClient.java:72) ~[httpclient-4.5.3.jar:4.5.3]
	at org.glassfish.jersey.apache.connector.ApacheConnector.apply(ApacheConnector.java:483) ~[jersey-apache-connector-3.1.5.jar:na]
	... 16 common frames omitted
Caused by: java.net.ConnectException: Connection refused
	at java.base/sun.nio.ch.Net.pollConnect(Native Method) ~[na:na]
	at java.base/sun.nio.ch.Net.pollConnectNow(Net.java:694) ~[na:na]
	at java.base/sun.nio.ch.NioSocketImpl.timedFinishConnect(NioSocketImpl.java:542) ~[na:na]
	at java.base/sun.nio.ch.NioSocketImpl.connect(NioSocketImpl.java:592) ~[na:na]
	at java.base/java.net.SocksSocketImpl.connect(SocksSocketImpl.java:327) ~[na:na]
	at java.base/java.net.Socket.connect(Socket.java:751) ~[na:na]
	at org.apache.http.conn.socket.PlainConnectionSocketFactory.connectSocket(PlainConnectionSocketFactory.java:75) ~[httpclient-4.5.3.jar:4.5.3]
	at org.apache.http.impl.conn.DefaultHttpClientConnectionOperator.connect(DefaultHttpClientConnectionOperator.java:142) ~[httpclient-4.5.3.jar:4.5.3]
	... 25 common frames omitted

2026-04-04T00:56:35.217+05:30 ERROR 99059 --- [eureka-server] [get_localhost-1] c.n.e.cluster.ReplicationTaskProcessor   : Network level connection to peer localhost; retrying after delay

jakarta.ws.rs.ProcessingException: org.apache.http.conn.HttpHostConnectException: Connect to localhost:8761 [localhost/127.0.0.1] failed: Connection refused
	at org.glassfish.jersey.apache.connector.ApacheConnector.apply(ApacheConnector.java:531) ~[jersey-apache-connector-3.1.5.jar:na]
	at org.glassfish.jersey.client.ClientRuntime.invoke(ClientRuntime.java:300) ~[jersey-client-3.1.5.jar:na]
	at org.glassfish.jersey.client.JerseyInvocation.lambda$invoke$0(JerseyInvocation.java:662) ~[jersey-client-3.1.5.jar:na]
	at org.glassfish.jersey.client.JerseyInvocation.call(JerseyInvocation.java:697) ~[jersey-client-3.1.5.jar:na]
	at org.glassfish.jersey.client.JerseyInvocation.lambda$runInScope$3(JerseyInvocation.java:691) ~[jersey-client-3.1.5.jar:na]
	at org.glassfish.jersey.internal.Errors.process(Errors.java:292) ~[jersey-common-3.1.5.jar:na]
	at org.glassfish.jersey.internal.Errors.process(Errors.java:274) ~[jersey-common-3.1.5.jar:na]
	at org.glassfish.jersey.internal.Errors.process(Errors.java:205) ~[jersey-common-3.1.5.jar:na]
	at org.glassfish.jersey.process.internal.RequestScope.runInScope(RequestScope.java:390) ~[jersey-common-3.1.5.jar:na]
	at org.glassfish.jersey.client.JerseyInvocation.runInScope(JerseyInvocation.java:691) ~[jersey-client-3.1.5.jar:na]
	at org.glassfish.jersey.client.JerseyInvocation.invoke(JerseyInvocation.java:661) ~[jersey-client-3.1.5.jar:na]
	at org.glassfish.jersey.client.JerseyInvocation$Builder.method(JerseyInvocation.java:439) ~[jersey-client-3.1.5.jar:na]
	at org.glassfish.jersey.client.JerseyInvocation$Builder.post(JerseyInvocation.java:345) ~[jersey-client-3.1.5.jar:na]
	at com.netflix.eureka.transport.Jersey3ReplicationClient.submitBatchUpdates(Jersey3ReplicationClient.java:116) ~[eureka-core-jersey3-2.0.1.jar:2.0.1]
	at com.netflix.eureka.cluster.ReplicationTaskProcessor.process(ReplicationTaskProcessor.java:80) ~[eureka-core-2.0.1.jar:2.0.1]
	at com.netflix.eureka.util.batcher.TaskExecutors$BatchWorkerRunnable.run(TaskExecutors.java:190) ~[eureka-core-2.0.1.jar:2.0.1]
	at java.base/java.lang.Thread.run(Thread.java:1583) ~[na:na]
Caused by: org.apache.http.conn.HttpHostConnectException: Connect to localhost:8761 [localhost/127.0.0.1] failed: Connection refused
	at org.apache.http.impl.conn.DefaultHttpClientConnectionOperator.connect(DefaultHttpClientConnectionOperator.java:159) ~[httpclient-4.5.3.jar:4.5.3]
	at org.apache.http.impl.conn.PoolingHttpClientConnectionManager.connect(PoolingHttpClientConnectionManager.java:359) ~[httpclient-4.5.3.jar:4.5.3]
	at org.apache.http.impl.execchain.MainClientExec.establishRoute(MainClientExec.java:381) ~[httpclient-4.5.3.jar:4.5.3]
	at org.apache.http.impl.execchain.MainClientExec.execute(MainClientExec.java:237) ~[httpclient-4.5.3.jar:4.5.3]
	at org.apache.http.impl.execchain.ProtocolExec.execute(ProtocolExec.java:185) ~[httpclient-4.5.3.jar:4.5.3]
	at org.apache.http.impl.execchain.RetryExec.execute(RetryExec.java:89) ~[httpclient-4.5.3.jar:4.5.3]
	at org.apache.http.impl.execchain.RedirectExec.execute(RedirectExec.java:111) ~[httpclient-4.5.3.jar:4.5.3]
	at org.apache.http.impl.client.InternalHttpClient.doExecute(InternalHttpClient.java:185) ~[httpclient-4.5.3.jar:4.5.3]
	at org.apache.http.impl.client.CloseableHttpClient.execute(CloseableHttpClient.java:72) ~[httpclient-4.5.3.jar:4.5.3]
	at org.glassfish.jersey.apache.connector.ApacheConnector.apply(ApacheConnector.java:483) ~[jersey-apache-connector-3.1.5.jar:na]
	... 16 common frames omitted
Caused by: java.net.ConnectException: Connection refused
	at java.base/sun.nio.ch.Net.pollConnect(Native Method) ~[na:na]
	at java.base/sun.nio.ch.Net.pollConnectNow(Net.java:694) ~[na:na]
	at java.base/sun.nio.ch.NioSocketImpl.timedFinishConnect(NioSocketImpl.java:542) ~[na:na]
	at java.base/sun.nio.ch.NioSocketImpl.connect(NioSocketImpl.java:592) ~[na:na]
	at java.base/java.net.SocksSocketImpl.connect(SocksSocketImpl.java:327) ~[na:na]
	at java.base/java.net.Socket.connect(Socket.java:751) ~[na:na]
	at org.apache.http.conn.socket.PlainConnectionSocketFactory.connectSocket(PlainConnectionSocketFactory.java:75) ~[httpclient-4.5.3.jar:4.5.3]
	at org.apache.http.impl.conn.DefaultHttpClientConnectionOperator.connect(DefaultHttpClientConnectionOperator.java:142) ~[httpclient-4.5.3.jar:4.5.3]
	... 25 common frames omitted

2026-04-04T00:56:45.275+05:30 ERROR 99059 --- [eureka-server] [get_localhost-0] c.n.e.cluster.ReplicationTaskProcessor   : Network level connection to peer localhost; retrying after delay

jakarta.ws.rs.ProcessingException: org.apache.http.conn.HttpHostConnectException: Connect to localhost:8761 [localhost/127.0.0.1] failed: Connection refused
	at org.glassfish.jersey.apache.connector.ApacheConnector.apply(ApacheConnector.java:531) ~[jersey-apache-connector-3.1.5.jar:na]
	at org.glassfish.jersey.client.ClientRuntime.invoke(ClientRuntime.java:300) ~[jersey-client-3.1.5.jar:na]
	at org.glassfish.jersey.client.JerseyInvocation.lambda$invoke$0(JerseyInvocation.java:662) ~[jersey-client-3.1.5.jar:na]
	at org.glassfish.jersey.client.JerseyInvocation.call(JerseyInvocation.java:697) ~[jersey-client-3.1.5.jar:na]
	at org.glassfish.jersey.client.JerseyInvocation.lambda$runInScope$3(JerseyInvocation.java:691) ~[jersey-client-3.1.5.jar:na]
	at org.glassfish.jersey.internal.Errors.process(Errors.java:292) ~[jersey-common-3.1.5.jar:na]
	at org.glassfish.jersey.internal.Errors.process(Errors.java:274) ~[jersey-common-3.1.5.jar:na]
	at org.glassfish.jersey.internal.Errors.process(Errors.java:205) ~[jersey-common-3.1.5.jar:na]
	at org.glassfish.jersey.process.internal.RequestScope.runInScope(RequestScope.java:390) ~[jersey-common-3.1.5.jar:na]
	at org.glassfish.jersey.client.JerseyInvocation.runInScope(JerseyInvocation.java:691) ~[jersey-client-3.1.5.jar:na]
	at org.glassfish.jersey.client.JerseyInvocation.invoke(JerseyInvocation.java:661) ~[jersey-client-3.1.5.jar:na]
	at org.glassfish.jersey.client.JerseyInvocation$Builder.method(JerseyInvocation.java:439) ~[jersey-client-3.1.5.jar:na]
	at org.glassfish.jersey.client.JerseyInvocation$Builder.post(JerseyInvocation.java:345) ~[jersey-client-3.1.5.jar:na]
	at com.netflix.eureka.transport.Jersey3ReplicationClient.submitBatchUpdates(Jersey3ReplicationClient.java:116) ~[eureka-core-jersey3-2.0.1.jar:2.0.1]
	at com.netflix.eureka.cluster.ReplicationTaskProcessor.process(ReplicationTaskProcessor.java:80) ~[eureka-core-2.0.1.jar:2.0.1]
	at com.netflix.eureka.util.batcher.TaskExecutors$BatchWorkerRunnable.run(TaskExecutors.java:190) ~[eureka-core-2.0.1.jar:2.0.1]
	at java.base/java.lang.Thread.run(Thread.java:1583) ~[na:na]
Caused by: org.apache.http.conn.HttpHostConnectException: Connect to localhost:8761 [localhost/127.0.0.1] failed: Connection refused
	at org.apache.http.impl.conn.DefaultHttpClientConnectionOperator.connect(DefaultHttpClientConnectionOperator.java:159) ~[httpclient-4.5.3.jar:4.5.3]
	at org.apache.http.impl.conn.PoolingHttpClientConnectionManager.connect(PoolingHttpClientConnectionManager.java:359) ~[httpclient-4.5.3.jar:4.5.3]
	at org.apache.http.impl.execchain.MainClientExec.establishRoute(MainClientExec.java:381) ~[httpclient-4.5.3.jar:4.5.3]
	at org.apache.http.impl.execchain.MainClientExec.execute(MainClientExec.java:237) ~[httpclient-4.5.3.jar:4.5.3]
	at org.apache.http.impl.execchain.ProtocolExec.execute(ProtocolExec.java:185) ~[httpclient-4.5.3.jar:4.5.3]
	at org.apache.http.impl.execchain.RetryExec.execute(RetryExec.java:89) ~[httpclient-4.5.3.jar:4.5.3]
	at org.apache.http.impl.execchain.RedirectExec.execute(RedirectExec.java:111) ~[httpclient-4.5.3.jar:4.5.3]
	at org.apache.http.impl.client.InternalHttpClient.doExecute(InternalHttpClient.java:185) ~[httpclient-4.5.3.jar:4.5.3]
	at org.apache.http.impl.client.CloseableHttpClient.execute(CloseableHttpClient.java:72) ~[httpclient-4.5.3.jar:4.5.3]
	at org.glassfish.jersey.apache.connector.ApacheConnector.apply(ApacheConnector.java:483) ~[jersey-apache-connector-3.1.5.jar:na]
	... 16 common frames omitted
Caused by: java.net.ConnectException: Connection refused
	at java.base/sun.nio.ch.Net.pollConnect(Native Method) ~[na:na]
	at java.base/sun.nio.ch.Net.pollConnectNow(Net.java:694) ~[na:na]
	at java.base/sun.nio.ch.NioSocketImpl.timedFinishConnect(NioSocketImpl.java:542) ~[na:na]
	at java.base/sun.nio.ch.NioSocketImpl.connect(NioSocketImpl.java:592) ~[na:na]
	at java.base/java.net.SocksSocketImpl.connect(SocksSocketImpl.java:327) ~[na:na]
	at java.base/java.net.Socket.connect(Socket.java:751) ~[na:na]
	at org.apache.http.conn.socket.PlainConnectionSocketFactory.connectSocket(PlainConnectionSocketFactory.java:75) ~[httpclient-4.5.3.jar:4.5.3]
	at org.apache.http.impl.conn.DefaultHttpClientConnectionOperator.connect(DefaultHttpClientConnectionOperator.java:142) ~[httpclient-4.5.3.jar:4.5.3]
	... 25 common frames omitted

2026-04-04T00:56:55.318+05:30 ERROR 99059 --- [eureka-server] [get_localhost-3] c.n.e.cluster.ReplicationTaskProcessor   : Network level connection to peer localhost; retrying after delay

jakarta.ws.rs.ProcessingException: org.apache.http.conn.HttpHostConnectException: Connect to localhost:8761 [localhost/127.0.0.1] failed: Connection refused
	at org.glassfish.jersey.apache.connector.ApacheConnector.apply(ApacheConnector.java:531) ~[jersey-apache-connector-3.1.5.jar:na]
	at org.glassfish.jersey.client.ClientRuntime.invoke(ClientRuntime.java:300) ~[jersey-client-3.1.5.jar:na]
	at org.glassfish.jersey.client.JerseyInvocation.lambda$invoke$0(JerseyInvocation.java:662) ~[jersey-client-3.1.5.jar:na]
	at org.glassfish.jersey.client.JerseyInvocation.call(JerseyInvocation.java:697) ~[jersey-client-3.1.5.jar:na]
	at org.glassfish.jersey.client.JerseyInvocation.lambda$runInScope$3(JerseyInvocation.java:691) ~[jersey-client-3.1.5.jar:na]
	at org.glassfish.jersey.internal.Errors.process(Errors.java:292) ~[jersey-common-3.1.5.jar:na]
	at org.glassfish.jersey.internal.Errors.process(Errors.java:274) ~[jersey-common-3.1.5.jar:na]
	at org.glassfish.jersey.internal.Errors.process(Errors.java:205) ~[jersey-common-3.1.5.jar:na]
	at org.glassfish.jersey.process.internal.RequestScope.runInScope(RequestScope.java:390) ~[jersey-common-3.1.5.jar:na]
	at org.glassfish.jersey.client.JerseyInvocation.runInScope(JerseyInvocation.java:691) ~[jersey-client-3.1.5.jar:na]
	at org.glassfish.jersey.client.JerseyInvocation.invoke(JerseyInvocation.java:661) ~[jersey-client-3.1.5.jar:na]
	at org.glassfish.jersey.client.JerseyInvocation$Builder.method(JerseyInvocation.java:439) ~[jersey-client-3.1.5.jar:na]
	at org.glassfish.jersey.client.JerseyInvocation$Builder.post(JerseyInvocation.java:345) ~[jersey-client-3.1.5.jar:na]
	at com.netflix.eureka.transport.Jersey3ReplicationClient.submitBatchUpdates(Jersey3ReplicationClient.java:116) ~[eureka-core-jersey3-2.0.1.jar:2.0.1]
	at com.netflix.eureka.cluster.ReplicationTaskProcessor.process(ReplicationTaskProcessor.java:80) ~[eureka-core-2.0.1.jar:2.0.1]
	at com.netflix.eureka.util.batcher.TaskExecutors$BatchWorkerRunnable.run(TaskExecutors.java:190) ~[eureka-core-2.0.1.jar:2.0.1]
	at java.base/java.lang.Thread.run(Thread.java:1583) ~[na:na]
Caused by: org.apache.http.conn.HttpHostConnectException: Connect to localhost:8761 [localhost/127.0.0.1] failed: Connection refused
	at org.apache.http.impl.conn.DefaultHttpClientConnectionOperator.connect(DefaultHttpClientConnectionOperator.java:159) ~[httpclient-4.5.3.jar:4.5.3]
	at org.apache.http.impl.conn.PoolingHttpClientConnectionManager.connect(PoolingHttpClientConnectionManager.java:359) ~[httpclient-4.5.3.jar:4.5.3]
	at org.apache.http.impl.execchain.MainClientExec.establishRoute(MainClientExec.java:381) ~[httpclient-4.5.3.jar:4.5.3]
	at org.apache.http.impl.execchain.MainClientExec.execute(MainClientExec.java:237) ~[httpclient-4.5.3.jar:4.5.3]
	at org.apache.http.impl.execchain.ProtocolExec.execute(ProtocolExec.java:185) ~[httpclient-4.5.3.jar:4.5.3]
	at org.apache.http.impl.execchain.RetryExec.execute(RetryExec.java:89) ~[httpclient-4.5.3.jar:4.5.3]
	at org.apache.http.impl.execchain.RedirectExec.execute(RedirectExec.java:111) ~[httpclient-4.5.3.jar:4.5.3]
	at org.apache.http.impl.client.InternalHttpClient.doExecute(InternalHttpClient.java:185) ~[httpclient-4.5.3.jar:4.5.3]
	at org.apache.http.impl.client.CloseableHttpClient.execute(CloseableHttpClient.java:72) ~[httpclient-4.5.3.jar:4.5.3]
	at org.glassfish.jersey.apache.connector.ApacheConnector.apply(ApacheConnector.java:483) ~[jersey-apache-connector-3.1.5.jar:na]
	... 16 common frames omitted
Caused by: java.net.ConnectException: Connection refused
	at java.base/sun.nio.ch.Net.pollConnect(Native Method) ~[na:na]
	at java.base/sun.nio.ch.Net.pollConnectNow(Net.java:694) ~[na:na]
	at java.base/sun.nio.ch.NioSocketImpl.timedFinishConnect(NioSocketImpl.java:542) ~[na:na]
	at java.base/sun.nio.ch.NioSocketImpl.connect(NioSocketImpl.java:592) ~[na:na]
	at java.base/java.net.SocksSocketImpl.connect(SocksSocketImpl.java:327) ~[na:na]
	at java.base/java.net.Socket.connect(Socket.java:751) ~[na:na]
	at org.apache.http.conn.socket.PlainConnectionSocketFactory.connectSocket(PlainConnectionSocketFactory.java:75) ~[httpclient-4.5.3.jar:4.5.3]
	at org.apache.http.impl.conn.DefaultHttpClientConnectionOperator.connect(DefaultHttpClientConnectionOperator.java:142) ~[httpclient-4.5.3.jar:4.5.3]
	... 25 common frames omitted

2026-04-04T00:57:05.339+05:30 ERROR 99059 --- [eureka-server] [et_localhost-10] c.n.e.cluster.ReplicationTaskProcessor   : Network level connection to peer localhost; retrying after delay

jakarta.ws.rs.ProcessingException: org.apache.http.conn.HttpHostConnectException: Connect to localhost:8761 [localhost/127.0.0.1] failed: Connection refused
	at org.glassfish.jersey.apache.connector.ApacheConnector.apply(ApacheConnector.java:531) ~[jersey-apache-connector-3.1.5.jar:na]
	at org.glassfish.jersey.client.ClientRuntime.invoke(ClientRuntime.java:300) ~[jersey-client-3.1.5.jar:na]
	at org.glassfish.jersey.client.JerseyInvocation.lambda$invoke$0(JerseyInvocation.java:662) ~[jersey-client-3.1.5.jar:na]
	at org.glassfish.jersey.client.JerseyInvocation.call(JerseyInvocation.java:697) ~[jersey-client-3.1.5.jar:na]
	at org.glassfish.jersey.client.JerseyInvocation.lambda$runInScope$3(JerseyInvocation.java:691) ~[jersey-client-3.1.5.jar:na]
	at org.glassfish.jersey.internal.Errors.process(Errors.java:292) ~[jersey-common-3.1.5.jar:na]
	at org.glassfish.jersey.internal.Errors.process(Errors.java:274) ~[jersey-common-3.1.5.jar:na]
	at org.glassfish.jersey.internal.Errors.process(Errors.java:205) ~[jersey-common-3.1.5.jar:na]
	at org.glassfish.jersey.process.internal.RequestScope.runInScope(RequestScope.java:390) ~[jersey-common-3.1.5.jar:na]
	at org.glassfish.jersey.client.JerseyInvocation.runInScope(JerseyInvocation.java:691) ~[jersey-client-3.1.5.jar:na]
	at org.glassfish.jersey.client.JerseyInvocation.invoke(JerseyInvocation.java:661) ~[jersey-client-3.1.5.jar:na]
	at org.glassfish.jersey.client.JerseyInvocation$Builder.method(JerseyInvocation.java:439) ~[jersey-client-3.1.5.jar:na]
	at org.glassfish.jersey.client.JerseyInvocation$Builder.post(JerseyInvocation.java:345) ~[jersey-client-3.1.5.jar:na]
	at com.netflix.eureka.transport.Jersey3ReplicationClient.submitBatchUpdates(Jersey3ReplicationClient.java:116) ~[eureka-core-jersey3-2.0.1.jar:2.0.1]
	at com.netflix.eureka.cluster.ReplicationTaskProcessor.process(ReplicationTaskProcessor.java:80) ~[eureka-core-2.0.1.jar:2.0.1]
	at com.netflix.eureka.util.batcher.TaskExecutors$BatchWorkerRunnable.run(TaskExecutors.java:190) ~[eureka-core-2.0.1.jar:2.0.1]
	at java.base/java.lang.Thread.run(Thread.java:1583) ~[na:na]
Caused by: org.apache.http.conn.HttpHostConnectException: Connect to localhost:8761 [localhost/127.0.0.1] failed: Connection refused
	at org.apache.http.impl.conn.DefaultHttpClientConnectionOperator.connect(DefaultHttpClientConnectionOperator.java:159) ~[httpclient-4.5.3.jar:4.5.3]
	at org.apache.http.impl.conn.PoolingHttpClientConnectionManager.connect(PoolingHttpClientConnectionManager.java:359) ~[httpclient-4.5.3.jar:4.5.3]
	at org.apache.http.impl.execchain.MainClientExec.establishRoute(MainClientExec.java:381) ~[httpclient-4.5.3.jar:4.5.3]
	at org.apache.http.impl.execchain.MainClientExec.execute(MainClientExec.java:237) ~[httpclient-4.5.3.jar:4.5.3]
	at org.apache.http.impl.execchain.ProtocolExec.execute(ProtocolExec.java:185) ~[httpclient-4.5.3.jar:4.5.3]
	at org.apache.http.impl.execchain.RetryExec.execute(RetryExec.java:89) ~[httpclient-4.5.3.jar:4.5.3]
	at org.apache.http.impl.execchain.RedirectExec.execute(RedirectExec.java:111) ~[httpclient-4.5.3.jar:4.5.3]
	at org.apache.http.impl.client.InternalHttpClient.doExecute(InternalHttpClient.java:185) ~[httpclient-4.5.3.jar:4.5.3]
	at org.apache.http.impl.client.CloseableHttpClient.execute(CloseableHttpClient.java:72) ~[httpclient-4.5.3.jar:4.5.3]
	at org.glassfish.jersey.apache.connector.ApacheConnector.apply(ApacheConnector.java:483) ~[jersey-apache-connector-3.1.5.jar:na]
	... 16 common frames omitted
Caused by: java.net.ConnectException: Connection refused
	at java.base/sun.nio.ch.Net.pollConnect(Native Method) ~[na:na]
	at java.base/sun.nio.ch.Net.pollConnectNow(Net.java:694) ~[na:na]
	at java.base/sun.nio.ch.NioSocketImpl.timedFinishConnect(NioSocketImpl.java:542) ~[na:na]
	at java.base/sun.nio.ch.NioSocketImpl.connect(NioSocketImpl.java:592) ~[na:na]
	at java.base/java.net.SocksSocketImpl.connect(SocksSocketImpl.java:327) ~[na:na]
	at java.base/java.net.Socket.connect(Socket.java:751) ~[na:na]
	at org.apache.http.conn.socket.PlainConnectionSocketFactory.connectSocket(PlainConnectionSocketFactory.java:75) ~[httpclient-4.5.3.jar:4.5.3]
	at org.apache.http.impl.conn.DefaultHttpClientConnectionOperator.connect(DefaultHttpClientConnectionOperator.java:142) ~[httpclient-4.5.3.jar:4.5.3]
	... 25 common frames omitted

2026-04-04T00:57:14.567+05:30  INFO 99059 --- [eureka-server] [hresholdUpdater] c.n.e.r.PeerAwareInstanceRegistryImpl    : Current renewal threshold is : 6
2026-04-04T00:57:14.620+05:30  INFO 99059 --- [eureka-server] [a-EvictionTimer] c.n.e.registry.AbstractInstanceRegistry  : Running the evict task with compensationTime 0ms
2026-04-04T00:57:15.345+05:30 ERROR 99059 --- [eureka-server] [get_localhost-7] c.n.e.cluster.ReplicationTaskProcessor   : Network level connection to peer localhost; retrying after delay

jakarta.ws.rs.ProcessingException: org.apache.http.conn.HttpHostConnectException: Connect to localhost:8761 [localhost/127.0.0.1] failed: Connection refused
	at org.glassfish.jersey.apache.connector.ApacheConnector.apply(ApacheConnector.java:531) ~[jersey-apache-connector-3.1.5.jar:na]
	at org.glassfish.jersey.client.ClientRuntime.invoke(ClientRuntime.java:300) ~[jersey-client-3.1.5.jar:na]
	at org.glassfish.jersey.client.JerseyInvocation.lambda$invoke$0(JerseyInvocation.java:662) ~[jersey-client-3.1.5.jar:na]
	at org.glassfish.jersey.client.JerseyInvocation.call(JerseyInvocation.java:697) ~[jersey-client-3.1.5.jar:na]
	at org.glassfish.jersey.client.JerseyInvocation.lambda$runInScope$3(JerseyInvocation.java:691) ~[jersey-client-3.1.5.jar:na]
	at org.glassfish.jersey.internal.Errors.process(Errors.java:292) ~[jersey-common-3.1.5.jar:na]
	at org.glassfish.jersey.internal.Errors.process(Errors.java:274) ~[jersey-common-3.1.5.jar:na]
	at org.glassfish.jersey.internal.Errors.process(Errors.java:205) ~[jersey-common-3.1.5.jar:na]
	at org.glassfish.jersey.process.internal.RequestScope.runInScope(RequestScope.java:390) ~[jersey-common-3.1.5.jar:na]
	at org.glassfish.jersey.client.JerseyInvocation.runInScope(JerseyInvocation.java:691) ~[jersey-client-3.1.5.jar:na]
	at org.glassfish.jersey.client.JerseyInvocation.invoke(JerseyInvocation.java:661) ~[jersey-client-3.1.5.jar:na]
	at org.glassfish.jersey.client.JerseyInvocation$Builder.method(JerseyInvocation.java:439) ~[jersey-client-3.1.5.jar:na]
	at org.glassfish.jersey.client.JerseyInvocation$Builder.post(JerseyInvocation.java:345) ~[jersey-client-3.1.5.jar:na]
	at com.netflix.eureka.transport.Jersey3ReplicationClient.submitBatchUpdates(Jersey3ReplicationClient.java:116) ~[eureka-core-jersey3-2.0.1.jar:2.0.1]
	at com.netflix.eureka.cluster.ReplicationTaskProcessor.process(ReplicationTaskProcessor.java:80) ~[eureka-core-2.0.1.jar:2.0.1]
	at com.netflix.eureka.util.batcher.TaskExecutors$BatchWorkerRunnable.run(TaskExecutors.java:190) ~[eureka-core-2.0.1.jar:2.0.1]
	at java.base/java.lang.Thread.run(Thread.java:1583) ~[na:na]
Caused by: org.apache.http.conn.HttpHostConnectException: Connect to localhost:8761 [localhost/127.0.0.1] failed: Connection refused
	at org.apache.http.impl.conn.DefaultHttpClientConnectionOperator.connect(DefaultHttpClientConnectionOperator.java:159) ~[httpclient-4.5.3.jar:4.5.3]
	at org.apache.http.impl.conn.PoolingHttpClientConnectionManager.connect(PoolingHttpClientConnectionManager.java:359) ~[httpclient-4.5.3.jar:4.5.3]
	at org.apache.http.impl.execchain.MainClientExec.establishRoute(MainClientExec.java:381) ~[httpclient-4.5.3.jar:4.5.3]
	at org.apache.http.impl.execchain.MainClientExec.execute(MainClientExec.java:237) ~[httpclient-4.5.3.jar:4.5.3]
	at org.apache.http.impl.execchain.ProtocolExec.execute(ProtocolExec.java:185) ~[httpclient-4.5.3.jar:4.5.3]
	at org.apache.http.impl.execchain.RetryExec.execute(RetryExec.java:89) ~[httpclient-4.5.3.jar:4.5.3]
	at org.apache.http.impl.execchain.RedirectExec.execute(RedirectExec.java:111) ~[httpclient-4.5.3.jar:4.5.3]
	at org.apache.http.impl.client.InternalHttpClient.doExecute(InternalHttpClient.java:185) ~[httpclient-4.5.3.jar:4.5.3]
	at org.apache.http.impl.client.CloseableHttpClient.execute(CloseableHttpClient.java:72) ~[httpclient-4.5.3.jar:4.5.3]
	at org.glassfish.jersey.apache.connector.ApacheConnector.apply(ApacheConnector.java:483) ~[jersey-apache-connector-3.1.5.jar:na]
	... 16 common frames omitted
Caused by: java.net.ConnectException: Connection refused
	at java.base/sun.nio.ch.Net.pollConnect(Native Method) ~[na:na]
	at java.base/sun.nio.ch.Net.pollConnectNow(Net.java:694) ~[na:na]
	at java.base/sun.nio.ch.NioSocketImpl.timedFinishConnect(NioSocketImpl.java:542) ~[na:na]
	at java.base/sun.nio.ch.NioSocketImpl.connect(NioSocketImpl.java:592) ~[na:na]
	at java.base/java.net.SocksSocketImpl.connect(SocksSocketImpl.java:327) ~[na:na]
	at java.base/java.net.Socket.connect(Socket.java:751) ~[na:na]
	at org.apache.http.conn.socket.PlainConnectionSocketFactory.connectSocket(PlainConnectionSocketFactory.java:75) ~[httpclient-4.5.3.jar:4.5.3]
	at org.apache.http.impl.conn.DefaultHttpClientConnectionOperator.connect(DefaultHttpClientConnectionOperator.java:142) ~[httpclient-4.5.3.jar:4.5.3]
	... 25 common frames omitted

2026-04-04T00:57:25.425+05:30 ERROR 99059 --- [eureka-server] [get_localhost-4] c.n.e.cluster.ReplicationTaskProcessor   : Network level connection to peer localhost; retrying after delay

jakarta.ws.rs.ProcessingException: org.apache.http.conn.HttpHostConnectException: Connect to localhost:8761 [localhost/127.0.0.1] failed: Connection refused
	at org.glassfish.jersey.apache.connector.ApacheConnector.apply(ApacheConnector.java:531) ~[jersey-apache-connector-3.1.5.jar:na]
	at org.glassfish.jersey.client.ClientRuntime.invoke(ClientRuntime.java:300) ~[jersey-client-3.1.5.jar:na]
	at org.glassfish.jersey.client.JerseyInvocation.lambda$invoke$0(JerseyInvocation.java:662) ~[jersey-client-3.1.5.jar:na]
	at org.glassfish.jersey.client.JerseyInvocation.call(JerseyInvocation.java:697) ~[jersey-client-3.1.5.jar:na]
	at org.glassfish.jersey.client.JerseyInvocation.lambda$runInScope$3(JerseyInvocation.java:691) ~[jersey-client-3.1.5.jar:na]
	at org.glassfish.jersey.internal.Errors.process(Errors.java:292) ~[jersey-common-3.1.5.jar:na]
	at org.glassfish.jersey.internal.Errors.process(Errors.java:274) ~[jersey-common-3.1.5.jar:na]
	at org.glassfish.jersey.internal.Errors.process(Errors.java:205) ~[jersey-common-3.1.5.jar:na]
	at org.glassfish.jersey.process.internal.RequestScope.runInScope(RequestScope.java:390) ~[jersey-common-3.1.5.jar:na]
	at org.glassfish.jersey.client.JerseyInvocation.runInScope(JerseyInvocation.java:691) ~[jersey-client-3.1.5.jar:na]
	at org.glassfish.jersey.client.JerseyInvocation.invoke(JerseyInvocation.java:661) ~[jersey-client-3.1.5.jar:na]
	at org.glassfish.jersey.client.JerseyInvocation$Builder.method(JerseyInvocation.java:439) ~[jersey-client-3.1.5.jar:na]
	at org.glassfish.jersey.client.JerseyInvocation$Builder.post(JerseyInvocation.java:345) ~[jersey-client-3.1.5.jar:na]
	at com.netflix.eureka.transport.Jersey3ReplicationClient.submitBatchUpdates(Jersey3ReplicationClient.java:116) ~[eureka-core-jersey3-2.0.1.jar:2.0.1]
	at com.netflix.eureka.cluster.ReplicationTaskProcessor.process(ReplicationTaskProcessor.java:80) ~[eureka-core-2.0.1.jar:2.0.1]
	at com.netflix.eureka.util.batcher.TaskExecutors$BatchWorkerRunnable.run(TaskExecutors.java:190) ~[eureka-core-2.0.1.jar:2.0.1]
	at java.base/java.lang.Thread.run(Thread.java:1583) ~[na:na]
Caused by: org.apache.http.conn.HttpHostConnectException: Connect to localhost:8761 [localhost/127.0.0.1] failed: Connection refused
	at org.apache.http.impl.conn.DefaultHttpClientConnectionOperator.connect(DefaultHttpClientConnectionOperator.java:159) ~[httpclient-4.5.3.jar:4.5.3]
	at org.apache.http.impl.conn.PoolingHttpClientConnectionManager.connect(PoolingHttpClientConnectionManager.java:359) ~[httpclient-4.5.3.jar:4.5.3]
	at org.apache.http.impl.execchain.MainClientExec.establishRoute(MainClientExec.java:381) ~[httpclient-4.5.3.jar:4.5.3]
	at org.apache.http.impl.execchain.MainClientExec.execute(MainClientExec.java:237) ~[httpclient-4.5.3.jar:4.5.3]
	at org.apache.http.impl.execchain.ProtocolExec.execute(ProtocolExec.java:185) ~[httpclient-4.5.3.jar:4.5.3]
	at org.apache.http.impl.execchain.RetryExec.execute(RetryExec.java:89) ~[httpclient-4.5.3.jar:4.5.3]
	at org.apache.http.impl.execchain.RedirectExec.execute(RedirectExec.java:111) ~[httpclient-4.5.3.jar:4.5.3]
	at org.apache.http.impl.client.InternalHttpClient.doExecute(InternalHttpClient.java:185) ~[httpclient-4.5.3.jar:4.5.3]
	at org.apache.http.impl.client.CloseableHttpClient.execute(CloseableHttpClient.java:72) ~[httpclient-4.5.3.jar:4.5.3]
	at org.glassfish.jersey.apache.connector.ApacheConnector.apply(ApacheConnector.java:483) ~[jersey-apache-connector-3.1.5.jar:na]
	... 16 common frames omitted
Caused by: java.net.ConnectException: Connection refused
	at java.base/sun.nio.ch.Net.pollConnect(Native Method) ~[na:na]
	at java.base/sun.nio.ch.Net.pollConnectNow(Net.java:694) ~[na:na]
	at java.base/sun.nio.ch.NioSocketImpl.timedFinishConnect(NioSocketImpl.java:542) ~[na:na]
	at java.base/sun.nio.ch.NioSocketImpl.connect(NioSocketImpl.java:592) ~[na:na]
	at java.base/java.net.SocksSocketImpl.connect(SocksSocketImpl.java:327) ~[na:na]
	at java.base/java.net.Socket.connect(Socket.java:751) ~[na:na]
	at org.apache.http.conn.socket.PlainConnectionSocketFactory.connectSocket(PlainConnectionSocketFactory.java:75) ~[httpclient-4.5.3.jar:4.5.3]
	at org.apache.http.impl.conn.DefaultHttpClientConnectionOperator.connect(DefaultHttpClientConnectionOperator.java:142) ~[httpclient-4.5.3.jar:4.5.3]
	... 25 common frames omitted

2026-04-04T00:57:35.449+05:30 ERROR 99059 --- [eureka-server] [et_localhost-17] c.n.e.cluster.ReplicationTaskProcessor   : Network level connection to peer localhost; retrying after delay

jakarta.ws.rs.ProcessingException: org.apache.http.conn.HttpHostConnectException: Connect to localhost:8761 [localhost/127.0.0.1] failed: Connection refused
	at org.glassfish.jersey.apache.connector.ApacheConnector.apply(ApacheConnector.java:531) ~[jersey-apache-connector-3.1.5.jar:na]
	at org.glassfish.jersey.client.ClientRuntime.invoke(ClientRuntime.java:300) ~[jersey-client-3.1.5.jar:na]
	at org.glassfish.jersey.client.JerseyInvocation.lambda$invoke$0(JerseyInvocation.java:662) ~[jersey-client-3.1.5.jar:na]
	at org.glassfish.jersey.client.JerseyInvocation.call(JerseyInvocation.java:697) ~[jersey-client-3.1.5.jar:na]
	at org.glassfish.jersey.client.JerseyInvocation.lambda$runInScope$3(JerseyInvocation.java:691) ~[jersey-client-3.1.5.jar:na]
	at org.glassfish.jersey.internal.Errors.process(Errors.java:292) ~[jersey-common-3.1.5.jar:na]
	at org.glassfish.jersey.internal.Errors.process(Errors.java:274) ~[jersey-common-3.1.5.jar:na]
	at org.glassfish.jersey.internal.Errors.process(Errors.java:205) ~[jersey-common-3.1.5.jar:na]
	at org.glassfish.jersey.process.internal.RequestScope.runInScope(RequestScope.java:390) ~[jersey-common-3.1.5.jar:na]
	at org.glassfish.jersey.client.JerseyInvocation.runInScope(JerseyInvocation.java:691) ~[jersey-client-3.1.5.jar:na]
	at org.glassfish.jersey.client.JerseyInvocation.invoke(JerseyInvocation.java:661) ~[jersey-client-3.1.5.jar:na]
	at org.glassfish.jersey.client.JerseyInvocation$Builder.method(JerseyInvocation.java:439) ~[jersey-client-3.1.5.jar:na]
	at org.glassfish.jersey.client.JerseyInvocation$Builder.post(JerseyInvocation.java:345) ~[jersey-client-3.1.5.jar:na]
	at com.netflix.eureka.transport.Jersey3ReplicationClient.submitBatchUpdates(Jersey3ReplicationClient.java:116) ~[eureka-core-jersey3-2.0.1.jar:2.0.1]
	at com.netflix.eureka.cluster.ReplicationTaskProcessor.process(ReplicationTaskProcessor.java:80) ~[eureka-core-2.0.1.jar:2.0.1]
	at com.netflix.eureka.util.batcher.TaskExecutors$BatchWorkerRunnable.run(TaskExecutors.java:190) ~[eureka-core-2.0.1.jar:2.0.1]
	at java.base/java.lang.Thread.run(Thread.java:1583) ~[na:na]
Caused by: org.apache.http.conn.HttpHostConnectException: Connect to localhost:8761 [localhost/127.0.0.1] failed: Connection refused
	at org.apache.http.impl.conn.DefaultHttpClientConnectionOperator.connect(DefaultHttpClientConnectionOperator.java:159) ~[httpclient-4.5.3.jar:4.5.3]
	at org.apache.http.impl.conn.PoolingHttpClientConnectionManager.connect(PoolingHttpClientConnectionManager.java:359) ~[httpclient-4.5.3.jar:4.5.3]
	at org.apache.http.impl.execchain.MainClientExec.establishRoute(MainClientExec.java:381) ~[httpclient-4.5.3.jar:4.5.3]
	at org.apache.http.impl.execchain.MainClientExec.execute(MainClientExec.java:237) ~[httpclient-4.5.3.jar:4.5.3]
	at org.apache.http.impl.execchain.ProtocolExec.execute(ProtocolExec.java:185) ~[httpclient-4.5.3.jar:4.5.3]
	at org.apache.http.impl.execchain.RetryExec.execute(RetryExec.java:89) ~[httpclient-4.5.3.jar:4.5.3]
	at org.apache.http.impl.execchain.RedirectExec.execute(RedirectExec.java:111) ~[httpclient-4.5.3.jar:4.5.3]
	at org.apache.http.impl.client.InternalHttpClient.doExecute(InternalHttpClient.java:185) ~[httpclient-4.5.3.jar:4.5.3]
	at org.apache.http.impl.client.CloseableHttpClient.execute(CloseableHttpClient.java:72) ~[httpclient-4.5.3.jar:4.5.3]
	at org.glassfish.jersey.apache.connector.ApacheConnector.apply(ApacheConnector.java:483) ~[jersey-apache-connector-3.1.5.jar:na]
	... 16 common frames omitted
Caused by: java.net.ConnectException: Connection refused
	at java.base/sun.nio.ch.Net.pollConnect(Native Method) ~[na:na]
	at java.base/sun.nio.ch.Net.pollConnectNow(Net.java:694) ~[na:na]
	at java.base/sun.nio.ch.NioSocketImpl.timedFinishConnect(NioSocketImpl.java:542) ~[na:na]
	at java.base/sun.nio.ch.NioSocketImpl.connect(NioSocketImpl.java:592) ~[na:na]
	at java.base/java.net.SocksSocketImpl.connect(SocksSocketImpl.java:327) ~[na:na]
	at java.base/java.net.Socket.connect(Socket.java:751) ~[na:na]
	at org.apache.http.conn.socket.PlainConnectionSocketFactory.connectSocket(PlainConnectionSocketFactory.java:75) ~[httpclient-4.5.3.jar:4.5.3]
	at org.apache.http.impl.conn.DefaultHttpClientConnectionOperator.connect(DefaultHttpClientConnectionOperator.java:142) ~[httpclient-4.5.3.jar:4.5.3]
	... 25 common frames omitted

2026-04-04T00:57:45.462+05:30 ERROR 99059 --- [eureka-server] [et_localhost-19] c.n.e.cluster.ReplicationTaskProcessor   : Network level connection to peer localhost; retrying after delay

jakarta.ws.rs.ProcessingException: org.apache.http.conn.HttpHostConnectException: Connect to localhost:8761 [localhost/127.0.0.1] failed: Connection refused
	at org.glassfish.jersey.apache.connector.ApacheConnector.apply(ApacheConnector.java:531) ~[jersey-apache-connector-3.1.5.jar:na]
	at org.glassfish.jersey.client.ClientRuntime.invoke(ClientRuntime.java:300) ~[jersey-client-3.1.5.jar:na]
	at org.glassfish.jersey.client.JerseyInvocation.lambda$invoke$0(JerseyInvocation.java:662) ~[jersey-client-3.1.5.jar:na]
	at org.glassfish.jersey.client.JerseyInvocation.call(JerseyInvocation.java:697) ~[jersey-client-3.1.5.jar:na]
	at org.glassfish.jersey.client.JerseyInvocation.lambda$runInScope$3(JerseyInvocation.java:691) ~[jersey-client-3.1.5.jar:na]
	at org.glassfish.jersey.internal.Errors.process(Errors.java:292) ~[jersey-common-3.1.5.jar:na]
	at org.glassfish.jersey.internal.Errors.process(Errors.java:274) ~[jersey-common-3.1.5.jar:na]
	at org.glassfish.jersey.internal.Errors.process(Errors.java:205) ~[jersey-common-3.1.5.jar:na]
	at org.glassfish.jersey.process.internal.RequestScope.runInScope(RequestScope.java:390) ~[jersey-common-3.1.5.jar:na]
	at org.glassfish.jersey.client.JerseyInvocation.runInScope(JerseyInvocation.java:691) ~[jersey-client-3.1.5.jar:na]
	at org.glassfish.jersey.client.JerseyInvocation.invoke(JerseyInvocation.java:661) ~[jersey-client-3.1.5.jar:na]
	at org.glassfish.jersey.client.JerseyInvocation$Builder.method(JerseyInvocation.java:439) ~[jersey-client-3.1.5.jar:na]
	at org.glassfish.jersey.client.JerseyInvocation$Builder.post(JerseyInvocation.java:345) ~[jersey-client-3.1.5.jar:na]
	at com.netflix.eureka.transport.Jersey3ReplicationClient.submitBatchUpdates(Jersey3ReplicationClient.java:116) ~[eureka-core-jersey3-2.0.1.jar:2.0.1]
	at com.netflix.eureka.cluster.ReplicationTaskProcessor.process(ReplicationTaskProcessor.java:80) ~[eureka-core-2.0.1.jar:2.0.1]
	at com.netflix.eureka.util.batcher.TaskExecutors$BatchWorkerRunnable.run(TaskExecutors.java:190) ~[eureka-core-2.0.1.jar:2.0.1]
	at java.base/java.lang.Thread.run(Thread.java:1583) ~[na:na]
Caused by: org.apache.http.conn.HttpHostConnectException: Connect to localhost:8761 [localhost/127.0.0.1] failed: Connection refused
	at org.apache.http.impl.conn.DefaultHttpClientConnectionOperator.connect(DefaultHttpClientConnectionOperator.java:159) ~[httpclient-4.5.3.jar:4.5.3]
	at org.apache.http.impl.conn.PoolingHttpClientConnectionManager.connect(PoolingHttpClientConnectionManager.java:359) ~[httpclient-4.5.3.jar:4.5.3]
	at org.apache.http.impl.execchain.MainClientExec.establishRoute(MainClientExec.java:381) ~[httpclient-4.5.3.jar:4.5.3]
	at org.apache.http.impl.execchain.MainClientExec.execute(MainClientExec.java:237) ~[httpclient-4.5.3.jar:4.5.3]
	at org.apache.http.impl.execchain.ProtocolExec.execute(ProtocolExec.java:185) ~[httpclient-4.5.3.jar:4.5.3]
	at org.apache.http.impl.execchain.RetryExec.execute(RetryExec.java:89) ~[httpclient-4.5.3.jar:4.5.3]
	at org.apache.http.impl.execchain.RedirectExec.execute(RedirectExec.java:111) ~[httpclient-4.5.3.jar:4.5.3]
	at org.apache.http.impl.client.InternalHttpClient.doExecute(InternalHttpClient.java:185) ~[httpclient-4.5.3.jar:4.5.3]
	at org.apache.http.impl.client.CloseableHttpClient.execute(CloseableHttpClient.java:72) ~[httpclient-4.5.3.jar:4.5.3]
	at org.glassfish.jersey.apache.connector.ApacheConnector.apply(ApacheConnector.java:483) ~[jersey-apache-connector-3.1.5.jar:na]
	... 16 common frames omitted
Caused by: java.net.ConnectException: Connection refused
	at java.base/sun.nio.ch.Net.pollConnect(Native Method) ~[na:na]
	at java.base/sun.nio.ch.Net.pollConnectNow(Net.java:694) ~[na:na]
	at java.base/sun.nio.ch.NioSocketImpl.timedFinishConnect(NioSocketImpl.java:542) ~[na:na]
	at java.base/sun.nio.ch.NioSocketImpl.connect(NioSocketImpl.java:592) ~[na:na]
	at java.base/java.net.SocksSocketImpl.connect(SocksSocketImpl.java:327) ~[na:na]
	at java.base/java.net.Socket.connect(Socket.java:751) ~[na:na]
	at org.apache.http.conn.socket.PlainConnectionSocketFactory.connectSocket(PlainConnectionSocketFactory.java:75) ~[httpclient-4.5.3.jar:4.5.3]
	at org.apache.http.impl.conn.DefaultHttpClientConnectionOperator.connect(DefaultHttpClientConnectionOperator.java:142) ~[httpclient-4.5.3.jar:4.5.3]
	... 25 common frames omitted

2026-04-04T00:57:55.563+05:30 ERROR 99059 --- [eureka-server] [et_localhost-12] c.n.e.cluster.ReplicationTaskProcessor   : Network level connection to peer localhost; retrying after delay

jakarta.ws.rs.ProcessingException: org.apache.http.conn.HttpHostConnectException: Connect to localhost:8761 [localhost/127.0.0.1] failed: Connection refused
	at org.glassfish.jersey.apache.connector.ApacheConnector.apply(ApacheConnector.java:531) ~[jersey-apache-connector-3.1.5.jar:na]
	at org.glassfish.jersey.client.ClientRuntime.invoke(ClientRuntime.java:300) ~[jersey-client-3.1.5.jar:na]
	at org.glassfish.jersey.client.JerseyInvocation.lambda$invoke$0(JerseyInvocation.java:662) ~[jersey-client-3.1.5.jar:na]
	at org.glassfish.jersey.client.JerseyInvocation.call(JerseyInvocation.java:697) ~[jersey-client-3.1.5.jar:na]
	at org.glassfish.jersey.client.JerseyInvocation.lambda$runInScope$3(JerseyInvocation.java:691) ~[jersey-client-3.1.5.jar:na]
	at org.glassfish.jersey.internal.Errors.process(Errors.java:292) ~[jersey-common-3.1.5.jar:na]
	at org.glassfish.jersey.internal.Errors.process(Errors.java:274) ~[jersey-common-3.1.5.jar:na]
	at org.glassfish.jersey.internal.Errors.process(Errors.java:205) ~[jersey-common-3.1.5.jar:na]
	at org.glassfish.jersey.process.internal.RequestScope.runInScope(RequestScope.java:390) ~[jersey-common-3.1.5.jar:na]
	at org.glassfish.jersey.client.JerseyInvocation.runInScope(JerseyInvocation.java:691) ~[jersey-client-3.1.5.jar:na]
	at org.glassfish.jersey.client.JerseyInvocation.invoke(JerseyInvocation.java:661) ~[jersey-client-3.1.5.jar:na]
	at org.glassfish.jersey.client.JerseyInvocation$Builder.method(JerseyInvocation.java:439) ~[jersey-client-3.1.5.jar:na]
	at org.glassfish.jersey.client.JerseyInvocation$Builder.post(JerseyInvocation.java:345) ~[jersey-client-3.1.5.jar:na]
	at com.netflix.eureka.transport.Jersey3ReplicationClient.submitBatchUpdates(Jersey3ReplicationClient.java:116) ~[eureka-core-jersey3-2.0.1.jar:2.0.1]
	at com.netflix.eureka.cluster.ReplicationTaskProcessor.process(ReplicationTaskProcessor.java:80) ~[eureka-core-2.0.1.jar:2.0.1]
	at com.netflix.eureka.util.batcher.TaskExecutors$BatchWorkerRunnable.run(TaskExecutors.java:190) ~[eureka-core-2.0.1.jar:2.0.1]
	at java.base/java.lang.Thread.run(Thread.java:1583) ~[na:na]
Caused by: org.apache.http.conn.HttpHostConnectException: Connect to localhost:8761 [localhost/127.0.0.1] failed: Connection refused
	at org.apache.http.impl.conn.DefaultHttpClientConnectionOperator.connect(DefaultHttpClientConnectionOperator.java:159) ~[httpclient-4.5.3.jar:4.5.3]
	at org.apache.http.impl.conn.PoolingHttpClientConnectionManager.connect(PoolingHttpClientConnectionManager.java:359) ~[httpclient-4.5.3.jar:4.5.3]
	at org.apache.http.impl.execchain.MainClientExec.establishRoute(MainClientExec.java:381) ~[httpclient-4.5.3.jar:4.5.3]
	at org.apache.http.impl.execchain.MainClientExec.execute(MainClientExec.java:237) ~[httpclient-4.5.3.jar:4.5.3]
	at org.apache.http.impl.execchain.ProtocolExec.execute(ProtocolExec.java:185) ~[httpclient-4.5.3.jar:4.5.3]
	at org.apache.http.impl.execchain.RetryExec.execute(RetryExec.java:89) ~[httpclient-4.5.3.jar:4.5.3]
	at org.apache.http.impl.execchain.RedirectExec.execute(RedirectExec.java:111) ~[httpclient-4.5.3.jar:4.5.3]
	at org.apache.http.impl.client.InternalHttpClient.doExecute(InternalHttpClient.java:185) ~[httpclient-4.5.3.jar:4.5.3]
	at org.apache.http.impl.client.CloseableHttpClient.execute(CloseableHttpClient.java:72) ~[httpclient-4.5.3.jar:4.5.3]
	at org.glassfish.jersey.apache.connector.ApacheConnector.apply(ApacheConnector.java:483) ~[jersey-apache-connector-3.1.5.jar:na]
	... 16 common frames omitted
Caused by: java.net.ConnectException: Connection refused
	at java.base/sun.nio.ch.Net.pollConnect(Native Method) ~[na:na]
	at java.base/sun.nio.ch.Net.pollConnectNow(Net.java:694) ~[na:na]
	at java.base/sun.nio.ch.NioSocketImpl.timedFinishConnect(NioSocketImpl.java:542) ~[na:na]
	at java.base/sun.nio.ch.NioSocketImpl.connect(NioSocketImpl.java:592) ~[na:na]
	at java.base/java.net.SocksSocketImpl.connect(SocksSocketImpl.java:327) ~[na:na]
	at java.base/java.net.Socket.connect(Socket.java:751) ~[na:na]
	at org.apache.http.conn.socket.PlainConnectionSocketFactory.connectSocket(PlainConnectionSocketFactory.java:75) ~[httpclient-4.5.3.jar:4.5.3]
	at org.apache.http.impl.conn.DefaultHttpClientConnectionOperator.connect(DefaultHttpClientConnectionOperator.java:142) ~[httpclient-4.5.3.jar:4.5.3]
	... 25 common frames omitted

2026-04-04T00:58:05.573+05:30 ERROR 99059 --- [eureka-server] [et_localhost-11] c.n.e.cluster.ReplicationTaskProcessor   : Network level connection to peer localhost; retrying after delay

jakarta.ws.rs.ProcessingException: org.apache.http.conn.HttpHostConnectException: Connect to localhost:8761 [localhost/127.0.0.1] failed: Connection refused
	at org.glassfish.jersey.apache.connector.ApacheConnector.apply(ApacheConnector.java:531) ~[jersey-apache-connector-3.1.5.jar:na]
	at org.glassfish.jersey.client.ClientRuntime.invoke(ClientRuntime.java:300) ~[jersey-client-3.1.5.jar:na]
	at org.glassfish.jersey.client.JerseyInvocation.lambda$invoke$0(JerseyInvocation.java:662) ~[jersey-client-3.1.5.jar:na]
	at org.glassfish.jersey.client.JerseyInvocation.call(JerseyInvocation.java:697) ~[jersey-client-3.1.5.jar:na]
	at org.glassfish.jersey.client.JerseyInvocation.lambda$runInScope$3(JerseyInvocation.java:691) ~[jersey-client-3.1.5.jar:na]
	at org.glassfish.jersey.internal.Errors.process(Errors.java:292) ~[jersey-common-3.1.5.jar:na]
	at org.glassfish.jersey.internal.Errors.process(Errors.java:274) ~[jersey-common-3.1.5.jar:na]
	at org.glassfish.jersey.internal.Errors.process(Errors.java:205) ~[jersey-common-3.1.5.jar:na]
	at org.glassfish.jersey.process.internal.RequestScope.runInScope(RequestScope.java:390) ~[jersey-common-3.1.5.jar:na]
	at org.glassfish.jersey.client.JerseyInvocation.runInScope(JerseyInvocation.java:691) ~[jersey-client-3.1.5.jar:na]
	at org.glassfish.jersey.client.JerseyInvocation.invoke(JerseyInvocation.java:661) ~[jersey-client-3.1.5.jar:na]
	at org.glassfish.jersey.client.JerseyInvocation$Builder.method(JerseyInvocation.java:439) ~[jersey-client-3.1.5.jar:na]
	at org.glassfish.jersey.client.JerseyInvocation$Builder.post(JerseyInvocation.java:345) ~[jersey-client-3.1.5.jar:na]
	at com.netflix.eureka.transport.Jersey3ReplicationClient.submitBatchUpdates(Jersey3ReplicationClient.java:116) ~[eureka-core-jersey3-2.0.1.jar:2.0.1]
	at com.netflix.eureka.cluster.ReplicationTaskProcessor.process(ReplicationTaskProcessor.java:80) ~[eureka-core-2.0.1.jar:2.0.1]
	at com.netflix.eureka.util.batcher.TaskExecutors$BatchWorkerRunnable.run(TaskExecutors.java:190) ~[eureka-core-2.0.1.jar:2.0.1]
	at java.base/java.lang.Thread.run(Thread.java:1583) ~[na:na]
Caused by: org.apache.http.conn.HttpHostConnectException: Connect to localhost:8761 [localhost/127.0.0.1] failed: Connection refused
	at org.apache.http.impl.conn.DefaultHttpClientConnectionOperator.connect(DefaultHttpClientConnectionOperator.java:159) ~[httpclient-4.5.3.jar:4.5.3]
	at org.apache.http.impl.conn.PoolingHttpClientConnectionManager.connect(PoolingHttpClientConnectionManager.java:359) ~[httpclient-4.5.3.jar:4.5.3]
	at org.apache.http.impl.execchain.MainClientExec.establishRoute(MainClientExec.java:381) ~[httpclient-4.5.3.jar:4.5.3]
	at org.apache.http.impl.execchain.MainClientExec.execute(MainClientExec.java:237) ~[httpclient-4.5.3.jar:4.5.3]
	at org.apache.http.impl.execchain.ProtocolExec.execute(ProtocolExec.java:185) ~[httpclient-4.5.3.jar:4.5.3]
	at org.apache.http.impl.execchain.RetryExec.execute(RetryExec.java:89) ~[httpclient-4.5.3.jar:4.5.3]
	at org.apache.http.impl.execchain.RedirectExec.execute(RedirectExec.java:111) ~[httpclient-4.5.3.jar:4.5.3]
	at org.apache.http.impl.client.InternalHttpClient.doExecute(InternalHttpClient.java:185) ~[httpclient-4.5.3.jar:4.5.3]
	at org.apache.http.impl.client.CloseableHttpClient.execute(CloseableHttpClient.java:72) ~[httpclient-4.5.3.jar:4.5.3]
	at org.glassfish.jersey.apache.connector.ApacheConnector.apply(ApacheConnector.java:483) ~[jersey-apache-connector-3.1.5.jar:na]
	... 16 common frames omitted
Caused by: java.net.ConnectException: Connection refused
	at java.base/sun.nio.ch.Net.pollConnect(Native Method) ~[na:na]
	at java.base/sun.nio.ch.Net.pollConnectNow(Net.java:694) ~[na:na]
	at java.base/sun.nio.ch.NioSocketImpl.timedFinishConnect(NioSocketImpl.java:542) ~[na:na]
	at java.base/sun.nio.ch.NioSocketImpl.connect(NioSocketImpl.java:592) ~[na:na]
	at java.base/java.net.SocksSocketImpl.connect(SocksSocketImpl.java:327) ~[na:na]
	at java.base/java.net.Socket.connect(Socket.java:751) ~[na:na]
	at org.apache.http.conn.socket.PlainConnectionSocketFactory.connectSocket(PlainConnectionSocketFactory.java:75) ~[httpclient-4.5.3.jar:4.5.3]
	at org.apache.http.impl.conn.DefaultHttpClientConnectionOperator.connect(DefaultHttpClientConnectionOperator.java:142) ~[httpclient-4.5.3.jar:4.5.3]
	... 25 common frames omitted

2026-04-04T00:58:14.620+05:30  INFO 99059 --- [eureka-server] [a-EvictionTimer] c.n.e.registry.AbstractInstanceRegistry  : Running the evict task with compensationTime 0ms
2026-04-04T00:58:15.654+05:30 ERROR 99059 --- [eureka-server] [get_localhost-2] c.n.e.cluster.ReplicationTaskProcessor   : Network level connection to peer localhost; retrying after delay

jakarta.ws.rs.ProcessingException: org.apache.http.conn.HttpHostConnectException: Connect to localhost:8761 [localhost/127.0.0.1] failed: Connection refused
	at org.glassfish.jersey.apache.connector.ApacheConnector.apply(ApacheConnector.java:531) ~[jersey-apache-connector-3.1.5.jar:na]
	at org.glassfish.jersey.client.ClientRuntime.invoke(ClientRuntime.java:300) ~[jersey-client-3.1.5.jar:na]
	at org.glassfish.jersey.client.JerseyInvocation.lambda$invoke$0(JerseyInvocation.java:662) ~[jersey-client-3.1.5.jar:na]
	at org.glassfish.jersey.client.JerseyInvocation.call(JerseyInvocation.java:697) ~[jersey-client-3.1.5.jar:na]
	at org.glassfish.jersey.client.JerseyInvocation.lambda$runInScope$3(JerseyInvocation.java:691) ~[jersey-client-3.1.5.jar:na]
	at org.glassfish.jersey.internal.Errors.process(Errors.java:292) ~[jersey-common-3.1.5.jar:na]
	at org.glassfish.jersey.internal.Errors.process(Errors.java:274) ~[jersey-common-3.1.5.jar:na]
	at org.glassfish.jersey.internal.Errors.process(Errors.java:205) ~[jersey-common-3.1.5.jar:na]
	at org.glassfish.jersey.process.internal.RequestScope.runInScope(RequestScope.java:390) ~[jersey-common-3.1.5.jar:na]
	at org.glassfish.jersey.client.JerseyInvocation.runInScope(JerseyInvocation.java:691) ~[jersey-client-3.1.5.jar:na]
	at org.glassfish.jersey.client.JerseyInvocation.invoke(JerseyInvocation.java:661) ~[jersey-client-3.1.5.jar:na]
	at org.glassfish.jersey.client.JerseyInvocation$Builder.method(JerseyInvocation.java:439) ~[jersey-client-3.1.5.jar:na]
	at org.glassfish.jersey.client.JerseyInvocation$Builder.post(JerseyInvocation.java:345) ~[jersey-client-3.1.5.jar:na]
	at com.netflix.eureka.transport.Jersey3ReplicationClient.submitBatchUpdates(Jersey3ReplicationClient.java:116) ~[eureka-core-jersey3-2.0.1.jar:2.0.1]
	at com.netflix.eureka.cluster.ReplicationTaskProcessor.process(ReplicationTaskProcessor.java:80) ~[eureka-core-2.0.1.jar:2.0.1]
	at com.netflix.eureka.util.batcher.TaskExecutors$BatchWorkerRunnable.run(TaskExecutors.java:190) ~[eureka-core-2.0.1.jar:2.0.1]
	at java.base/java.lang.Thread.run(Thread.java:1583) ~[na:na]
Caused by: org.apache.http.conn.HttpHostConnectException: Connect to localhost:8761 [localhost/127.0.0.1] failed: Connection refused
	at org.apache.http.impl.conn.DefaultHttpClientConnectionOperator.connect(DefaultHttpClientConnectionOperator.java:159) ~[httpclient-4.5.3.jar:4.5.3]
	at org.apache.http.impl.conn.PoolingHttpClientConnectionManager.connect(PoolingHttpClientConnectionManager.java:359) ~[httpclient-4.5.3.jar:4.5.3]
	at org.apache.http.impl.execchain.MainClientExec.establishRoute(MainClientExec.java:381) ~[httpclient-4.5.3.jar:4.5.3]
	at org.apache.http.impl.execchain.MainClientExec.execute(MainClientExec.java:237) ~[httpclient-4.5.3.jar:4.5.3]
	at org.apache.http.impl.execchain.ProtocolExec.execute(ProtocolExec.java:185) ~[httpclient-4.5.3.jar:4.5.3]
	at org.apache.http.impl.execchain.RetryExec.execute(RetryExec.java:89) ~[httpclient-4.5.3.jar:4.5.3]
	at org.apache.http.impl.execchain.RedirectExec.execute(RedirectExec.java:111) ~[httpclient-4.5.3.jar:4.5.3]
	at org.apache.http.impl.client.InternalHttpClient.doExecute(InternalHttpClient.java:185) ~[httpclient-4.5.3.jar:4.5.3]
	at org.apache.http.impl.client.CloseableHttpClient.execute(CloseableHttpClient.java:72) ~[httpclient-4.5.3.jar:4.5.3]
	at org.glassfish.jersey.apache.connector.ApacheConnector.apply(ApacheConnector.java:483) ~[jersey-apache-connector-3.1.5.jar:na]
	... 16 common frames omitted
Caused by: java.net.ConnectException: Connection refused
	at java.base/sun.nio.ch.Net.pollConnect(Native Method) ~[na:na]
	at java.base/sun.nio.ch.Net.pollConnectNow(Net.java:694) ~[na:na]
	at java.base/sun.nio.ch.NioSocketImpl.timedFinishConnect(NioSocketImpl.java:542) ~[na:na]
	at java.base/sun.nio.ch.NioSocketImpl.connect(NioSocketImpl.java:592) ~[na:na]
	at java.base/java.net.SocksSocketImpl.connect(SocksSocketImpl.java:327) ~[na:na]
	at java.base/java.net.Socket.connect(Socket.java:751) ~[na:na]
	at org.apache.http.conn.socket.PlainConnectionSocketFactory.connectSocket(PlainConnectionSocketFactory.java:75) ~[httpclient-4.5.3.jar:4.5.3]
	at org.apache.http.impl.conn.DefaultHttpClientConnectionOperator.connect(DefaultHttpClientConnectionOperator.java:142) ~[httpclient-4.5.3.jar:4.5.3]
	... 25 common frames omitted

2026-04-04T00:58:25.738+05:30 ERROR 99059 --- [eureka-server] [get_localhost-0] c.n.e.cluster.ReplicationTaskProcessor   : Network level connection to peer localhost; retrying after delay

jakarta.ws.rs.ProcessingException: org.apache.http.conn.HttpHostConnectException: Connect to localhost:8761 [localhost/127.0.0.1] failed: Connection refused
	at org.glassfish.jersey.apache.connector.ApacheConnector.apply(ApacheConnector.java:531) ~[jersey-apache-connector-3.1.5.jar:na]
	at org.glassfish.jersey.client.ClientRuntime.invoke(ClientRuntime.java:300) ~[jersey-client-3.1.5.jar:na]
	at org.glassfish.jersey.client.JerseyInvocation.lambda$invoke$0(JerseyInvocation.java:662) ~[jersey-client-3.1.5.jar:na]
	at org.glassfish.jersey.client.JerseyInvocation.call(JerseyInvocation.java:697) ~[jersey-client-3.1.5.jar:na]
	at org.glassfish.jersey.client.JerseyInvocation.lambda$runInScope$3(JerseyInvocation.java:691) ~[jersey-client-3.1.5.jar:na]
	at org.glassfish.jersey.internal.Errors.process(Errors.java:292) ~[jersey-common-3.1.5.jar:na]
	at org.glassfish.jersey.internal.Errors.process(Errors.java:274) ~[jersey-common-3.1.5.jar:na]
	at org.glassfish.jersey.internal.Errors.process(Errors.java:205) ~[jersey-common-3.1.5.jar:na]
	at org.glassfish.jersey.process.internal.RequestScope.runInScope(RequestScope.java:390) ~[jersey-common-3.1.5.jar:na]
	at org.glassfish.jersey.client.JerseyInvocation.runInScope(JerseyInvocation.java:691) ~[jersey-client-3.1.5.jar:na]
	at org.glassfish.jersey.client.JerseyInvocation.invoke(JerseyInvocation.java:661) ~[jersey-client-3.1.5.jar:na]
	at org.glassfish.jersey.client.JerseyInvocation$Builder.method(JerseyInvocation.java:439) ~[jersey-client-3.1.5.jar:na]
	at org.glassfish.jersey.client.JerseyInvocation$Builder.post(JerseyInvocation.java:345) ~[jersey-client-3.1.5.jar:na]
	at com.netflix.eureka.transport.Jersey3ReplicationClient.submitBatchUpdates(Jersey3ReplicationClient.java:116) ~[eureka-core-jersey3-2.0.1.jar:2.0.1]
	at com.netflix.eureka.cluster.ReplicationTaskProcessor.process(ReplicationTaskProcessor.java:80) ~[eureka-core-2.0.1.jar:2.0.1]
	at com.netflix.eureka.util.batcher.TaskExecutors$BatchWorkerRunnable.run(TaskExecutors.java:190) ~[eureka-core-2.0.1.jar:2.0.1]
	at java.base/java.lang.Thread.run(Thread.java:1583) ~[na:na]
Caused by: org.apache.http.conn.HttpHostConnectException: Connect to localhost:8761 [localhost/127.0.0.1] failed: Connection refused
	at org.apache.http.impl.conn.DefaultHttpClientConnectionOperator.connect(DefaultHttpClientConnectionOperator.java:159) ~[httpclient-4.5.3.jar:4.5.3]
	at org.apache.http.impl.conn.PoolingHttpClientConnectionManager.connect(PoolingHttpClientConnectionManager.java:359) ~[httpclient-4.5.3.jar:4.5.3]
	at org.apache.http.impl.execchain.MainClientExec.establishRoute(MainClientExec.java:381) ~[httpclient-4.5.3.jar:4.5.3]
	at org.apache.http.impl.execchain.MainClientExec.execute(MainClientExec.java:237) ~[httpclient-4.5.3.jar:4.5.3]
	at org.apache.http.impl.execchain.ProtocolExec.execute(ProtocolExec.java:185) ~[httpclient-4.5.3.jar:4.5.3]
	at org.apache.http.impl.execchain.RetryExec.execute(RetryExec.java:89) ~[httpclient-4.5.3.jar:4.5.3]
	at org.apache.http.impl.execchain.RedirectExec.execute(RedirectExec.java:111) ~[httpclient-4.5.3.jar:4.5.3]
	at org.apache.http.impl.client.InternalHttpClient.doExecute(InternalHttpClient.java:185) ~[httpclient-4.5.3.jar:4.5.3]
	at org.apache.http.impl.client.CloseableHttpClient.execute(CloseableHttpClient.java:72) ~[httpclient-4.5.3.jar:4.5.3]
	at org.glassfish.jersey.apache.connector.ApacheConnector.apply(ApacheConnector.java:483) ~[jersey-apache-connector-3.1.5.jar:na]
	... 16 common frames omitted
Caused by: java.net.ConnectException: Connection refused
	at java.base/sun.nio.ch.Net.pollConnect(Native Method) ~[na:na]
	at java.base/sun.nio.ch.Net.pollConnectNow(Net.java:694) ~[na:na]
	at java.base/sun.nio.ch.NioSocketImpl.timedFinishConnect(NioSocketImpl.java:542) ~[na:na]
	at java.base/sun.nio.ch.NioSocketImpl.connect(NioSocketImpl.java:592) ~[na:na]
	at java.base/java.net.SocksSocketImpl.connect(SocksSocketImpl.java:327) ~[na:na]
	at java.base/java.net.Socket.connect(Socket.java:751) ~[na:na]
	at org.apache.http.conn.socket.PlainConnectionSocketFactory.connectSocket(PlainConnectionSocketFactory.java:75) ~[httpclient-4.5.3.jar:4.5.3]
	at org.apache.http.impl.conn.DefaultHttpClientConnectionOperator.connect(DefaultHttpClientConnectionOperator.java:142) ~[httpclient-4.5.3.jar:4.5.3]
	... 25 common frames omitted

2026-04-04T00:58:35.779+05:30 ERROR 99059 --- [eureka-server] [get_localhost-3] c.n.e.cluster.ReplicationTaskProcessor   : Network level connection to peer localhost; retrying after delay

jakarta.ws.rs.ProcessingException: org.apache.http.conn.HttpHostConnectException: Connect to localhost:8761 [localhost/127.0.0.1] failed: Connection refused
	at org.glassfish.jersey.apache.connector.ApacheConnector.apply(ApacheConnector.java:531) ~[jersey-apache-connector-3.1.5.jar:na]
	at org.glassfish.jersey.client.ClientRuntime.invoke(ClientRuntime.java:300) ~[jersey-client-3.1.5.jar:na]
	at org.glassfish.jersey.client.JerseyInvocation.lambda$invoke$0(JerseyInvocation.java:662) ~[jersey-client-3.1.5.jar:na]
	at org.glassfish.jersey.client.JerseyInvocation.call(JerseyInvocation.java:697) ~[jersey-client-3.1.5.jar:na]
	at org.glassfish.jersey.client.JerseyInvocation.lambda$runInScope$3(JerseyInvocation.java:691) ~[jersey-client-3.1.5.jar:na]
	at org.glassfish.jersey.internal.Errors.process(Errors.java:292) ~[jersey-common-3.1.5.jar:na]
	at org.glassfish.jersey.internal.Errors.process(Errors.java:274) ~[jersey-common-3.1.5.jar:na]
	at org.glassfish.jersey.internal.Errors.process(Errors.java:205) ~[jersey-common-3.1.5.jar:na]
	at org.glassfish.jersey.process.internal.RequestScope.runInScope(RequestScope.java:390) ~[jersey-common-3.1.5.jar:na]
	at org.glassfish.jersey.client.JerseyInvocation.runInScope(JerseyInvocation.java:691) ~[jersey-client-3.1.5.jar:na]
	at org.glassfish.jersey.client.JerseyInvocation.invoke(JerseyInvocation.java:661) ~[jersey-client-3.1.5.jar:na]
	at org.glassfish.jersey.client.JerseyInvocation$Builder.method(JerseyInvocation.java:439) ~[jersey-client-3.1.5.jar:na]
	at org.glassfish.jersey.client.JerseyInvocation$Builder.post(JerseyInvocation.java:345) ~[jersey-client-3.1.5.jar:na]
	at com.netflix.eureka.transport.Jersey3ReplicationClient.submitBatchUpdates(Jersey3ReplicationClient.java:116) ~[eureka-core-jersey3-2.0.1.jar:2.0.1]
	at com.netflix.eureka.cluster.ReplicationTaskProcessor.process(ReplicationTaskProcessor.java:80) ~[eureka-core-2.0.1.jar:2.0.1]
	at com.netflix.eureka.util.batcher.TaskExecutors$BatchWorkerRunnable.run(TaskExecutors.java:190) ~[eureka-core-2.0.1.jar:2.0.1]
	at java.base/java.lang.Thread.run(Thread.java:1583) ~[na:na]
Caused by: org.apache.http.conn.HttpHostConnectException: Connect to localhost:8761 [localhost/127.0.0.1] failed: Connection refused
	at org.apache.http.impl.conn.DefaultHttpClientConnectionOperator.connect(DefaultHttpClientConnectionOperator.java:159) ~[httpclient-4.5.3.jar:4.5.3]
	at org.apache.http.impl.conn.PoolingHttpClientConnectionManager.connect(PoolingHttpClientConnectionManager.java:359) ~[httpclient-4.5.3.jar:4.5.3]
	at org.apache.http.impl.execchain.MainClientExec.establishRoute(MainClientExec.java:381) ~[httpclient-4.5.3.jar:4.5.3]
	at org.apache.http.impl.execchain.MainClientExec.execute(MainClientExec.java:237) ~[httpclient-4.5.3.jar:4.5.3]
	at org.apache.http.impl.execchain.ProtocolExec.execute(ProtocolExec.java:185) ~[httpclient-4.5.3.jar:4.5.3]
	at org.apache.http.impl.execchain.RetryExec.execute(RetryExec.java:89) ~[httpclient-4.5.3.jar:4.5.3]
	at org.apache.http.impl.execchain.RedirectExec.execute(RedirectExec.java:111) ~[httpclient-4.5.3.jar:4.5.3]
	at org.apache.http.impl.client.InternalHttpClient.doExecute(InternalHttpClient.java:185) ~[httpclient-4.5.3.jar:4.5.3]
	at org.apache.http.impl.client.CloseableHttpClient.execute(CloseableHttpClient.java:72) ~[httpclient-4.5.3.jar:4.5.3]
	at org.glassfish.jersey.apache.connector.ApacheConnector.apply(ApacheConnector.java:483) ~[jersey-apache-connector-3.1.5.jar:na]
	... 16 common frames omitted
Caused by: java.net.ConnectException: Connection refused
	at java.base/sun.nio.ch.Net.pollConnect(Native Method) ~[na:na]
	at java.base/sun.nio.ch.Net.pollConnectNow(Net.java:694) ~[na:na]
	at java.base/sun.nio.ch.NioSocketImpl.timedFinishConnect(NioSocketImpl.java:542) ~[na:na]
	at java.base/sun.nio.ch.NioSocketImpl.connect(NioSocketImpl.java:592) ~[na:na]
	at java.base/java.net.SocksSocketImpl.connect(SocksSocketImpl.java:327) ~[na:na]
	at java.base/java.net.Socket.connect(Socket.java:751) ~[na:na]
	at org.apache.http.conn.socket.PlainConnectionSocketFactory.connectSocket(PlainConnectionSocketFactory.java:75) ~[httpclient-4.5.3.jar:4.5.3]
	at org.apache.http.impl.conn.DefaultHttpClientConnectionOperator.connect(DefaultHttpClientConnectionOperator.java:142) ~[httpclient-4.5.3.jar:4.5.3]
	... 25 common frames omitted

2026-04-04T00:58:45.865+05:30 ERROR 99059 --- [eureka-server] [et_localhost-10] c.n.e.cluster.ReplicationTaskProcessor   : Network level connection to peer localhost; retrying after delay

jakarta.ws.rs.ProcessingException: org.apache.http.conn.HttpHostConnectException: Connect to localhost:8761 [localhost/127.0.0.1] failed: Connection refused
	at org.glassfish.jersey.apache.connector.ApacheConnector.apply(ApacheConnector.java:531) ~[jersey-apache-connector-3.1.5.jar:na]
	at org.glassfish.jersey.client.ClientRuntime.invoke(ClientRuntime.java:300) ~[jersey-client-3.1.5.jar:na]
	at org.glassfish.jersey.client.JerseyInvocation.lambda$invoke$0(JerseyInvocation.java:662) ~[jersey-client-3.1.5.jar:na]
	at org.glassfish.jersey.client.JerseyInvocation.call(JerseyInvocation.java:697) ~[jersey-client-3.1.5.jar:na]
	at org.glassfish.jersey.client.JerseyInvocation.lambda$runInScope$3(JerseyInvocation.java:691) ~[jersey-client-3.1.5.jar:na]
	at org.glassfish.jersey.internal.Errors.process(Errors.java:292) ~[jersey-common-3.1.5.jar:na]
	at org.glassfish.jersey.internal.Errors.process(Errors.java:274) ~[jersey-common-3.1.5.jar:na]
	at org.glassfish.jersey.internal.Errors.process(Errors.java:205) ~[jersey-common-3.1.5.jar:na]
	at org.glassfish.jersey.process.internal.RequestScope.runInScope(RequestScope.java:390) ~[jersey-common-3.1.5.jar:na]
	at org.glassfish.jersey.client.JerseyInvocation.runInScope(JerseyInvocation.java:691) ~[jersey-client-3.1.5.jar:na]
	at org.glassfish.jersey.client.JerseyInvocation.invoke(JerseyInvocation.java:661) ~[jersey-client-3.1.5.jar:na]
	at org.glassfish.jersey.client.JerseyInvocation$Builder.method(JerseyInvocation.java:439) ~[jersey-client-3.1.5.jar:na]
	at org.glassfish.jersey.client.JerseyInvocation$Builder.post(JerseyInvocation.java:345) ~[jersey-client-3.1.5.jar:na]
	at com.netflix.eureka.transport.Jersey3ReplicationClient.submitBatchUpdates(Jersey3ReplicationClient.java:116) ~[eureka-core-jersey3-2.0.1.jar:2.0.1]
	at com.netflix.eureka.cluster.ReplicationTaskProcessor.process(ReplicationTaskProcessor.java:80) ~[eureka-core-2.0.1.jar:2.0.1]
	at com.netflix.eureka.util.batcher.TaskExecutors$BatchWorkerRunnable.run(TaskExecutors.java:190) ~[eureka-core-2.0.1.jar:2.0.1]
	at java.base/java.lang.Thread.run(Thread.java:1583) ~[na:na]
Caused by: org.apache.http.conn.HttpHostConnectException: Connect to localhost:8761 [localhost/127.0.0.1] failed: Connection refused
	at org.apache.http.impl.conn.DefaultHttpClientConnectionOperator.connect(DefaultHttpClientConnectionOperator.java:159) ~[httpclient-4.5.3.jar:4.5.3]
	at org.apache.http.impl.conn.PoolingHttpClientConnectionManager.connect(PoolingHttpClientConnectionManager.java:359) ~[httpclient-4.5.3.jar:4.5.3]
	at org.apache.http.impl.execchain.MainClientExec.establishRoute(MainClientExec.java:381) ~[httpclient-4.5.3.jar:4.5.3]
	at org.apache.http.impl.execchain.MainClientExec.execute(MainClientExec.java:237) ~[httpclient-4.5.3.jar:4.5.3]
	at org.apache.http.impl.execchain.ProtocolExec.execute(ProtocolExec.java:185) ~[httpclient-4.5.3.jar:4.5.3]
	at org.apache.http.impl.execchain.RetryExec.execute(RetryExec.java:89) ~[httpclient-4.5.3.jar:4.5.3]
	at org.apache.http.impl.execchain.RedirectExec.execute(RedirectExec.java:111) ~[httpclient-4.5.3.jar:4.5.3]
	at org.apache.http.impl.client.InternalHttpClient.doExecute(InternalHttpClient.java:185) ~[httpclient-4.5.3.jar:4.5.3]
	at org.apache.http.impl.client.CloseableHttpClient.execute(CloseableHttpClient.java:72) ~[httpclient-4.5.3.jar:4.5.3]
	at org.glassfish.jersey.apache.connector.ApacheConnector.apply(ApacheConnector.java:483) ~[jersey-apache-connector-3.1.5.jar:na]
	... 16 common frames omitted
Caused by: java.net.ConnectException: Connection refused
	at java.base/sun.nio.ch.Net.pollConnect(Native Method) ~[na:na]
	at java.base/sun.nio.ch.Net.pollConnectNow(Net.java:694) ~[na:na]
	at java.base/sun.nio.ch.NioSocketImpl.timedFinishConnect(NioSocketImpl.java:542) ~[na:na]
	at java.base/sun.nio.ch.NioSocketImpl.connect(NioSocketImpl.java:592) ~[na:na]
	at java.base/java.net.SocksSocketImpl.connect(SocksSocketImpl.java:327) ~[na:na]
	at java.base/java.net.Socket.connect(Socket.java:751) ~[na:na]
	at org.apache.http.conn.socket.PlainConnectionSocketFactory.connectSocket(PlainConnectionSocketFactory.java:75) ~[httpclient-4.5.3.jar:4.5.3]
	at org.apache.http.impl.conn.DefaultHttpClientConnectionOperator.connect(DefaultHttpClientConnectionOperator.java:142) ~[httpclient-4.5.3.jar:4.5.3]
	... 25 common frames omitted

2026-04-04T00:58:55.868+05:30 ERROR 99059 --- [eureka-server] [et_localhost-13] c.n.e.cluster.ReplicationTaskProcessor   : Network level connection to peer localhost; retrying after delay

jakarta.ws.rs.ProcessingException: org.apache.http.conn.HttpHostConnectException: Connect to localhost:8761 [localhost/127.0.0.1] failed: Connection refused
	at org.glassfish.jersey.apache.connector.ApacheConnector.apply(ApacheConnector.java:531) ~[jersey-apache-connector-3.1.5.jar:na]
	at org.glassfish.jersey.client.ClientRuntime.invoke(ClientRuntime.java:300) ~[jersey-client-3.1.5.jar:na]
	at org.glassfish.jersey.client.JerseyInvocation.lambda$invoke$0(JerseyInvocation.java:662) ~[jersey-client-3.1.5.jar:na]
	at org.glassfish.jersey.client.JerseyInvocation.call(JerseyInvocation.java:697) ~[jersey-client-3.1.5.jar:na]
	at org.glassfish.jersey.client.JerseyInvocation.lambda$runInScope$3(JerseyInvocation.java:691) ~[jersey-client-3.1.5.jar:na]
	at org.glassfish.jersey.internal.Errors.process(Errors.java:292) ~[jersey-common-3.1.5.jar:na]
	at org.glassfish.jersey.internal.Errors.process(Errors.java:274) ~[jersey-common-3.1.5.jar:na]
	at org.glassfish.jersey.internal.Errors.process(Errors.java:205) ~[jersey-common-3.1.5.jar:na]
	at org.glassfish.jersey.process.internal.RequestScope.runInScope(RequestScope.java:390) ~[jersey-common-3.1.5.jar:na]
	at org.glassfish.jersey.client.JerseyInvocation.runInScope(JerseyInvocation.java:691) ~[jersey-client-3.1.5.jar:na]
	at org.glassfish.jersey.client.JerseyInvocation.invoke(JerseyInvocation.java:661) ~[jersey-client-3.1.5.jar:na]
	at org.glassfish.jersey.client.JerseyInvocation$Builder.method(JerseyInvocation.java:439) ~[jersey-client-3.1.5.jar:na]
	at org.glassfish.jersey.client.JerseyInvocation$Builder.post(JerseyInvocation.java:345) ~[jersey-client-3.1.5.jar:na]
	at com.netflix.eureka.transport.Jersey3ReplicationClient.submitBatchUpdates(Jersey3ReplicationClient.java:116) ~[eureka-core-jersey3-2.0.1.jar:2.0.1]
	at com.netflix.eureka.cluster.ReplicationTaskProcessor.process(ReplicationTaskProcessor.java:80) ~[eureka-core-2.0.1.jar:2.0.1]
	at com.netflix.eureka.util.batcher.TaskExecutors$BatchWorkerRunnable.run(TaskExecutors.java:190) ~[eureka-core-2.0.1.jar:2.0.1]
	at java.base/java.lang.Thread.run(Thread.java:1583) ~[na:na]
Caused by: org.apache.http.conn.HttpHostConnectException: Connect to localhost:8761 [localhost/127.0.0.1] failed: Connection refused
	at org.apache.http.impl.conn.DefaultHttpClientConnectionOperator.connect(DefaultHttpClientConnectionOperator.java:159) ~[httpclient-4.5.3.jar:4.5.3]
	at org.apache.http.impl.conn.PoolingHttpClientConnectionManager.connect(PoolingHttpClientConnectionManager.java:359) ~[httpclient-4.5.3.jar:4.5.3]
	at org.apache.http.impl.execchain.MainClientExec.establishRoute(MainClientExec.java:381) ~[httpclient-4.5.3.jar:4.5.3]
	at org.apache.http.impl.execchain.MainClientExec.execute(MainClientExec.java:237) ~[httpclient-4.5.3.jar:4.5.3]
	at org.apache.http.impl.execchain.ProtocolExec.execute(ProtocolExec.java:185) ~[httpclient-4.5.3.jar:4.5.3]
	at org.apache.http.impl.execchain.RetryExec.execute(RetryExec.java:89) ~[httpclient-4.5.3.jar:4.5.3]
	at org.apache.http.impl.execchain.RedirectExec.execute(RedirectExec.java:111) ~[httpclient-4.5.3.jar:4.5.3]
	at org.apache.http.impl.client.InternalHttpClient.doExecute(InternalHttpClient.java:185) ~[httpclient-4.5.3.jar:4.5.3]
	at org.apache.http.impl.client.CloseableHttpClient.execute(CloseableHttpClient.java:72) ~[httpclient-4.5.3.jar:4.5.3]
	at org.glassfish.jersey.apache.connector.ApacheConnector.apply(ApacheConnector.java:483) ~[jersey-apache-connector-3.1.5.jar:na]
	... 16 common frames omitted
Caused by: java.net.ConnectException: Connection refused
	at java.base/sun.nio.ch.Net.pollConnect(Native Method) ~[na:na]
	at java.base/sun.nio.ch.Net.pollConnectNow(Net.java:694) ~[na:na]
	at java.base/sun.nio.ch.NioSocketImpl.timedFinishConnect(NioSocketImpl.java:542) ~[na:na]
	at java.base/sun.nio.ch.NioSocketImpl.connect(NioSocketImpl.java:592) ~[na:na]
	at java.base/java.net.SocksSocketImpl.connect(SocksSocketImpl.java:327) ~[na:na]
	at java.base/java.net.Socket.connect(Socket.java:751) ~[na:na]
	at org.apache.http.conn.socket.PlainConnectionSocketFactory.connectSocket(PlainConnectionSocketFactory.java:75) ~[httpclient-4.5.3.jar:4.5.3]
	at org.apache.http.impl.conn.DefaultHttpClientConnectionOperator.connect(DefaultHttpClientConnectionOperator.java:142) ~[httpclient-4.5.3.jar:4.5.3]
	... 25 common frames omitted

2026-04-04T00:59:05.880+05:30 ERROR 99059 --- [eureka-server] [get_localhost-1] c.n.e.cluster.ReplicationTaskProcessor   : Network level connection to peer localhost; retrying after delay

jakarta.ws.rs.ProcessingException: org.apache.http.conn.HttpHostConnectException: Connect to localhost:8761 [localhost/127.0.0.1] failed: Connection refused
	at org.glassfish.jersey.apache.connector.ApacheConnector.apply(ApacheConnector.java:531) ~[jersey-apache-connector-3.1.5.jar:na]
	at org.glassfish.jersey.client.ClientRuntime.invoke(ClientRuntime.java:300) ~[jersey-client-3.1.5.jar:na]
	at org.glassfish.jersey.client.JerseyInvocation.lambda$invoke$0(JerseyInvocation.java:662) ~[jersey-client-3.1.5.jar:na]
	at org.glassfish.jersey.client.JerseyInvocation.call(JerseyInvocation.java:697) ~[jersey-client-3.1.5.jar:na]
	at org.glassfish.jersey.client.JerseyInvocation.lambda$runInScope$3(JerseyInvocation.java:691) ~[jersey-client-3.1.5.jar:na]
	at org.glassfish.jersey.internal.Errors.process(Errors.java:292) ~[jersey-common-3.1.5.jar:na]
	at org.glassfish.jersey.internal.Errors.process(Errors.java:274) ~[jersey-common-3.1.5.jar:na]
	at org.glassfish.jersey.internal.Errors.process(Errors.java:205) ~[jersey-common-3.1.5.jar:na]
	at org.glassfish.jersey.process.internal.RequestScope.runInScope(RequestScope.java:390) ~[jersey-common-3.1.5.jar:na]
	at org.glassfish.jersey.client.JerseyInvocation.runInScope(JerseyInvocation.java:691) ~[jersey-client-3.1.5.jar:na]
	at org.glassfish.jersey.client.JerseyInvocation.invoke(JerseyInvocation.java:661) ~[jersey-client-3.1.5.jar:na]
	at org.glassfish.jersey.client.JerseyInvocation$Builder.method(JerseyInvocation.java:439) ~[jersey-client-3.1.5.jar:na]
	at org.glassfish.jersey.client.JerseyInvocation$Builder.post(JerseyInvocation.java:345) ~[jersey-client-3.1.5.jar:na]
	at com.netflix.eureka.transport.Jersey3ReplicationClient.submitBatchUpdates(Jersey3ReplicationClient.java:116) ~[eureka-core-jersey3-2.0.1.jar:2.0.1]
	at com.netflix.eureka.cluster.ReplicationTaskProcessor.process(ReplicationTaskProcessor.java:80) ~[eureka-core-2.0.1.jar:2.0.1]
	at com.netflix.eureka.util.batcher.TaskExecutors$BatchWorkerRunnable.run(TaskExecutors.java:190) ~[eureka-core-2.0.1.jar:2.0.1]
	at java.base/java.lang.Thread.run(Thread.java:1583) ~[na:na]
Caused by: org.apache.http.conn.HttpHostConnectException: Connect to localhost:8761 [localhost/127.0.0.1] failed: Connection refused
	at org.apache.http.impl.conn.DefaultHttpClientConnectionOperator.connect(DefaultHttpClientConnectionOperator.java:159) ~[httpclient-4.5.3.jar:4.5.3]
	at org.apache.http.impl.conn.PoolingHttpClientConnectionManager.connect(PoolingHttpClientConnectionManager.java:359) ~[httpclient-4.5.3.jar:4.5.3]
	at org.apache.http.impl.execchain.MainClientExec.establishRoute(MainClientExec.java:381) ~[httpclient-4.5.3.jar:4.5.3]
	at org.apache.http.impl.execchain.MainClientExec.execute(MainClientExec.java:237) ~[httpclient-4.5.3.jar:4.5.3]
	at org.apache.http.impl.execchain.ProtocolExec.execute(ProtocolExec.java:185) ~[httpclient-4.5.3.jar:4.5.3]
	at org.apache.http.impl.execchain.RetryExec.execute(RetryExec.java:89) ~[httpclient-4.5.3.jar:4.5.3]
	at org.apache.http.impl.execchain.RedirectExec.execute(RedirectExec.java:111) ~[httpclient-4.5.3.jar:4.5.3]
	at org.apache.http.impl.client.InternalHttpClient.doExecute(InternalHttpClient.java:185) ~[httpclient-4.5.3.jar:4.5.3]
	at org.apache.http.impl.client.CloseableHttpClient.execute(CloseableHttpClient.java:72) ~[httpclient-4.5.3.jar:4.5.3]
	at org.glassfish.jersey.apache.connector.ApacheConnector.apply(ApacheConnector.java:483) ~[jersey-apache-connector-3.1.5.jar:na]
	... 16 common frames omitted
Caused by: java.net.ConnectException: Connection refused
	at java.base/sun.nio.ch.Net.pollConnect(Native Method) ~[na:na]
	at java.base/sun.nio.ch.Net.pollConnectNow(Net.java:694) ~[na:na]
	at java.base/sun.nio.ch.NioSocketImpl.timedFinishConnect(NioSocketImpl.java:542) ~[na:na]
	at java.base/sun.nio.ch.NioSocketImpl.connect(NioSocketImpl.java:592) ~[na:na]
	at java.base/java.net.SocksSocketImpl.connect(SocksSocketImpl.java:327) ~[na:na]
	at java.base/java.net.Socket.connect(Socket.java:751) ~[na:na]
	at org.apache.http.conn.socket.PlainConnectionSocketFactory.connectSocket(PlainConnectionSocketFactory.java:75) ~[httpclient-4.5.3.jar:4.5.3]
	at org.apache.http.impl.conn.DefaultHttpClientConnectionOperator.connect(DefaultHttpClientConnectionOperator.java:142) ~[httpclient-4.5.3.jar:4.5.3]
	... 25 common frames omitted

2026-04-04T00:59:14.620+05:30  INFO 99059 --- [eureka-server] [a-EvictionTimer] c.n.e.registry.AbstractInstanceRegistry  : Running the evict task with compensationTime 0ms
2026-04-04T00:59:15.906+05:30 ERROR 99059 --- [eureka-server] [get_localhost-0] c.n.e.cluster.ReplicationTaskProcessor   : Network level connection to peer localhost; retrying after delay

jakarta.ws.rs.ProcessingException: org.apache.http.conn.HttpHostConnectException: Connect to localhost:8761 [localhost/127.0.0.1] failed: Connection refused
	at org.glassfish.jersey.apache.connector.ApacheConnector.apply(ApacheConnector.java:531) ~[jersey-apache-connector-3.1.5.jar:na]
	at org.glassfish.jersey.client.ClientRuntime.invoke(ClientRuntime.java:300) ~[jersey-client-3.1.5.jar:na]
	at org.glassfish.jersey.client.JerseyInvocation.lambda$invoke$0(JerseyInvocation.java:662) ~[jersey-client-3.1.5.jar:na]
	at org.glassfish.jersey.client.JerseyInvocation.call(JerseyInvocation.java:697) ~[jersey-client-3.1.5.jar:na]
	at org.glassfish.jersey.client.JerseyInvocation.lambda$runInScope$3(JerseyInvocation.java:691) ~[jersey-client-3.1.5.jar:na]
	at org.glassfish.jersey.internal.Errors.process(Errors.java:292) ~[jersey-common-3.1.5.jar:na]
	at org.glassfish.jersey.internal.Errors.process(Errors.java:274) ~[jersey-common-3.1.5.jar:na]
	at org.glassfish.jersey.internal.Errors.process(Errors.java:205) ~[jersey-common-3.1.5.jar:na]
	at org.glassfish.jersey.process.internal.RequestScope.runInScope(RequestScope.java:390) ~[jersey-common-3.1.5.jar:na]
	at org.glassfish.jersey.client.JerseyInvocation.runInScope(JerseyInvocation.java:691) ~[jersey-client-3.1.5.jar:na]
	at org.glassfish.jersey.client.JerseyInvocation.invoke(JerseyInvocation.java:661) ~[jersey-client-3.1.5.jar:na]
	at org.glassfish.jersey.client.JerseyInvocation$Builder.method(JerseyInvocation.java:439) ~[jersey-client-3.1.5.jar:na]
	at org.glassfish.jersey.client.JerseyInvocation$Builder.post(JerseyInvocation.java:345) ~[jersey-client-3.1.5.jar:na]
	at com.netflix.eureka.transport.Jersey3ReplicationClient.submitBatchUpdates(Jersey3ReplicationClient.java:116) ~[eureka-core-jersey3-2.0.1.jar:2.0.1]
	at com.netflix.eureka.cluster.ReplicationTaskProcessor.process(ReplicationTaskProcessor.java:80) ~[eureka-core-2.0.1.jar:2.0.1]
	at com.netflix.eureka.util.batcher.TaskExecutors$BatchWorkerRunnable.run(TaskExecutors.java:190) ~[eureka-core-2.0.1.jar:2.0.1]
	at java.base/java.lang.Thread.run(Thread.java:1583) ~[na:na]
Caused by: org.apache.http.conn.HttpHostConnectException: Connect to localhost:8761 [localhost/127.0.0.1] failed: Connection refused
	at org.apache.http.impl.conn.DefaultHttpClientConnectionOperator.connect(DefaultHttpClientConnectionOperator.java:159) ~[httpclient-4.5.3.jar:4.5.3]
	at org.apache.http.impl.conn.PoolingHttpClientConnectionManager.connect(PoolingHttpClientConnectionManager.java:359) ~[httpclient-4.5.3.jar:4.5.3]
	at org.apache.http.impl.execchain.MainClientExec.establishRoute(MainClientExec.java:381) ~[httpclient-4.5.3.jar:4.5.3]
	at org.apache.http.impl.execchain.MainClientExec.execute(MainClientExec.java:237) ~[httpclient-4.5.3.jar:4.5.3]
	at org.apache.http.impl.execchain.ProtocolExec.execute(ProtocolExec.java:185) ~[httpclient-4.5.3.jar:4.5.3]
	at org.apache.http.impl.execchain.RetryExec.execute(RetryExec.java:89) ~[httpclient-4.5.3.jar:4.5.3]
	at org.apache.http.impl.execchain.RedirectExec.execute(RedirectExec.java:111) ~[httpclient-4.5.3.jar:4.5.3]
	at org.apache.http.impl.client.InternalHttpClient.doExecute(InternalHttpClient.java:185) ~[httpclient-4.5.3.jar:4.5.3]
	at org.apache.http.impl.client.CloseableHttpClient.execute(CloseableHttpClient.java:72) ~[httpclient-4.5.3.jar:4.5.3]
	at org.glassfish.jersey.apache.connector.ApacheConnector.apply(ApacheConnector.java:483) ~[jersey-apache-connector-3.1.5.jar:na]
	... 16 common frames omitted
Caused by: java.net.ConnectException: Connection refused
	at java.base/sun.nio.ch.Net.pollConnect(Native Method) ~[na:na]
	at java.base/sun.nio.ch.Net.pollConnectNow(Net.java:694) ~[na:na]
	at java.base/sun.nio.ch.NioSocketImpl.timedFinishConnect(NioSocketImpl.java:542) ~[na:na]
	at java.base/sun.nio.ch.NioSocketImpl.connect(NioSocketImpl.java:592) ~[na:na]
	at java.base/java.net.SocksSocketImpl.connect(SocksSocketImpl.java:327) ~[na:na]
	at java.base/java.net.Socket.connect(Socket.java:751) ~[na:na]
	at org.apache.http.conn.socket.PlainConnectionSocketFactory.connectSocket(PlainConnectionSocketFactory.java:75) ~[httpclient-4.5.3.jar:4.5.3]
	at org.apache.http.impl.conn.DefaultHttpClientConnectionOperator.connect(DefaultHttpClientConnectionOperator.java:142) ~[httpclient-4.5.3.jar:4.5.3]
	... 25 common frames omitted

2026-04-04T00:59:25.924+05:30 ERROR 99059 --- [eureka-server] [get_localhost-9] c.n.e.cluster.ReplicationTaskProcessor   : Network level connection to peer localhost; retrying after delay

jakarta.ws.rs.ProcessingException: org.apache.http.conn.HttpHostConnectException: Connect to localhost:8761 [localhost/127.0.0.1] failed: Connection refused
	at org.glassfish.jersey.apache.connector.ApacheConnector.apply(ApacheConnector.java:531) ~[jersey-apache-connector-3.1.5.jar:na]
	at org.glassfish.jersey.client.ClientRuntime.invoke(ClientRuntime.java:300) ~[jersey-client-3.1.5.jar:na]
	at org.glassfish.jersey.client.JerseyInvocation.lambda$invoke$0(JerseyInvocation.java:662) ~[jersey-client-3.1.5.jar:na]
	at org.glassfish.jersey.client.JerseyInvocation.call(JerseyInvocation.java:697) ~[jersey-client-3.1.5.jar:na]
	at org.glassfish.jersey.client.JerseyInvocation.lambda$runInScope$3(JerseyInvocation.java:691) ~[jersey-client-3.1.5.jar:na]
	at org.glassfish.jersey.internal.Errors.process(Errors.java:292) ~[jersey-common-3.1.5.jar:na]
	at org.glassfish.jersey.internal.Errors.process(Errors.java:274) ~[jersey-common-3.1.5.jar:na]
	at org.glassfish.jersey.internal.Errors.process(Errors.java:205) ~[jersey-common-3.1.5.jar:na]
	at org.glassfish.jersey.process.internal.RequestScope.runInScope(RequestScope.java:390) ~[jersey-common-3.1.5.jar:na]
	at org.glassfish.jersey.client.JerseyInvocation.runInScope(JerseyInvocation.java:691) ~[jersey-client-3.1.5.jar:na]
	at org.glassfish.jersey.client.JerseyInvocation.invoke(JerseyInvocation.java:661) ~[jersey-client-3.1.5.jar:na]
	at org.glassfish.jersey.client.JerseyInvocation$Builder.method(JerseyInvocation.java:439) ~[jersey-client-3.1.5.jar:na]
	at org.glassfish.jersey.client.JerseyInvocation$Builder.post(JerseyInvocation.java:345) ~[jersey-client-3.1.5.jar:na]
	at com.netflix.eureka.transport.Jersey3ReplicationClient.submitBatchUpdates(Jersey3ReplicationClient.java:116) ~[eureka-core-jersey3-2.0.1.jar:2.0.1]
	at com.netflix.eureka.cluster.ReplicationTaskProcessor.process(ReplicationTaskProcessor.java:80) ~[eureka-core-2.0.1.jar:2.0.1]
	at com.netflix.eureka.util.batcher.TaskExecutors$BatchWorkerRunnable.run(TaskExecutors.java:190) ~[eureka-core-2.0.1.jar:2.0.1]
	at java.base/java.lang.Thread.run(Thread.java:1583) ~[na:na]
Caused by: org.apache.http.conn.HttpHostConnectException: Connect to localhost:8761 [localhost/127.0.0.1] failed: Connection refused
	at org.apache.http.impl.conn.DefaultHttpClientConnectionOperator.connect(DefaultHttpClientConnectionOperator.java:159) ~[httpclient-4.5.3.jar:4.5.3]
	at org.apache.http.impl.conn.PoolingHttpClientConnectionManager.connect(PoolingHttpClientConnectionManager.java:359) ~[httpclient-4.5.3.jar:4.5.3]
	at org.apache.http.impl.execchain.MainClientExec.establishRoute(MainClientExec.java:381) ~[httpclient-4.5.3.jar:4.5.3]
	at org.apache.http.impl.execchain.MainClientExec.execute(MainClientExec.java:237) ~[httpclient-4.5.3.jar:4.5.3]
	at org.apache.http.impl.execchain.ProtocolExec.execute(ProtocolExec.java:185) ~[httpclient-4.5.3.jar:4.5.3]
	at org.apache.http.impl.execchain.RetryExec.execute(RetryExec.java:89) ~[httpclient-4.5.3.jar:4.5.3]
	at org.apache.http.impl.execchain.RedirectExec.execute(RedirectExec.java:111) ~[httpclient-4.5.3.jar:4.5.3]
	at org.apache.http.impl.client.InternalHttpClient.doExecute(InternalHttpClient.java:185) ~[httpclient-4.5.3.jar:4.5.3]
	at org.apache.http.impl.client.CloseableHttpClient.execute(CloseableHttpClient.java:72) ~[httpclient-4.5.3.jar:4.5.3]
	at org.glassfish.jersey.apache.connector.ApacheConnector.apply(ApacheConnector.java:483) ~[jersey-apache-connector-3.1.5.jar:na]
	... 16 common frames omitted
Caused by: java.net.ConnectException: Connection refused
	at java.base/sun.nio.ch.Net.pollConnect(Native Method) ~[na:na]
	at java.base/sun.nio.ch.Net.pollConnectNow(Net.java:694) ~[na:na]
	at java.base/sun.nio.ch.NioSocketImpl.timedFinishConnect(NioSocketImpl.java:542) ~[na:na]
	at java.base/sun.nio.ch.NioSocketImpl.connect(NioSocketImpl.java:592) ~[na:na]
	at java.base/java.net.SocksSocketImpl.connect(SocksSocketImpl.java:327) ~[na:na]
	at java.base/java.net.Socket.connect(Socket.java:751) ~[na:na]
	at org.apache.http.conn.socket.PlainConnectionSocketFactory.connectSocket(PlainConnectionSocketFactory.java:75) ~[httpclient-4.5.3.jar:4.5.3]
	at org.apache.http.impl.conn.DefaultHttpClientConnectionOperator.connect(DefaultHttpClientConnectionOperator.java:142) ~[httpclient-4.5.3.jar:4.5.3]
	... 25 common frames omitted

2026-04-04T00:59:35.928+05:30 ERROR 99059 --- [eureka-server] [et_localhost-12] c.n.e.cluster.ReplicationTaskProcessor   : Network level connection to peer localhost; retrying after delay

jakarta.ws.rs.ProcessingException: org.apache.http.conn.HttpHostConnectException: Connect to localhost:8761 [localhost/127.0.0.1] failed: Connection refused
	at org.glassfish.jersey.apache.connector.ApacheConnector.apply(ApacheConnector.java:531) ~[jersey-apache-connector-3.1.5.jar:na]
	at org.glassfish.jersey.client.ClientRuntime.invoke(ClientRuntime.java:300) ~[jersey-client-3.1.5.jar:na]
	at org.glassfish.jersey.client.JerseyInvocation.lambda$invoke$0(JerseyInvocation.java:662) ~[jersey-client-3.1.5.jar:na]
	at org.glassfish.jersey.client.JerseyInvocation.call(JerseyInvocation.java:697) ~[jersey-client-3.1.5.jar:na]
	at org.glassfish.jersey.client.JerseyInvocation.lambda$runInScope$3(JerseyInvocation.java:691) ~[jersey-client-3.1.5.jar:na]
	at org.glassfish.jersey.internal.Errors.process(Errors.java:292) ~[jersey-common-3.1.5.jar:na]
	at org.glassfish.jersey.internal.Errors.process(Errors.java:274) ~[jersey-common-3.1.5.jar:na]
	at org.glassfish.jersey.internal.Errors.process(Errors.java:205) ~[jersey-common-3.1.5.jar:na]
	at org.glassfish.jersey.process.internal.RequestScope.runInScope(RequestScope.java:390) ~[jersey-common-3.1.5.jar:na]
	at org.glassfish.jersey.client.JerseyInvocation.runInScope(JerseyInvocation.java:691) ~[jersey-client-3.1.5.jar:na]
	at org.glassfish.jersey.client.JerseyInvocation.invoke(JerseyInvocation.java:661) ~[jersey-client-3.1.5.jar:na]
	at org.glassfish.jersey.client.JerseyInvocation$Builder.method(JerseyInvocation.java:439) ~[jersey-client-3.1.5.jar:na]
	at org.glassfish.jersey.client.JerseyInvocation$Builder.post(JerseyInvocation.java:345) ~[jersey-client-3.1.5.jar:na]
	at com.netflix.eureka.transport.Jersey3ReplicationClient.submitBatchUpdates(Jersey3ReplicationClient.java:116) ~[eureka-core-jersey3-2.0.1.jar:2.0.1]
	at com.netflix.eureka.cluster.ReplicationTaskProcessor.process(ReplicationTaskProcessor.java:80) ~[eureka-core-2.0.1.jar:2.0.1]
	at com.netflix.eureka.util.batcher.TaskExecutors$BatchWorkerRunnable.run(TaskExecutors.java:190) ~[eureka-core-2.0.1.jar:2.0.1]
	at java.base/java.lang.Thread.run(Thread.java:1583) ~[na:na]
Caused by: org.apache.http.conn.HttpHostConnectException: Connect to localhost:8761 [localhost/127.0.0.1] failed: Connection refused
	at org.apache.http.impl.conn.DefaultHttpClientConnectionOperator.connect(DefaultHttpClientConnectionOperator.java:159) ~[httpclient-4.5.3.jar:4.5.3]
	at org.apache.http.impl.conn.PoolingHttpClientConnectionManager.connect(PoolingHttpClientConnectionManager.java:359) ~[httpclient-4.5.3.jar:4.5.3]
	at org.apache.http.impl.execchain.MainClientExec.establishRoute(MainClientExec.java:381) ~[httpclient-4.5.3.jar:4.5.3]
	at org.apache.http.impl.execchain.MainClientExec.execute(MainClientExec.java:237) ~[httpclient-4.5.3.jar:4.5.3]
	at org.apache.http.impl.execchain.ProtocolExec.execute(ProtocolExec.java:185) ~[httpclient-4.5.3.jar:4.5.3]
	at org.apache.http.impl.execchain.RetryExec.execute(RetryExec.java:89) ~[httpclient-4.5.3.jar:4.5.3]
	at org.apache.http.impl.execchain.RedirectExec.execute(RedirectExec.java:111) ~[httpclient-4.5.3.jar:4.5.3]
	at org.apache.http.impl.client.InternalHttpClient.doExecute(InternalHttpClient.java:185) ~[httpclient-4.5.3.jar:4.5.3]
	at org.apache.http.impl.client.CloseableHttpClient.execute(CloseableHttpClient.java:72) ~[httpclient-4.5.3.jar:4.5.3]
	at org.glassfish.jersey.apache.connector.ApacheConnector.apply(ApacheConnector.java:483) ~[jersey-apache-connector-3.1.5.jar:na]
	... 16 common frames omitted
Caused by: java.net.ConnectException: Connection refused
	at java.base/sun.nio.ch.Net.pollConnect(Native Method) ~[na:na]
	at java.base/sun.nio.ch.Net.pollConnectNow(Net.java:694) ~[na:na]
	at java.base/sun.nio.ch.NioSocketImpl.timedFinishConnect(NioSocketImpl.java:542) ~[na:na]
	at java.base/sun.nio.ch.NioSocketImpl.connect(NioSocketImpl.java:592) ~[na:na]
	at java.base/java.net.SocksSocketImpl.connect(SocksSocketImpl.java:327) ~[na:na]
	at java.base/java.net.Socket.connect(Socket.java:751) ~[na:na]
	at org.apache.http.conn.socket.PlainConnectionSocketFactory.connectSocket(PlainConnectionSocketFactory.java:75) ~[httpclient-4.5.3.jar:4.5.3]
	at org.apache.http.impl.conn.DefaultHttpClientConnectionOperator.connect(DefaultHttpClientConnectionOperator.java:142) ~[httpclient-4.5.3.jar:4.5.3]
	... 25 common frames omitted

