WARNING: A terminally deprecated method in sun.misc.Unsafe has been called
WARNING: sun.misc.Unsafe::staticFieldBase has been called by com.google.inject.internal.aop.HiddenClassDefiner (file:/opt/homebrew/Cellar/maven/3.9.11/libexec/lib/guice-5.1.0-classes.jar)
WARNING: Please consider reporting this to the maintainers of class com.google.inject.internal.aop.HiddenClassDefiner
WARNING: sun.misc.Unsafe::staticFieldBase will be removed in a future release
[INFO] Scanning for projects...
[INFO] 
[INFO] -----------------------< mssu.in:ticket-service >-----------------------
[INFO] Building ticket-service 0.0.1-SNAPSHOT
[INFO]   from pom.xml
[INFO] --------------------------------[ jar ]---------------------------------
[INFO] 
[INFO] --- clean:3.4.0:clean (default-clean) @ ticket-service ---
[INFO] Deleting /Users/mac/Downloads/sem6/ticketmicro/microservices/ticket-service/target
[INFO] 
[INFO] --- resources:3.3.1:resources (default-resources) @ ticket-service ---
[INFO] Copying 1 resource from src/main/resources to target/classes
[INFO] Copying 2 resources from src/main/resources to target/classes
[INFO] 
[INFO] --- compiler:3.13.0:compile (default-compile) @ ticket-service ---
[INFO] Recompiling the module because of changed source code.
[INFO] Compiling 16 source files with javac [debug parameters release 21] to target/classes
[INFO] 
[INFO] >>> spring-boot:3.4.1:run (default-cli) > test-compile @ ticket-service >>>
[INFO] 
[INFO] --- resources:3.3.1:resources (default-resources) @ ticket-service ---
[INFO] Copying 1 resource from src/main/resources to target/classes
[INFO] Copying 2 resources from src/main/resources to target/classes
[INFO] 
[INFO] --- compiler:3.13.0:compile (default-compile) @ ticket-service ---
[INFO] Nothing to compile - all classes are up to date.
[INFO] 
[INFO] --- resources:3.3.1:testResources (default-testResources) @ ticket-service ---
[INFO] skip non existing resourceDirectory /Users/mac/Downloads/sem6/ticketmicro/microservices/ticket-service/src/test/resources
[INFO] 
[INFO] --- compiler:3.13.0:testCompile (default-testCompile) @ ticket-service ---
[INFO] No sources to compile
[INFO] 
[INFO] <<< spring-boot:3.4.1:run (default-cli) < test-compile @ ticket-service <<<
[INFO] 
[INFO] 
[INFO] --- spring-boot:3.4.1:run (default-cli) @ ticket-service ---
[INFO] Attaching agents: []

  .   ____          _            __ _ _
 /\\ / ___'_ __ _ _(_)_ __  __ _ \ \ \ \
( ( )\___ | '_ | '_| | '_ \/ _` | \ \ \ \
 \\/  ___)| |_)| | | | | || (_| |  ) ) ) )
  '  |____| .__|_| |_|_| |_\__, | / / / /
 =========|_|==============|___/=/_/_/_/

 :: Spring Boot ::                (v3.4.1)

2026-01-25T13:02:50.531+05:30  INFO 9673 --- [ticket-service] [  restartedMain] m.i.t.TicketServiceApplication           : Starting TicketServiceApplication using Java 25.0.1 with PID 9673 (/Users/mac/Downloads/sem6/ticketmicro/microservices/ticket-service/target/classes started by mac in /Users/mac/Downloads/sem6/ticketmicro/microservices/ticket-service)
2026-01-25T13:02:50.532+05:30 DEBUG 9673 --- [ticket-service] [  restartedMain] m.i.t.TicketServiceApplication           : Running with Spring Boot v3.4.1, Spring v6.2.1
2026-01-25T13:02:50.533+05:30  INFO 9673 --- [ticket-service] [  restartedMain] m.i.t.TicketServiceApplication           : No active profile set, falling back to 1 default profile: "default"
2026-01-25T13:02:50.570+05:30  INFO 9673 --- [ticket-service] [  restartedMain] .e.DevToolsPropertyDefaultsPostProcessor : Devtools property defaults active! Set 'spring.devtools.add-properties' to 'false' to disable
2026-01-25T13:02:50.570+05:30  INFO 9673 --- [ticket-service] [  restartedMain] .e.DevToolsPropertyDefaultsPostProcessor : For additional web related logging consider setting the 'logging.level.web' property to 'DEBUG'
2026-01-25T13:02:50.909+05:30  INFO 9673 --- [ticket-service] [  restartedMain] .s.d.r.c.RepositoryConfigurationDelegate : Bootstrapping Spring Data JPA repositories in DEFAULT mode.
2026-01-25T13:02:50.930+05:30  INFO 9673 --- [ticket-service] [  restartedMain] .s.d.r.c.RepositoryConfigurationDelegate : Finished Spring Data repository scanning in 17 ms. Found 1 JPA repository interface.
WARNING: A restricted method in java.lang.System has been called
WARNING: java.lang.System::load has been called by org.apache.tomcat.jni.Library in an unnamed module (file:/Users/mac/.m2/repository/org/apache/tomcat/embed/tomcat-embed-core/10.1.34/tomcat-embed-core-10.1.34.jar)
WARNING: Use --enable-native-access=ALL-UNNAMED to avoid a warning for callers in this module
WARNING: Restricted methods will be blocked in a future release unless native access is enabled

2026-01-25T13:02:51.213+05:30  INFO 9673 --- [ticket-service] [  restartedMain] o.s.b.w.embedded.tomcat.TomcatWebServer  : Tomcat initialized with port 9102 (http)
2026-01-25T13:02:51.219+05:30  INFO 9673 --- [ticket-service] [  restartedMain] o.apache.catalina.core.StandardService   : Starting service [Tomcat]
2026-01-25T13:02:51.219+05:30  INFO 9673 --- [ticket-service] [  restartedMain] o.apache.catalina.core.StandardEngine    : Starting Servlet engine: [Apache Tomcat/10.1.34]
2026-01-25T13:02:51.233+05:30  INFO 9673 --- [ticket-service] [  restartedMain] o.a.c.c.C.[Tomcat].[localhost].[/]       : Initializing Spring embedded WebApplicationContext
2026-01-25T13:02:51.233+05:30  INFO 9673 --- [ticket-service] [  restartedMain] w.s.c.ServletWebServerApplicationContext : Root WebApplicationContext: initialization completed in 663 ms
2026-01-25T13:02:51.354+05:30  INFO 9673 --- [ticket-service] [  restartedMain] o.hibernate.jpa.internal.util.LogHelper  : HHH000204: Processing PersistenceUnitInfo [name: default]
2026-01-25T13:02:51.380+05:30  INFO 9673 --- [ticket-service] [  restartedMain] org.hibernate.Version                    : HHH000412: Hibernate ORM core version 6.6.4.Final
2026-01-25T13:02:51.393+05:30  INFO 9673 --- [ticket-service] [  restartedMain] o.h.c.internal.RegionFactoryInitiator    : HHH000026: Second-level cache disabled
2026-01-25T13:02:51.505+05:30  INFO 9673 --- [ticket-service] [  restartedMain] o.s.o.j.p.SpringPersistenceUnitInfo      : No LoadTimeWeaver setup: ignoring JPA class transformer
2026-01-25T13:02:51.516+05:30  INFO 9673 --- [ticket-service] [  restartedMain] com.zaxxer.hikari.HikariDataSource       : HikariPool-1 - Starting...
2026-01-25T13:02:52.511+05:30  INFO 9673 --- [ticket-service] [  restartedMain] com.zaxxer.hikari.pool.HikariPool        : HikariPool-1 - Added connection org.postgresql.jdbc.PgConnection@62477a55
2026-01-25T13:02:52.512+05:30  INFO 9673 --- [ticket-service] [  restartedMain] com.zaxxer.hikari.HikariDataSource       : HikariPool-1 - Start completed.
2026-01-25T13:02:52.570+05:30  WARN 9673 --- [ticket-service] [  restartedMain] org.hibernate.orm.deprecation            : HHH90000025: PostgreSQLDialect does not need to be specified explicitly using 'hibernate.dialect' (remove the property setting and it will be selected by default)
2026-01-25T13:02:52.653+05:30  INFO 9673 --- [ticket-service] [  restartedMain] org.hibernate.orm.connections.pooling    : HHH10001005: Database info:
	Database JDBC URL [Connecting through datasource 'HikariDataSource (HikariPool-1)']
	Database driver: undefined/unknown
	Database version: 17.6
	Autocommit mode: undefined/unknown
	Isolation level: undefined/unknown
	Minimum pool size: undefined/unknown
	Maximum pool size: undefined/unknown
2026-01-25T13:02:53.053+05:30  INFO 9673 --- [ticket-service] [  restartedMain] o.h.e.t.j.p.i.JtaPlatformInitiator       : HHH000489: No JTA platform available (set 'hibernate.transaction.jta.platform' to enable JTA platform integration)
2026-01-25T13:02:55.233+05:30  INFO 9673 --- [ticket-service] [  restartedMain] j.LocalContainerEntityManagerFactoryBean : Initialized JPA EntityManagerFactory for persistence unit 'default'
2026-01-25T13:02:55.391+05:30  INFO 9673 --- [ticket-service] [  restartedMain] o.s.d.j.r.query.QueryEnhancerFactory     : Hibernate is in classpath; If applicable, HQL parser will be used.
2026-01-25T13:02:56.001+05:30  WARN 9673 --- [ticket-service] [  restartedMain] JpaBaseConfiguration$JpaWebConfiguration : spring.jpa.open-in-view is enabled by default. Therefore, database queries may be performed during view rendering. Explicitly configure spring.jpa.open-in-view to disable this warning
2026-01-25T13:02:56.223+05:30  WARN 9673 --- [ticket-service] [  restartedMain] o.s.b.d.a.OptionalLiveReloadServer       : Unable to start LiveReload server
2026-01-25T13:02:56.228+05:30  INFO 9673 --- [ticket-service] [  restartedMain] o.s.b.a.e.web.EndpointLinksResolver      : Exposing 2 endpoints beneath base path '/actuator'
2026-01-25T13:02:56.262+05:30  INFO 9673 --- [ticket-service] [  restartedMain] o.s.b.w.embedded.tomcat.TomcatWebServer  : Tomcat started on port 9102 (http) with context path '/'
2026-01-25T13:02:56.270+05:30  INFO 9673 --- [ticket-service] [  restartedMain] m.i.t.TicketServiceApplication           : Started TicketServiceApplication in 5.897 seconds (process running for 6.066)
2026-01-25T13:03:47.913+05:30  INFO 9673 --- [ticket-service] [nio-9102-exec-1] o.a.c.c.C.[Tomcat].[localhost].[/]       : Initializing Spring DispatcherServlet 'dispatcherServlet'
2026-01-25T13:03:47.913+05:30  INFO 9673 --- [ticket-service] [nio-9102-exec-1] o.s.web.servlet.DispatcherServlet        : Initializing Servlet 'dispatcherServlet'
2026-01-25T13:03:47.917+05:30  INFO 9673 --- [ticket-service] [nio-9102-exec-1] o.s.web.servlet.DispatcherServlet        : Completed initialization in 4 ms
Hibernate: 
    select
        t1_0.id,
        t1_0.category,
        t1_0.closed_at,
        t1_0.created_at,
        t1_0.customer_id,
        t1_0.deleted,
        t1_0.description,
        t1_0.executive_id,
        t1_0.priority,
        t1_0.product_id,
        t1_0.rating,
        t1_0.resolution_notes,
        t1_0.resolved_at,
        t1_0.status,
        t1_0.title,
        t1_0.updated_at 
    from
        tickets t1_0 
    where
        t1_0.customer_id=? 
        and t1_0.deleted=?
Hibernate: 
    select
        t1_0.id,
        t1_0.category,
        t1_0.closed_at,
        t1_0.created_at,
        t1_0.customer_id,
        t1_0.deleted,
        t1_0.description,
        t1_0.executive_id,
        t1_0.priority,
        t1_0.product_id,
        t1_0.rating,
        t1_0.resolution_notes,
        t1_0.resolved_at,
        t1_0.status,
        t1_0.title,
        t1_0.updated_at 
    from
        tickets t1_0 
    where
        t1_0.customer_id=? 
        and t1_0.deleted=?
Hibernate: 
    select
        t1_0.id,
        t1_0.category,
        t1_0.closed_at,
        t1_0.created_at,
        t1_0.customer_id,
        t1_0.deleted,
        t1_0.description,
        t1_0.executive_id,
        t1_0.priority,
        t1_0.product_id,
        t1_0.rating,
        t1_0.resolution_notes,
        t1_0.resolved_at,
        t1_0.status,
        t1_0.title,
        t1_0.updated_at 
    from
        tickets t1_0 
    where
        t1_0.id=?
Hibernate: 
    select
        t1_0.id,
        t1_0.category,
        t1_0.closed_at,
        t1_0.created_at,
        t1_0.customer_id,
        t1_0.deleted,
        t1_0.description,
        t1_0.executive_id,
        t1_0.priority,
        t1_0.product_id,
        t1_0.rating,
        t1_0.resolution_notes,
        t1_0.resolved_at,
        t1_0.status,
        t1_0.title,
        t1_0.updated_at 
    from
        tickets t1_0 
    where
        t1_0.id=?
Hibernate: 
    update
        tickets 
    set
        category=?,
        closed_at=?,
        customer_id=?,
        deleted=?,
        description=?,
        executive_id=?,
        priority=?,
        product_id=?,
        rating=?,
        resolution_notes=?,
        resolved_at=?,
        status=?,
        title=?,
        updated_at=? 
    where
        id=?
Hibernate: 
    select
        t1_0.id,
        t1_0.category,
        t1_0.closed_at,
        t1_0.created_at,
        t1_0.customer_id,
        t1_0.deleted,
        t1_0.description,
        t1_0.executive_id,
        t1_0.priority,
        t1_0.product_id,
        t1_0.rating,
        t1_0.resolution_notes,
        t1_0.resolved_at,
        t1_0.status,
        t1_0.title,
        t1_0.updated_at 
    from
        tickets t1_0 
    where
        t1_0.id=?
Hibernate: 
    update
        tickets 
    set
        category=?,
        closed_at=?,
        customer_id=?,
        deleted=?,
        description=?,
        executive_id=?,
        priority=?,
        product_id=?,
        rating=?,
        resolution_notes=?,
        resolved_at=?,
        status=?,
        title=?,
        updated_at=? 
    where
        id=?
Hibernate: 
    select
        t1_0.id,
        t1_0.category,
        t1_0.closed_at,
        t1_0.created_at,
        t1_0.customer_id,
        t1_0.deleted,
        t1_0.description,
        t1_0.executive_id,
        t1_0.priority,
        t1_0.product_id,
        t1_0.rating,
        t1_0.resolution_notes,
        t1_0.resolved_at,
        t1_0.status,
        t1_0.title,
        t1_0.updated_at 
    from
        tickets t1_0 
    where
        t1_0.executive_id=? 
        and t1_0.deleted=?
Hibernate: 
    select
        t1_0.id,
        t1_0.category,
        t1_0.closed_at,
        t1_0.created_at,
        t1_0.customer_id,
        t1_0.deleted,
        t1_0.description,
        t1_0.executive_id,
        t1_0.priority,
        t1_0.product_id,
        t1_0.rating,
        t1_0.resolution_notes,
        t1_0.resolved_at,
        t1_0.status,
        t1_0.title,
        t1_0.updated_at 
    from
        tickets t1_0 
    where
        t1_0.executive_id=? 
        and t1_0.deleted=?
Hibernate: 
    select
        t1_0.id,
        t1_0.category,
        t1_0.closed_at,
        t1_0.created_at,
        t1_0.customer_id,
        t1_0.deleted,
        t1_0.description,
        t1_0.executive_id,
        t1_0.priority,
        t1_0.product_id,
        t1_0.rating,
        t1_0.resolution_notes,
        t1_0.resolved_at,
        t1_0.status,
        t1_0.title,
        t1_0.updated_at 
    from
        tickets t1_0 
    where
        t1_0.executive_id=? 
        and t1_0.deleted=?
Hibernate: 
    select
        t1_0.id,
        t1_0.category,
        t1_0.closed_at,
        t1_0.created_at,
        t1_0.customer_id,
        t1_0.deleted,
        t1_0.description,
        t1_0.executive_id,
        t1_0.priority,
        t1_0.product_id,
        t1_0.rating,
        t1_0.resolution_notes,
        t1_0.resolved_at,
        t1_0.status,
        t1_0.title,
        t1_0.updated_at 
    from
        tickets t1_0 
    where
        t1_0.id=?
Hibernate: 
    select
        t1_0.id,
        t1_0.category,
        t1_0.closed_at,
        t1_0.created_at,
        t1_0.customer_id,
        t1_0.deleted,
        t1_0.description,
        t1_0.executive_id,
        t1_0.priority,
        t1_0.product_id,
        t1_0.rating,
        t1_0.resolution_notes,
        t1_0.resolved_at,
        t1_0.status,
        t1_0.title,
        t1_0.updated_at 
    from
        tickets t1_0 
    where
        t1_0.id=?
Hibernate: 
    select
        t1_0.id,
        t1_0.category,
        t1_0.closed_at,
        t1_0.created_at,
        t1_0.customer_id,
        t1_0.deleted,
        t1_0.description,
        t1_0.executive_id,
        t1_0.priority,
        t1_0.product_id,
        t1_0.rating,
        t1_0.resolution_notes,
        t1_0.resolved_at,
        t1_0.status,
        t1_0.title,
        t1_0.updated_at 
    from
        tickets t1_0 
    where
        t1_0.executive_id=? 
        and t1_0.deleted=?
Hibernate: 
    select
        t1_0.id,
        t1_0.category,
        t1_0.closed_at,
        t1_0.created_at,
        t1_0.customer_id,
        t1_0.deleted,
        t1_0.description,
        t1_0.executive_id,
        t1_0.priority,
        t1_0.product_id,
        t1_0.rating,
        t1_0.resolution_notes,
        t1_0.resolved_at,
        t1_0.status,
        t1_0.title,
        t1_0.updated_at 
    from
        tickets t1_0 
    where
        t1_0.executive_id=? 
        and t1_0.deleted=?
Hibernate: 
    select
        t1_0.id,
        t1_0.category,
        t1_0.closed_at,
        t1_0.created_at,
        t1_0.customer_id,
        t1_0.deleted,
        t1_0.description,
        t1_0.executive_id,
        t1_0.priority,
        t1_0.product_id,
        t1_0.rating,
        t1_0.resolution_notes,
        t1_0.resolved_at,
        t1_0.status,
        t1_0.title,
        t1_0.updated_at 
    from
        tickets t1_0 
    where
        t1_0.executive_id=? 
        and t1_0.deleted=?
Hibernate: 
    select
        t1_0.id,
        t1_0.category,
        t1_0.closed_at,
        t1_0.created_at,
        t1_0.customer_id,
        t1_0.deleted,
        t1_0.description,
        t1_0.executive_id,
        t1_0.priority,
        t1_0.product_id,
        t1_0.rating,
        t1_0.resolution_notes,
        t1_0.resolved_at,
        t1_0.status,
        t1_0.title,
        t1_0.updated_at 
    from
        tickets t1_0 
    where
        t1_0.customer_id=? 
        and t1_0.deleted=?
Hibernate: 
    select
        count(t1_0.id) 
    from
        tickets t1_0 
    where
        t1_0.status=? 
        and t1_0.deleted=false
Hibernate: 
    select
        count(t1_0.id) 
    from
        tickets t1_0 
    where
        t1_0.status=? 
        and t1_0.deleted=false
Hibernate: 
    select
        count(t1_0.id) 
    from
        tickets t1_0 
    where
        t1_0.status=? 
        and t1_0.deleted=false
Hibernate: 
    select
        count(t1_0.id) 
    from
        tickets t1_0 
    where
        t1_0.status=? 
        and t1_0.deleted=false
Hibernate: 
    select
        count(t1_0.id) 
    from
        tickets t1_0 
    where
        t1_0.status=? 
        and t1_0.deleted=false
Hibernate: 
    select
        count(t1_0.id) 
    from
        tickets t1_0 
    where
        t1_0.deleted=false
Hibernate: 
    select
        t1_0.id,
        t1_0.category,
        t1_0.closed_at,
        t1_0.created_at,
        t1_0.customer_id,
        t1_0.deleted,
        t1_0.description,
        t1_0.executive_id,
        t1_0.priority,
        t1_0.product_id,
        t1_0.rating,
        t1_0.resolution_notes,
        t1_0.resolved_at,
        t1_0.status,
        t1_0.title,
        t1_0.updated_at 
    from
        tickets t1_0 
    where
        t1_0.deleted=false 
    order by
        case t1_0.priority 
            when 'CRITICAL' 
                then 1 
            when 'HIGH' 
                then 2 
            when 'MEDIUM' 
                then 3 
            when 'LOW' 
                then 4 
        end,
        t1_0.created_at
Hibernate: 
    select
        t1_0.id,
        t1_0.category,
        t1_0.closed_at,
        t1_0.created_at,
        t1_0.customer_id,
        t1_0.deleted,
        t1_0.description,
        t1_0.executive_id,
        t1_0.priority,
        t1_0.product_id,
        t1_0.rating,
        t1_0.resolution_notes,
        t1_0.resolved_at,
        t1_0.status,
        t1_0.title,
        t1_0.updated_at 
    from
        tickets t1_0 
    where
        t1_0.deleted=false 
    order by
        case t1_0.priority 
            when 'CRITICAL' 
                then 1 
            when 'HIGH' 
                then 2 
            when 'MEDIUM' 
                then 3 
            when 'LOW' 
                then 4 
        end,
        t1_0.created_at
Hibernate: 
    select
        t1_0.id,
        t1_0.category,
        t1_0.closed_at,
        t1_0.created_at,
        t1_0.customer_id,
        t1_0.deleted,
        t1_0.description,
        t1_0.executive_id,
        t1_0.priority,
        t1_0.product_id,
        t1_0.rating,
        t1_0.resolution_notes,
        t1_0.resolved_at,
        t1_0.status,
        t1_0.title,
        t1_0.updated_at 
    from
        tickets t1_0 
    where
        t1_0.deleted=false 
    order by
        case t1_0.priority 
            when 'CRITICAL' 
                then 1 
            when 'HIGH' 
                then 2 
            when 'MEDIUM' 
                then 3 
            when 'LOW' 
                then 4 
        end,
        t1_0.created_at
Hibernate: 
    select
        t1_0.id,
        t1_0.category,
        t1_0.closed_at,
        t1_0.created_at,
        t1_0.customer_id,
        t1_0.deleted,
        t1_0.description,
        t1_0.executive_id,
        t1_0.priority,
        t1_0.product_id,
        t1_0.rating,
        t1_0.resolution_notes,
        t1_0.resolved_at,
        t1_0.status,
        t1_0.title,
        t1_0.updated_at 
    from
        tickets t1_0 
    where
        t1_0.deleted=false 
    order by
        case t1_0.priority 
            when 'CRITICAL' 
                then 1 
            when 'HIGH' 
                then 2 
            when 'MEDIUM' 
                then 3 
            when 'LOW' 
                then 4 
        end,
        t1_0.created_at
Hibernate: 
    select
        t1_0.id,
        t1_0.category,
        t1_0.closed_at,
        t1_0.created_at,
        t1_0.customer_id,
        t1_0.deleted,
        t1_0.description,
        t1_0.executive_id,
        t1_0.priority,
        t1_0.product_id,
        t1_0.rating,
        t1_0.resolution_notes,
        t1_0.resolved_at,
        t1_0.status,
        t1_0.title,
        t1_0.updated_at 
    from
        tickets t1_0 
    where
        t1_0.id=?
Hibernate: 
    update
        tickets 
    set
        category=?,
        closed_at=?,
        customer_id=?,
        deleted=?,
        description=?,
        executive_id=?,
        priority=?,
        product_id=?,
        rating=?,
        resolution_notes=?,
        resolved_at=?,
        status=?,
        title=?,
        updated_at=? 
    where
        id=?
Hibernate: 
    select
        t1_0.id,
        t1_0.category,
        t1_0.closed_at,
        t1_0.created_at,
        t1_0.customer_id,
        t1_0.deleted,
        t1_0.description,
        t1_0.executive_id,
        t1_0.priority,
        t1_0.product_id,
        t1_0.rating,
        t1_0.resolution_notes,
        t1_0.resolved_at,
        t1_0.status,
        t1_0.title,
        t1_0.updated_at 
    from
        tickets t1_0 
    where
        t1_0.deleted=false 
    order by
        case t1_0.priority 
            when 'CRITICAL' 
                then 1 
            when 'HIGH' 
                then 2 
            when 'MEDIUM' 
                then 3 
            when 'LOW' 
                then 4 
        end,
        t1_0.created_at
Hibernate: 
    select
        count(t1_0.id) 
    from
        tickets t1_0 
    where
        t1_0.status=? 
        and t1_0.deleted=false
Hibernate: 
    select
        count(t1_0.id) 
    from
        tickets t1_0 
    where
        t1_0.status=? 
        and t1_0.deleted=false
Hibernate: 
    select
        count(t1_0.id) 
    from
        tickets t1_0 
    where
        t1_0.status=? 
        and t1_0.deleted=false
Hibernate: 
    select
        count(t1_0.id) 
    from
        tickets t1_0 
    where
        t1_0.status=? 
        and t1_0.deleted=false
Hibernate: 
    select
        count(t1_0.id) 
    from
        tickets t1_0 
    where
        t1_0.status=? 
        and t1_0.deleted=false
Hibernate: 
    select
        count(t1_0.id) 
    from
        tickets t1_0 
    where
        t1_0.deleted=false
Hibernate: 
    select
        t1_0.id,
        t1_0.category,
        t1_0.closed_at,
        t1_0.created_at,
        t1_0.customer_id,
        t1_0.deleted,
        t1_0.description,
        t1_0.executive_id,
        t1_0.priority,
        t1_0.product_id,
        t1_0.rating,
        t1_0.resolution_notes,
        t1_0.resolved_at,
        t1_0.status,
        t1_0.title,
        t1_0.updated_at 
    from
        tickets t1_0 
    where
        t1_0.deleted=false 
    order by
        case t1_0.priority 
            when 'CRITICAL' 
                then 1 
            when 'HIGH' 
                then 2 
            when 'MEDIUM' 
                then 3 
            when 'LOW' 
                then 4 
        end,
        t1_0.created_at
Hibernate: 
    select
        t1_0.id,
        t1_0.category,
        t1_0.closed_at,
        t1_0.created_at,
        t1_0.customer_id,
        t1_0.deleted,
        t1_0.description,
        t1_0.executive_id,
        t1_0.priority,
        t1_0.product_id,
        t1_0.rating,
        t1_0.resolution_notes,
        t1_0.resolved_at,
        t1_0.status,
        t1_0.title,
        t1_0.updated_at 
    from
        tickets t1_0 
    where
        t1_0.deleted=false 
    order by
        case t1_0.priority 
            when 'CRITICAL' 
                then 1 
            when 'HIGH' 
                then 2 
            when 'MEDIUM' 
                then 3 
            when 'LOW' 
                then 4 
        end,
        t1_0.created_at
Hibernate: 
    select
        t1_0.id,
        t1_0.category,
        t1_0.closed_at,
        t1_0.created_at,
        t1_0.customer_id,
        t1_0.deleted,
        t1_0.description,
        t1_0.executive_id,
        t1_0.priority,
        t1_0.product_id,
        t1_0.rating,
        t1_0.resolution_notes,
        t1_0.resolved_at,
        t1_0.status,
        t1_0.title,
        t1_0.updated_at 
    from
        tickets t1_0 
    where
        t1_0.deleted=false 
    order by
        case t1_0.priority 
            when 'CRITICAL' 
                then 1 
            when 'HIGH' 
                then 2 
            when 'MEDIUM' 
                then 3 
            when 'LOW' 
                then 4 
        end,
        t1_0.created_at
Hibernate: 
    select
        t1_0.id,
        t1_0.category,
        t1_0.closed_at,
        t1_0.created_at,
        t1_0.customer_id,
        t1_0.deleted,
        t1_0.description,
        t1_0.executive_id,
        t1_0.priority,
        t1_0.product_id,
        t1_0.rating,
        t1_0.resolution_notes,
        t1_0.resolved_at,
        t1_0.status,
        t1_0.title,
        t1_0.updated_at 
    from
        tickets t1_0 
    where
        t1_0.id=?
Hibernate: 
    update
        tickets 
    set
        category=?,
        closed_at=?,
        customer_id=?,
        deleted=?,
        description=?,
        executive_id=?,
        priority=?,
        product_id=?,
        rating=?,
        resolution_notes=?,
        resolved_at=?,
        status=?,
        title=?,
        updated_at=? 
    where
        id=?
Hibernate: 
    select
        t1_0.id,
        t1_0.category,
        t1_0.closed_at,
        t1_0.created_at,
        t1_0.customer_id,
        t1_0.deleted,
        t1_0.description,
        t1_0.executive_id,
        t1_0.priority,
        t1_0.product_id,
        t1_0.rating,
        t1_0.resolution_notes,
        t1_0.resolved_at,
        t1_0.status,
        t1_0.title,
        t1_0.updated_at 
    from
        tickets t1_0 
    where
        t1_0.deleted=false 
    order by
        case t1_0.priority 
            when 'CRITICAL' 
                then 1 
            when 'HIGH' 
                then 2 
            when 'MEDIUM' 
                then 3 
            when 'LOW' 
                then 4 
        end,
        t1_0.created_at
Hibernate: 
    select
        count(t1_0.id) 
    from
        tickets t1_0 
    where
        t1_0.status=? 
        and t1_0.deleted=false
Hibernate: 
    select
        count(t1_0.id) 
    from
        tickets t1_0 
    where
        t1_0.status=? 
        and t1_0.deleted=false
Hibernate: 
    select
        count(t1_0.id) 
    from
        tickets t1_0 
    where
        t1_0.status=? 
        and t1_0.deleted=false
Hibernate: 
    select
        count(t1_0.id) 
    from
        tickets t1_0 
    where
        t1_0.status=? 
        and t1_0.deleted=false
Hibernate: 
    select
        count(t1_0.id) 
    from
        tickets t1_0 
    where
        t1_0.status=? 
        and t1_0.deleted=false
Hibernate: 
    select
        count(t1_0.id) 
    from
        tickets t1_0 
    where
        t1_0.deleted=false
Hibernate: 
    select
        t1_0.id,
        t1_0.category,
        t1_0.closed_at,
        t1_0.created_at,
        t1_0.customer_id,
        t1_0.deleted,
        t1_0.description,
        t1_0.executive_id,
        t1_0.priority,
        t1_0.product_id,
        t1_0.rating,
        t1_0.resolution_notes,
        t1_0.resolved_at,
        t1_0.status,
        t1_0.title,
        t1_0.updated_at 
    from
        tickets t1_0 
    where
        t1_0.deleted=false 
    order by
        case t1_0.priority 
            when 'CRITICAL' 
                then 1 
            when 'HIGH' 
                then 2 
            when 'MEDIUM' 
                then 3 
            when 'LOW' 
                then 4 
        end,
        t1_0.created_at
Hibernate: 
    select
        t1_0.id,
        t1_0.category,
        t1_0.closed_at,
        t1_0.created_at,
        t1_0.customer_id,
        t1_0.deleted,
        t1_0.description,
        t1_0.executive_id,
        t1_0.priority,
        t1_0.product_id,
        t1_0.rating,
        t1_0.resolution_notes,
        t1_0.resolved_at,
        t1_0.status,
        t1_0.title,
        t1_0.updated_at 
    from
        tickets t1_0 
    where
        t1_0.deleted=false 
    order by
        case t1_0.priority 
            when 'CRITICAL' 
                then 1 
            when 'HIGH' 
                then 2 
            when 'MEDIUM' 
                then 3 
            when 'LOW' 
                then 4 
        end,
        t1_0.created_at
Hibernate: 
    select
        t1_0.id,
        t1_0.category,
        t1_0.closed_at,
        t1_0.created_at,
        t1_0.customer_id,
        t1_0.deleted,
        t1_0.description,
        t1_0.executive_id,
        t1_0.priority,
        t1_0.product_id,
        t1_0.rating,
        t1_0.resolution_notes,
        t1_0.resolved_at,
        t1_0.status,
        t1_0.title,
        t1_0.updated_at 
    from
        tickets t1_0 
    where
        t1_0.deleted=false 
    order by
        case t1_0.priority 
            when 'CRITICAL' 
                then 1 
            when 'HIGH' 
                then 2 
            when 'MEDIUM' 
                then 3 
            when 'LOW' 
                then 4 
        end,
        t1_0.created_at
Hibernate: 
    select
        t1_0.id,
        t1_0.category,
        t1_0.closed_at,
        t1_0.created_at,
        t1_0.customer_id,
        t1_0.deleted,
        t1_0.description,
        t1_0.executive_id,
        t1_0.priority,
        t1_0.product_id,
        t1_0.rating,
        t1_0.resolution_notes,
        t1_0.resolved_at,
        t1_0.status,
        t1_0.title,
        t1_0.updated_at 
    from
        tickets t1_0 
    where
        t1_0.id=?
Hibernate: 
    update
        tickets 
    set
        category=?,
        closed_at=?,
        customer_id=?,
        deleted=?,
        description=?,
        executive_id=?,
        priority=?,
        product_id=?,
        rating=?,
        resolution_notes=?,
        resolved_at=?,
        status=?,
        title=?,
        updated_at=? 
    where
        id=?
Hibernate: 
    select
        t1_0.id,
        t1_0.category,
        t1_0.closed_at,
        t1_0.created_at,
        t1_0.customer_id,
        t1_0.deleted,
        t1_0.description,
        t1_0.executive_id,
        t1_0.priority,
        t1_0.product_id,
        t1_0.rating,
        t1_0.resolution_notes,
        t1_0.resolved_at,
        t1_0.status,
        t1_0.title,
        t1_0.updated_at 
    from
        tickets t1_0 
    where
        t1_0.deleted=false 
    order by
        case t1_0.priority 
            when 'CRITICAL' 
                then 1 
            when 'HIGH' 
                then 2 
            when 'MEDIUM' 
                then 3 
            when 'LOW' 
                then 4 
        end,
        t1_0.created_at
Hibernate: 
    select
        count(t1_0.id) 
    from
        tickets t1_0 
    where
        t1_0.status=? 
        and t1_0.deleted=false
Hibernate: 
    select
        count(t1_0.id) 
    from
        tickets t1_0 
    where
        t1_0.status=? 
        and t1_0.deleted=false
Hibernate: 
    select
        count(t1_0.id) 
    from
        tickets t1_0 
    where
        t1_0.status=? 
        and t1_0.deleted=false
Hibernate: 
    select
        count(t1_0.id) 
    from
        tickets t1_0 
    where
        t1_0.status=? 
        and t1_0.deleted=false
Hibernate: 
    select
        count(t1_0.id) 
    from
        tickets t1_0 
    where
        t1_0.status=? 
        and t1_0.deleted=false
Hibernate: 
    select
        count(t1_0.id) 
    from
        tickets t1_0 
    where
        t1_0.deleted=false
Hibernate: 
    select
        t1_0.id,
        t1_0.category,
        t1_0.closed_at,
        t1_0.created_at,
        t1_0.customer_id,
        t1_0.deleted,
        t1_0.description,
        t1_0.executive_id,
        t1_0.priority,
        t1_0.product_id,
        t1_0.rating,
        t1_0.resolution_notes,
        t1_0.resolved_at,
        t1_0.status,
        t1_0.title,
        t1_0.updated_at 
    from
        tickets t1_0 
    where
        t1_0.deleted=false 
    order by
        case t1_0.priority 
            when 'CRITICAL' 
                then 1 
            when 'HIGH' 
                then 2 
            when 'MEDIUM' 
                then 3 
            when 'LOW' 
                then 4 
        end,
        t1_0.created_at
Hibernate: 
    select
        t1_0.id,
        t1_0.category,
        t1_0.closed_at,
        t1_0.created_at,
        t1_0.customer_id,
        t1_0.deleted,
        t1_0.description,
        t1_0.executive_id,
        t1_0.priority,
        t1_0.product_id,
        t1_0.rating,
        t1_0.resolution_notes,
        t1_0.resolved_at,
        t1_0.status,
        t1_0.title,
        t1_0.updated_at 
    from
        tickets t1_0 
    where
        t1_0.deleted=false 
    order by
        case t1_0.priority 
            when 'CRITICAL' 
                then 1 
            when 'HIGH' 
                then 2 
            when 'MEDIUM' 
                then 3 
            when 'LOW' 
                then 4 
        end,
        t1_0.created_at
Hibernate: 
    select
        t1_0.id,
        t1_0.category,
        t1_0.closed_at,
        t1_0.created_at,
        t1_0.customer_id,
        t1_0.deleted,
        t1_0.description,
        t1_0.executive_id,
        t1_0.priority,
        t1_0.product_id,
        t1_0.rating,
        t1_0.resolution_notes,
        t1_0.resolved_at,
        t1_0.status,
        t1_0.title,
        t1_0.updated_at 
    from
        tickets t1_0 
    where
        t1_0.deleted=false 
    order by
        case t1_0.priority 
            when 'CRITICAL' 
                then 1 
            when 'HIGH' 
                then 2 
            when 'MEDIUM' 
                then 3 
            when 'LOW' 
                then 4 
        end,
        t1_0.created_at
Hibernate: 
    select
        t1_0.id,
        t1_0.category,
        t1_0.closed_at,
        t1_0.created_at,
        t1_0.customer_id,
        t1_0.deleted,
        t1_0.description,
        t1_0.executive_id,
        t1_0.priority,
        t1_0.product_id,
        t1_0.rating,
        t1_0.resolution_notes,
        t1_0.resolved_at,
        t1_0.status,
        t1_0.title,
        t1_0.updated_at 
    from
        tickets t1_0 
    where
        t1_0.id=?
Hibernate: 
    update
        tickets 
    set
        category=?,
        closed_at=?,
        customer_id=?,
        deleted=?,
        description=?,
        executive_id=?,
        priority=?,
        product_id=?,
        rating=?,
        resolution_notes=?,
        resolved_at=?,
        status=?,
        title=?,
        updated_at=? 
    where
        id=?
Hibernate: 
    select
        t1_0.id,
        t1_0.category,
        t1_0.closed_at,
        t1_0.created_at,
        t1_0.customer_id,
        t1_0.deleted,
        t1_0.description,
        t1_0.executive_id,
        t1_0.priority,
        t1_0.product_id,
        t1_0.rating,
        t1_0.resolution_notes,
        t1_0.resolved_at,
        t1_0.status,
        t1_0.title,
        t1_0.updated_at 
    from
        tickets t1_0 
    where
        t1_0.deleted=false 
    order by
        case t1_0.priority 
            when 'CRITICAL' 
                then 1 
            when 'HIGH' 
                then 2 
            when 'MEDIUM' 
                then 3 
            when 'LOW' 
                then 4 
        end,
        t1_0.created_at
Hibernate: 
    select
        count(t1_0.id) 
    from
        tickets t1_0 
    where
        t1_0.status=? 
        and t1_0.deleted=false
Hibernate: 
    select
        count(t1_0.id) 
    from
        tickets t1_0 
    where
        t1_0.status=? 
        and t1_0.deleted=false
Hibernate: 
    select
        count(t1_0.id) 
    from
        tickets t1_0 
    where
        t1_0.status=? 
        and t1_0.deleted=false
Hibernate: 
    select
        count(t1_0.id) 
    from
        tickets t1_0 
    where
        t1_0.status=? 
        and t1_0.deleted=false
Hibernate: 
    select
        count(t1_0.id) 
    from
        tickets t1_0 
    where
        t1_0.status=? 
        and t1_0.deleted=false
Hibernate: 
    select
        count(t1_0.id) 
    from
        tickets t1_0 
    where
        t1_0.deleted=false
Hibernate: 
    select
        t1_0.id,
        t1_0.category,
        t1_0.closed_at,
        t1_0.created_at,
        t1_0.customer_id,
        t1_0.deleted,
        t1_0.description,
        t1_0.executive_id,
        t1_0.priority,
        t1_0.product_id,
        t1_0.rating,
        t1_0.resolution_notes,
        t1_0.resolved_at,
        t1_0.status,
        t1_0.title,
        t1_0.updated_at 
    from
        tickets t1_0 
    where
        t1_0.deleted=false 
    order by
        case t1_0.priority 
            when 'CRITICAL' 
                then 1 
            when 'HIGH' 
                then 2 
            when 'MEDIUM' 
                then 3 
            when 'LOW' 
                then 4 
        end,
        t1_0.created_at
Hibernate: 
    select
        t1_0.id,
        t1_0.category,
        t1_0.closed_at,
        t1_0.created_at,
        t1_0.customer_id,
        t1_0.deleted,
        t1_0.description,
        t1_0.executive_id,
        t1_0.priority,
        t1_0.product_id,
        t1_0.rating,
        t1_0.resolution_notes,
        t1_0.resolved_at,
        t1_0.status,
        t1_0.title,
        t1_0.updated_at 
    from
        tickets t1_0 
    where
        t1_0.deleted=false 
    order by
        case t1_0.priority 
            when 'CRITICAL' 
                then 1 
            when 'HIGH' 
                then 2 
            when 'MEDIUM' 
                then 3 
            when 'LOW' 
                then 4 
        end,
        t1_0.created_at
Hibernate: 
    select
        t1_0.id,
        t1_0.category,
        t1_0.closed_at,
        t1_0.created_at,
        t1_0.customer_id,
        t1_0.deleted,
        t1_0.description,
        t1_0.executive_id,
        t1_0.priority,
        t1_0.product_id,
        t1_0.rating,
        t1_0.resolution_notes,
        t1_0.resolved_at,
        t1_0.status,
        t1_0.title,
        t1_0.updated_at 
    from
        tickets t1_0 
    where
        t1_0.deleted=false 
    order by
        case t1_0.priority 
            when 'CRITICAL' 
                then 1 
            when 'HIGH' 
                then 2 
            when 'MEDIUM' 
                then 3 
            when 'LOW' 
                then 4 
        end,
        t1_0.created_at
Hibernate: 
    select
        t1_0.id,
        t1_0.category,
        t1_0.closed_at,
        t1_0.created_at,
        t1_0.customer_id,
        t1_0.deleted,
        t1_0.description,
        t1_0.executive_id,
        t1_0.priority,
        t1_0.product_id,
        t1_0.rating,
        t1_0.resolution_notes,
        t1_0.resolved_at,
        t1_0.status,
        t1_0.title,
        t1_0.updated_at 
    from
        tickets t1_0 
    where
        t1_0.customer_id=? 
        and t1_0.deleted=?
Hibernate: 
    select
        t1_0.id,
        t1_0.category,
        t1_0.closed_at,
        t1_0.created_at,
        t1_0.customer_id,
        t1_0.deleted,
        t1_0.description,
        t1_0.executive_id,
        t1_0.priority,
        t1_0.product_id,
        t1_0.rating,
        t1_0.resolution_notes,
        t1_0.resolved_at,
        t1_0.status,
        t1_0.title,
        t1_0.updated_at 
    from
        tickets t1_0 
    where
        t1_0.id=?
Hibernate: 
    update
        tickets 
    set
        category=?,
        closed_at=?,
        customer_id=?,
        deleted=?,
        description=?,
        executive_id=?,
        priority=?,
        product_id=?,
        rating=?,
        resolution_notes=?,
        resolved_at=?,
        status=?,
        title=?,
        updated_at=? 
    where
        id=?
Hibernate: 
    select
        t1_0.id,
        t1_0.category,
        t1_0.closed_at,
        t1_0.created_at,
        t1_0.customer_id,
        t1_0.deleted,
        t1_0.description,
        t1_0.executive_id,
        t1_0.priority,
        t1_0.product_id,
        t1_0.rating,
        t1_0.resolution_notes,
        t1_0.resolved_at,
        t1_0.status,
        t1_0.title,
        t1_0.updated_at 
    from
        tickets t1_0 
    where
        t1_0.deleted=false 
    order by
        case t1_0.priority 
            when 'CRITICAL' 
                then 1 
            when 'HIGH' 
                then 2 
            when 'MEDIUM' 
                then 3 
            when 'LOW' 
                then 4 
        end,
        t1_0.created_at
Hibernate: 
    select
        count(t1_0.id) 
    from
        tickets t1_0 
    where
        t1_0.status=? 
        and t1_0.deleted=false
Hibernate: 
    select
        count(t1_0.id) 
    from
        tickets t1_0 
    where
        t1_0.status=? 
        and t1_0.deleted=false
Hibernate: 
    select
        count(t1_0.id) 
    from
        tickets t1_0 
    where
        t1_0.status=? 
        and t1_0.deleted=false
Hibernate: 
    select
        count(t1_0.id) 
    from
        tickets t1_0 
    where
        t1_0.status=? 
        and t1_0.deleted=false
Hibernate: 
    select
        count(t1_0.id) 
    from
        tickets t1_0 
    where
        t1_0.status=? 
        and t1_0.deleted=false
Hibernate: 
    select
        count(t1_0.id) 
    from
        tickets t1_0 
    where
        t1_0.deleted=false
Hibernate: 
    select
        t1_0.id,
        t1_0.category,
        t1_0.closed_at,
        t1_0.created_at,
        t1_0.customer_id,
        t1_0.deleted,
        t1_0.description,
        t1_0.executive_id,
        t1_0.priority,
        t1_0.product_id,
        t1_0.rating,
        t1_0.resolution_notes,
        t1_0.resolved_at,
        t1_0.status,
        t1_0.title,
        t1_0.updated_at 
    from
        tickets t1_0 
    where
        t1_0.deleted=false 
    order by
        case t1_0.priority 
            when 'CRITICAL' 
                then 1 
            when 'HIGH' 
                then 2 
            when 'MEDIUM' 
                then 3 
            when 'LOW' 
                then 4 
        end,
        t1_0.created_at
Hibernate: 
    select
        t1_0.id,
        t1_0.category,
        t1_0.closed_at,
        t1_0.created_at,
        t1_0.customer_id,
        t1_0.deleted,
        t1_0.description,
        t1_0.executive_id,
        t1_0.priority,
        t1_0.product_id,
        t1_0.rating,
        t1_0.resolution_notes,
        t1_0.resolved_at,
        t1_0.status,
        t1_0.title,
        t1_0.updated_at 
    from
        tickets t1_0 
    where
        t1_0.deleted=false 
    order by
        case t1_0.priority 
            when 'CRITICAL' 
                then 1 
            when 'HIGH' 
                then 2 
            when 'MEDIUM' 
                then 3 
            when 'LOW' 
                then 4 
        end,
        t1_0.created_at
Hibernate: 
    select
        t1_0.id,
        t1_0.category,
        t1_0.closed_at,
        t1_0.created_at,
        t1_0.customer_id,
        t1_0.deleted,
        t1_0.description,
        t1_0.executive_id,
        t1_0.priority,
        t1_0.product_id,
        t1_0.rating,
        t1_0.resolution_notes,
        t1_0.resolved_at,
        t1_0.status,
        t1_0.title,
        t1_0.updated_at 
    from
        tickets t1_0 
    where
        t1_0.deleted=false 
    order by
        case t1_0.priority 
            when 'CRITICAL' 
                then 1 
            when 'HIGH' 
                then 2 
            when 'MEDIUM' 
                then 3 
            when 'LOW' 
                then 4 
        end,
        t1_0.created_at
Hibernate: 
    select
        t1_0.id,
        t1_0.category,
        t1_0.closed_at,
        t1_0.created_at,
        t1_0.customer_id,
        t1_0.deleted,
        t1_0.description,
        t1_0.executive_id,
        t1_0.priority,
        t1_0.product_id,
        t1_0.rating,
        t1_0.resolution_notes,
        t1_0.resolved_at,
        t1_0.status,
        t1_0.title,
        t1_0.updated_at 
    from
        tickets t1_0 
    where
        t1_0.id=?
Hibernate: 
    update
        tickets 
    set
        category=?,
        closed_at=?,
        customer_id=?,
        deleted=?,
        description=?,
        executive_id=?,
        priority=?,
        product_id=?,
        rating=?,
        resolution_notes=?,
        resolved_at=?,
        status=?,
        title=?,
        updated_at=? 
    where
        id=?
Hibernate: 
    select
        t1_0.id,
        t1_0.category,
        t1_0.closed_at,
        t1_0.created_at,
        t1_0.customer_id,
        t1_0.deleted,
        t1_0.description,
        t1_0.executive_id,
        t1_0.priority,
        t1_0.product_id,
        t1_0.rating,
        t1_0.resolution_notes,
        t1_0.resolved_at,
        t1_0.status,
        t1_0.title,
        t1_0.updated_at 
    from
        tickets t1_0 
    where
        t1_0.deleted=false 
    order by
        case t1_0.priority 
            when 'CRITICAL' 
                then 1 
            when 'HIGH' 
                then 2 
            when 'MEDIUM' 
                then 3 
            when 'LOW' 
                then 4 
        end,
        t1_0.created_at
Hibernate: 
    select
        count(t1_0.id) 
    from
        tickets t1_0 
    where
        t1_0.status=? 
        and t1_0.deleted=false
Hibernate: 
    select
        count(t1_0.id) 
    from
        tickets t1_0 
    where
        t1_0.status=? 
        and t1_0.deleted=false
Hibernate: 
    select
        count(t1_0.id) 
    from
        tickets t1_0 
    where
        t1_0.status=? 
        and t1_0.deleted=false
Hibernate: 
    select
        count(t1_0.id) 
    from
        tickets t1_0 
    where
        t1_0.status=? 
        and t1_0.deleted=false
Hibernate: 
    select
        count(t1_0.id) 
    from
        tickets t1_0 
    where
        t1_0.status=? 
        and t1_0.deleted=false
Hibernate: 
    select
        count(t1_0.id) 
    from
        tickets t1_0 
    where
        t1_0.deleted=false
Hibernate: 
    select
        t1_0.id,
        t1_0.category,
        t1_0.closed_at,
        t1_0.created_at,
        t1_0.customer_id,
        t1_0.deleted,
        t1_0.description,
        t1_0.executive_id,
        t1_0.priority,
        t1_0.product_id,
        t1_0.rating,
        t1_0.resolution_notes,
        t1_0.resolved_at,
        t1_0.status,
        t1_0.title,
        t1_0.updated_at 
    from
        tickets t1_0 
    where
        t1_0.deleted=false 
    order by
        case t1_0.priority 
            when 'CRITICAL' 
                then 1 
            when 'HIGH' 
                then 2 
            when 'MEDIUM' 
                then 3 
            when 'LOW' 
                then 4 
        end,
        t1_0.created_at
Hibernate: 
    select
        t1_0.id,
        t1_0.category,
        t1_0.closed_at,
        t1_0.created_at,
        t1_0.customer_id,
        t1_0.deleted,
        t1_0.description,
        t1_0.executive_id,
        t1_0.priority,
        t1_0.product_id,
        t1_0.rating,
        t1_0.resolution_notes,
        t1_0.resolved_at,
        t1_0.status,
        t1_0.title,
        t1_0.updated_at 
    from
        tickets t1_0 
    where
        t1_0.deleted=false 
    order by
        case t1_0.priority 
            when 'CRITICAL' 
                then 1 
            when 'HIGH' 
                then 2 
            when 'MEDIUM' 
                then 3 
            when 'LOW' 
                then 4 
        end,
        t1_0.created_at
Hibernate: 
    select
        t1_0.id,
        t1_0.category,
        t1_0.closed_at,
        t1_0.created_at,
        t1_0.customer_id,
        t1_0.deleted,
        t1_0.description,
        t1_0.executive_id,
        t1_0.priority,
        t1_0.product_id,
        t1_0.rating,
        t1_0.resolution_notes,
        t1_0.resolved_at,
        t1_0.status,
        t1_0.title,
        t1_0.updated_at 
    from
        tickets t1_0 
    where
        t1_0.deleted=false 
    order by
        case t1_0.priority 
            when 'CRITICAL' 
                then 1 
            when 'HIGH' 
                then 2 
            when 'MEDIUM' 
                then 3 
            when 'LOW' 
                then 4 
        end,
        t1_0.created_at
Hibernate: 
    insert 
    into
        tickets
        (category, closed_at, created_at, customer_id, deleted, description, executive_id, priority, product_id, rating, resolution_notes, resolved_at, status, title, updated_at) 
    values
        (?, ?, ?, ?, ?, ?, ?, ?, ?, ?, ?, ?, ?, ?, ?)
Hibernate: 
    select
        t1_0.id,
        t1_0.category,
        t1_0.closed_at,
        t1_0.created_at,
        t1_0.customer_id,
        t1_0.deleted,
        t1_0.description,
        t1_0.executive_id,
        t1_0.priority,
        t1_0.product_id,
        t1_0.rating,
        t1_0.resolution_notes,
        t1_0.resolved_at,
        t1_0.status,
        t1_0.title,
        t1_0.updated_at 
    from
        tickets t1_0 
    where
        t1_0.customer_id=? 
        and t1_0.deleted=?
Hibernate: 
    select
        t1_0.id,
        t1_0.category,
        t1_0.closed_at,
        t1_0.created_at,
        t1_0.customer_id,
        t1_0.deleted,
        t1_0.description,
        t1_0.executive_id,
        t1_0.priority,
        t1_0.product_id,
        t1_0.rating,
        t1_0.resolution_notes,
        t1_0.resolved_at,
        t1_0.status,
        t1_0.title,
        t1_0.updated_at 
    from
        tickets t1_0 
    where
        t1_0.id=?
Hibernate: 
    select
        count(t1_0.id) 
    from
        tickets t1_0 
    where
        t1_0.status=? 
        and t1_0.deleted=false
Hibernate: 
    select
        count(t1_0.id) 
    from
        tickets t1_0 
    where
        t1_0.status=? 
        and t1_0.deleted=false
Hibernate: 
    select
        count(t1_0.id) 
    from
        tickets t1_0 
    where
        t1_0.status=? 
        and t1_0.deleted=false
Hibernate: 
    select
        count(t1_0.id) 
    from
        tickets t1_0 
    where
        t1_0.status=? 
        and t1_0.deleted=false
Hibernate: 
    select
        count(t1_0.id) 
    from
        tickets t1_0 
    where
        t1_0.status=? 
        and t1_0.deleted=false
Hibernate: 
    select
        count(t1_0.id) 
    from
        tickets t1_0 
    where
        t1_0.deleted=false
Hibernate: 
    select
        t1_0.id,
        t1_0.category,
        t1_0.closed_at,
        t1_0.created_at,
        t1_0.customer_id,
        t1_0.deleted,
        t1_0.description,
        t1_0.executive_id,
        t1_0.priority,
        t1_0.product_id,
        t1_0.rating,
        t1_0.resolution_notes,
        t1_0.resolved_at,
        t1_0.status,
        t1_0.title,
        t1_0.updated_at 
    from
        tickets t1_0 
    where
        t1_0.deleted=false 
    order by
        case t1_0.priority 
            when 'CRITICAL' 
                then 1 
            when 'HIGH' 
                then 2 
            when 'MEDIUM' 
                then 3 
            when 'LOW' 
                then 4 
        end,
        t1_0.created_at
Hibernate: 
    select
        t1_0.id,
        t1_0.category,
        t1_0.closed_at,
        t1_0.created_at,
        t1_0.customer_id,
        t1_0.deleted,
        t1_0.description,
        t1_0.executive_id,
        t1_0.priority,
        t1_0.product_id,
        t1_0.rating,
        t1_0.resolution_notes,
        t1_0.resolved_at,
        t1_0.status,
        t1_0.title,
        t1_0.updated_at 
    from
        tickets t1_0 
    where
        t1_0.deleted=false 
    order by
        case t1_0.priority 
            when 'CRITICAL' 
                then 1 
            when 'HIGH' 
                then 2 
            when 'MEDIUM' 
                then 3 
            when 'LOW' 
                then 4 
        end,
        t1_0.created_at
Hibernate: 
    select
        t1_0.id,
        t1_0.category,
        t1_0.closed_at,
        t1_0.created_at,
        t1_0.customer_id,
        t1_0.deleted,
        t1_0.description,
        t1_0.executive_id,
        t1_0.priority,
        t1_0.product_id,
        t1_0.rating,
        t1_0.resolution_notes,
        t1_0.resolved_at,
        t1_0.status,
        t1_0.title,
        t1_0.updated_at 
    from
        tickets t1_0 
    where
        t1_0.deleted=false 
    order by
        case t1_0.priority 
            when 'CRITICAL' 
                then 1 
            when 'HIGH' 
                then 2 
            when 'MEDIUM' 
                then 3 
            when 'LOW' 
                then 4 
        end,
        t1_0.created_at
Hibernate: 
    select
        t1_0.id,
        t1_0.category,
        t1_0.closed_at,
        t1_0.created_at,
        t1_0.customer_id,
        t1_0.deleted,
        t1_0.description,
        t1_0.executive_id,
        t1_0.priority,
        t1_0.product_id,
        t1_0.rating,
        t1_0.resolution_notes,
        t1_0.resolved_at,
        t1_0.status,
        t1_0.title,
        t1_0.updated_at 
    from
        tickets t1_0 
    where
        t1_0.deleted=false 
    order by
        case t1_0.priority 
            when 'CRITICAL' 
                then 1 
            when 'HIGH' 
                then 2 
            when 'MEDIUM' 
                then 3 
            when 'LOW' 
                then 4 
        end,
        t1_0.created_at
Hibernate: 
    select
        t1_0.id,
        t1_0.category,
        t1_0.closed_at,
        t1_0.created_at,
        t1_0.customer_id,
        t1_0.deleted,
        t1_0.description,
        t1_0.executive_id,
        t1_0.priority,
        t1_0.product_id,
        t1_0.rating,
        t1_0.resolution_notes,
        t1_0.resolved_at,
        t1_0.status,
        t1_0.title,
        t1_0.updated_at 
    from
        tickets t1_0 
    where
        t1_0.deleted=false 
    order by
        case t1_0.priority 
            when 'CRITICAL' 
                then 1 
            when 'HIGH' 
                then 2 
            when 'MEDIUM' 
                then 3 
            when 'LOW' 
                then 4 
        end,
        t1_0.created_at
Hibernate: 
    select
        t1_0.id,
        t1_0.category,
        t1_0.closed_at,
        t1_0.created_at,
        t1_0.customer_id,
        t1_0.deleted,
        t1_0.description,
        t1_0.executive_id,
        t1_0.priority,
        t1_0.product_id,
        t1_0.rating,
        t1_0.resolution_notes,
        t1_0.resolved_at,
        t1_0.status,
        t1_0.title,
        t1_0.updated_at 
    from
        tickets t1_0 
    where
        t1_0.id=?
Hibernate: 
    update
        tickets 
    set
        category=?,
        closed_at=?,
        customer_id=?,
        deleted=?,
        description=?,
        executive_id=?,
        priority=?,
        product_id=?,
        rating=?,
        resolution_notes=?,
        resolved_at=?,
        status=?,
        title=?,
        updated_at=? 
    where
        id=?
Hibernate: 
    select
        t1_0.id,
        t1_0.category,
        t1_0.closed_at,
        t1_0.created_at,
        t1_0.customer_id,
        t1_0.deleted,
        t1_0.description,
        t1_0.executive_id,
        t1_0.priority,
        t1_0.product_id,
        t1_0.rating,
        t1_0.resolution_notes,
        t1_0.resolved_at,
        t1_0.status,
        t1_0.title,
        t1_0.updated_at 
    from
        tickets t1_0 
    where
        t1_0.deleted=false 
    order by
        case t1_0.priority 
            when 'CRITICAL' 
                then 1 
            when 'HIGH' 
                then 2 
            when 'MEDIUM' 
                then 3 
            when 'LOW' 
                then 4 
        end,
        t1_0.created_at
2026-01-25T13:13:17.339+05:30  WARN 9673 --- [ticket-service] [nio-9102-exec-5] com.zaxxer.hikari.pool.PoolBase          : HikariPool-1 - Failed to validate connection org.postgresql.jdbc.PgConnection@2b53c0dc (This connection has been closed.). Possibly consider using a shorter maxLifetime value.
Hibernate: 
    select
        count(t1_0.id) 
    from
        tickets t1_0 
    where
        t1_0.status=? 
        and t1_0.deleted=false
Hibernate: 
    select
        count(t1_0.id) 
    from
        tickets t1_0 
    where
        t1_0.status=? 
        and t1_0.deleted=false
Hibernate: 
    select
        count(t1_0.id) 
    from
        tickets t1_0 
    where
        t1_0.status=? 
        and t1_0.deleted=false
Hibernate: 
    select
        count(t1_0.id) 
    from
        tickets t1_0 
    where
        t1_0.status=? 
        and t1_0.deleted=false
Hibernate: 
    select
        count(t1_0.id) 
    from
        tickets t1_0 
    where
        t1_0.status=? 
        and t1_0.deleted=false
Hibernate: 
    select
        count(t1_0.id) 
    from
        tickets t1_0 
    where
        t1_0.deleted=false
Hibernate: 
    select
        t1_0.id,
        t1_0.category,
        t1_0.closed_at,
        t1_0.created_at,
        t1_0.customer_id,
        t1_0.deleted,
        t1_0.description,
        t1_0.executive_id,
        t1_0.priority,
        t1_0.product_id,
        t1_0.rating,
        t1_0.resolution_notes,
        t1_0.resolved_at,
        t1_0.status,
        t1_0.title,
        t1_0.updated_at 
    from
        tickets t1_0 
    where
        t1_0.deleted=false 
    order by
        case t1_0.priority 
            when 'CRITICAL' 
                then 1 
            when 'HIGH' 
                then 2 
            when 'MEDIUM' 
                then 3 
            when 'LOW' 
                then 4 
        end,
        t1_0.created_at
Hibernate: 
    select
        t1_0.id,
        t1_0.category,
        t1_0.closed_at,
        t1_0.created_at,
        t1_0.customer_id,
        t1_0.deleted,
        t1_0.description,
        t1_0.executive_id,
        t1_0.priority,
        t1_0.product_id,
        t1_0.rating,
        t1_0.resolution_notes,
        t1_0.resolved_at,
        t1_0.status,
        t1_0.title,
        t1_0.updated_at 
    from
        tickets t1_0 
    where
        t1_0.deleted=false 
    order by
        case t1_0.priority 
            when 'CRITICAL' 
                then 1 
            when 'HIGH' 
                then 2 
            when 'MEDIUM' 
                then 3 
            when 'LOW' 
                then 4 
        end,
        t1_0.created_at
Hibernate: 
    select
        t1_0.id,
        t1_0.category,
        t1_0.closed_at,
        t1_0.created_at,
        t1_0.customer_id,
        t1_0.deleted,
        t1_0.description,
        t1_0.executive_id,
        t1_0.priority,
        t1_0.product_id,
        t1_0.rating,
        t1_0.resolution_notes,
        t1_0.resolved_at,
        t1_0.status,
        t1_0.title,
        t1_0.updated_at 
    from
        tickets t1_0 
    where
        t1_0.deleted=false 
    order by
        case t1_0.priority 
            when 'CRITICAL' 
                then 1 
            when 'HIGH' 
                then 2 
            when 'MEDIUM' 
                then 3 
            when 'LOW' 
                then 4 
        end,
        t1_0.created_at
Hibernate: 
    select
        t1_0.id,
        t1_0.category,
        t1_0.closed_at,
        t1_0.created_at,
        t1_0.customer_id,
        t1_0.deleted,
        t1_0.description,
        t1_0.executive_id,
        t1_0.priority,
        t1_0.product_id,
        t1_0.rating,
        t1_0.resolution_notes,
        t1_0.resolved_at,
        t1_0.status,
        t1_0.title,
        t1_0.updated_at 
    from
        tickets t1_0 
    where
        t1_0.executive_id=? 
        and t1_0.deleted=?
Hibernate: 
    select
        t1_0.id,
        t1_0.category,
        t1_0.closed_at,
        t1_0.created_at,
        t1_0.customer_id,
        t1_0.deleted,
        t1_0.description,
        t1_0.executive_id,
        t1_0.priority,
        t1_0.product_id,
        t1_0.rating,
        t1_0.resolution_notes,
        t1_0.resolved_at,
        t1_0.status,
        t1_0.title,
        t1_0.updated_at 
    from
        tickets t1_0 
    where
        t1_0.executive_id=? 
        and t1_0.deleted=?
Hibernate: 
    select
        t1_0.id,
        t1_0.category,
        t1_0.closed_at,
        t1_0.created_at,
        t1_0.customer_id,
        t1_0.deleted,
        t1_0.description,
        t1_0.executive_id,
        t1_0.priority,
        t1_0.product_id,
        t1_0.rating,
        t1_0.resolution_notes,
        t1_0.resolved_at,
        t1_0.status,
        t1_0.title,
        t1_0.updated_at 
    from
        tickets t1_0 
    where
        t1_0.executive_id=? 
        and t1_0.deleted=?
Hibernate: 
    select
        t1_0.id,
        t1_0.category,
        t1_0.closed_at,
        t1_0.created_at,
        t1_0.customer_id,
        t1_0.deleted,
        t1_0.description,
        t1_0.executive_id,
        t1_0.priority,
        t1_0.product_id,
        t1_0.rating,
        t1_0.resolution_notes,
        t1_0.resolved_at,
        t1_0.status,
        t1_0.title,
        t1_0.updated_at 
    from
        tickets t1_0 
    where
        t1_0.id=?
Hibernate: 
    select
        t1_0.id,
        t1_0.category,
        t1_0.closed_at,
        t1_0.created_at,
        t1_0.customer_id,
        t1_0.deleted,
        t1_0.description,
        t1_0.executive_id,
        t1_0.priority,
        t1_0.product_id,
        t1_0.rating,
        t1_0.resolution_notes,
        t1_0.resolved_at,
        t1_0.status,
        t1_0.title,
        t1_0.updated_at 
    from
        tickets t1_0 
    where
        t1_0.id=?
Hibernate: 
    select
        t1_0.id,
        t1_0.category,
        t1_0.closed_at,
        t1_0.created_at,
        t1_0.customer_id,
        t1_0.deleted,
        t1_0.description,
        t1_0.executive_id,
        t1_0.priority,
        t1_0.product_id,
        t1_0.rating,
        t1_0.resolution_notes,
        t1_0.resolved_at,
        t1_0.status,
        t1_0.title,
        t1_0.updated_at 
    from
        tickets t1_0 
    where
        t1_0.id=?
Hibernate: 
    select
        t1_0.id,
        t1_0.category,
        t1_0.closed_at,
        t1_0.created_at,
        t1_0.customer_id,
        t1_0.deleted,
        t1_0.description,
        t1_0.executive_id,
        t1_0.priority,
        t1_0.product_id,
        t1_0.rating,
        t1_0.resolution_notes,
        t1_0.resolved_at,
        t1_0.status,
        t1_0.title,
        t1_0.updated_at 
    from
        tickets t1_0 
    where
        t1_0.id=?
Hibernate: 
    select
        t1_0.id,
        t1_0.category,
        t1_0.closed_at,
        t1_0.created_at,
        t1_0.customer_id,
        t1_0.deleted,
        t1_0.description,
        t1_0.executive_id,
        t1_0.priority,
        t1_0.product_id,
        t1_0.rating,
        t1_0.resolution_notes,
        t1_0.resolved_at,
        t1_0.status,
        t1_0.title,
        t1_0.updated_at 
    from
        tickets t1_0 
    where
        t1_0.customer_id=? 
        and t1_0.deleted=?
Hibernate: 
    select
        t1_0.id,
        t1_0.category,
        t1_0.closed_at,
        t1_0.created_at,
        t1_0.customer_id,
        t1_0.deleted,
        t1_0.description,
        t1_0.executive_id,
        t1_0.priority,
        t1_0.product_id,
        t1_0.rating,
        t1_0.resolution_notes,
        t1_0.resolved_at,
        t1_0.status,
        t1_0.title,
        t1_0.updated_at 
    from
        tickets t1_0 
    where
        t1_0.customer_id=? 
        and t1_0.deleted=?
Hibernate: 
    select
        t1_0.id,
        t1_0.category,
        t1_0.closed_at,
        t1_0.created_at,
        t1_0.customer_id,
        t1_0.deleted,
        t1_0.description,
        t1_0.executive_id,
        t1_0.priority,
        t1_0.product_id,
        t1_0.rating,
        t1_0.resolution_notes,
        t1_0.resolved_at,
        t1_0.status,
        t1_0.title,
        t1_0.updated_at 
    from
        tickets t1_0 
    where
        t1_0.customer_id=? 
        and t1_0.deleted=?
Hibernate: 
    select
        t1_0.id,
        t1_0.category,
        t1_0.closed_at,
        t1_0.created_at,
        t1_0.customer_id,
        t1_0.deleted,
        t1_0.description,
        t1_0.executive_id,
        t1_0.priority,
        t1_0.product_id,
        t1_0.rating,
        t1_0.resolution_notes,
        t1_0.resolved_at,
        t1_0.status,
        t1_0.title,
        t1_0.updated_at 
    from
        tickets t1_0 
    where
        t1_0.id=?
Hibernate: 
    select
        t1_0.id,
        t1_0.category,
        t1_0.closed_at,
        t1_0.created_at,
        t1_0.customer_id,
        t1_0.deleted,
        t1_0.description,
        t1_0.executive_id,
        t1_0.priority,
        t1_0.product_id,
        t1_0.rating,
        t1_0.resolution_notes,
        t1_0.resolved_at,
        t1_0.status,
        t1_0.title,
        t1_0.updated_at 
    from
        tickets t1_0 
    where
        t1_0.id=?
Hibernate: 
    update
        tickets 
    set
        category=?,
        closed_at=?,
        customer_id=?,
        deleted=?,
        description=?,
        executive_id=?,
        priority=?,
        product_id=?,
        rating=?,
        resolution_notes=?,
        resolved_at=?,
        status=?,
        title=?,
        updated_at=? 
    where
        id=?
Hibernate: 
    select
        t1_0.id,
        t1_0.category,
        t1_0.closed_at,
        t1_0.created_at,
        t1_0.customer_id,
        t1_0.deleted,
        t1_0.description,
        t1_0.executive_id,
        t1_0.priority,
        t1_0.product_id,
        t1_0.rating,
        t1_0.resolution_notes,
        t1_0.resolved_at,
        t1_0.status,
        t1_0.title,
        t1_0.updated_at 
    from
        tickets t1_0 
    where
        t1_0.id=?
Hibernate: 
    update
        tickets 
    set
        category=?,
        closed_at=?,
        customer_id=?,
        deleted=?,
        description=?,
        executive_id=?,
        priority=?,
        product_id=?,
        rating=?,
        resolution_notes=?,
        resolved_at=?,
        status=?,
        title=?,
        updated_at=? 
    where
        id=?
Hibernate: 
    select
        t1_0.id,
        t1_0.category,
        t1_0.closed_at,
        t1_0.created_at,
        t1_0.customer_id,
        t1_0.deleted,
        t1_0.description,
        t1_0.executive_id,
        t1_0.priority,
        t1_0.product_id,
        t1_0.rating,
        t1_0.resolution_notes,
        t1_0.resolved_at,
        t1_0.status,
        t1_0.title,
        t1_0.updated_at 
    from
        tickets t1_0 
    where
        t1_0.executive_id=? 
        and t1_0.deleted=?
Hibernate: 
    select
        t1_0.id,
        t1_0.category,
        t1_0.closed_at,
        t1_0.created_at,
        t1_0.customer_id,
        t1_0.deleted,
        t1_0.description,
        t1_0.executive_id,
        t1_0.priority,
        t1_0.product_id,
        t1_0.rating,
        t1_0.resolution_notes,
        t1_0.resolved_at,
        t1_0.status,
        t1_0.title,
        t1_0.updated_at 
    from
        tickets t1_0 
    where
        t1_0.executive_id=? 
        and t1_0.deleted=?
Hibernate: 
    select
        t1_0.id,
        t1_0.category,
        t1_0.closed_at,
        t1_0.created_at,
        t1_0.customer_id,
        t1_0.deleted,
        t1_0.description,
        t1_0.executive_id,
        t1_0.priority,
        t1_0.product_id,
        t1_0.rating,
        t1_0.resolution_notes,
        t1_0.resolved_at,
        t1_0.status,
        t1_0.title,
        t1_0.updated_at 
    from
        tickets t1_0 
    where
        t1_0.executive_id=? 
        and t1_0.deleted=?
Hibernate: 
    select
        t1_0.id,
        t1_0.category,
        t1_0.closed_at,
        t1_0.created_at,
        t1_0.customer_id,
        t1_0.deleted,
        t1_0.description,
        t1_0.executive_id,
        t1_0.priority,
        t1_0.product_id,
        t1_0.rating,
        t1_0.resolution_notes,
        t1_0.resolved_at,
        t1_0.status,
        t1_0.title,
        t1_0.updated_at 
    from
        tickets t1_0 
    where
        t1_0.id=?
Hibernate: 
    select
        t1_0.id,
        t1_0.category,
        t1_0.closed_at,
        t1_0.created_at,
        t1_0.customer_id,
        t1_0.deleted,
        t1_0.description,
        t1_0.executive_id,
        t1_0.priority,
        t1_0.product_id,
        t1_0.rating,
        t1_0.resolution_notes,
        t1_0.resolved_at,
        t1_0.status,
        t1_0.title,
        t1_0.updated_at 
    from
        tickets t1_0 
    where
        t1_0.id=?
Hibernate: 
    select
        t1_0.id,
        t1_0.category,
        t1_0.closed_at,
        t1_0.created_at,
        t1_0.customer_id,
        t1_0.deleted,
        t1_0.description,
        t1_0.executive_id,
        t1_0.priority,
        t1_0.product_id,
        t1_0.rating,
        t1_0.resolution_notes,
        t1_0.resolved_at,
        t1_0.status,
        t1_0.title,
        t1_0.updated_at 
    from
        tickets t1_0 
    where
        t1_0.id=?
Hibernate: 
    select
        t1_0.id,
        t1_0.category,
        t1_0.closed_at,
        t1_0.created_at,
        t1_0.customer_id,
        t1_0.deleted,
        t1_0.description,
        t1_0.executive_id,
        t1_0.priority,
        t1_0.product_id,
        t1_0.rating,
        t1_0.resolution_notes,
        t1_0.resolved_at,
        t1_0.status,
        t1_0.title,
        t1_0.updated_at 
    from
        tickets t1_0 
    where
        t1_0.id=?
Hibernate: 
    select
        t1_0.id,
        t1_0.category,
        t1_0.closed_at,
        t1_0.created_at,
        t1_0.customer_id,
        t1_0.deleted,
        t1_0.description,
        t1_0.executive_id,
        t1_0.priority,
        t1_0.product_id,
        t1_0.rating,
        t1_0.resolution_notes,
        t1_0.resolved_at,
        t1_0.status,
        t1_0.title,
        t1_0.updated_at 
    from
        tickets t1_0 
    where
        t1_0.executive_id=? 
        and t1_0.deleted=?
Hibernate: 
    select
        count(t1_0.id) 
    from
        tickets t1_0 
    where
        t1_0.status=? 
        and t1_0.deleted=false
Hibernate: 
    select
        count(t1_0.id) 
    from
        tickets t1_0 
    where
        t1_0.status=? 
        and t1_0.deleted=false
Hibernate: 
    select
        count(t1_0.id) 
    from
        tickets t1_0 
    where
        t1_0.status=? 
        and t1_0.deleted=false
Hibernate: 
    select
        count(t1_0.id) 
    from
        tickets t1_0 
    where
        t1_0.status=? 
        and t1_0.deleted=false
Hibernate: 
    select
        count(t1_0.id) 
    from
        tickets t1_0 
    where
        t1_0.status=? 
        and t1_0.deleted=false
Hibernate: 
    select
        count(t1_0.id) 
    from
        tickets t1_0 
    where
        t1_0.deleted=false
Hibernate: 
    select
        t1_0.id,
        t1_0.category,
        t1_0.closed_at,
        t1_0.created_at,
        t1_0.customer_id,
        t1_0.deleted,
        t1_0.description,
        t1_0.executive_id,
        t1_0.priority,
        t1_0.product_id,
        t1_0.rating,
        t1_0.resolution_notes,
        t1_0.resolved_at,
        t1_0.status,
        t1_0.title,
        t1_0.updated_at 
    from
        tickets t1_0 
    where
        t1_0.deleted=false 
    order by
        case t1_0.priority 
            when 'CRITICAL' 
                then 1 
            when 'HIGH' 
                then 2 
            when 'MEDIUM' 
                then 3 
            when 'LOW' 
                then 4 
        end,
        t1_0.created_at
Hibernate: 
    select
        t1_0.id,
        t1_0.category,
        t1_0.closed_at,
        t1_0.created_at,
        t1_0.customer_id,
        t1_0.deleted,
        t1_0.description,
        t1_0.executive_id,
        t1_0.priority,
        t1_0.product_id,
        t1_0.rating,
        t1_0.resolution_notes,
        t1_0.resolved_at,
        t1_0.status,
        t1_0.title,
        t1_0.updated_at 
    from
        tickets t1_0 
    where
        t1_0.deleted=false 
    order by
        case t1_0.priority 
            when 'CRITICAL' 
                then 1 
            when 'HIGH' 
                then 2 
            when 'MEDIUM' 
                then 3 
            when 'LOW' 
                then 4 
        end,
        t1_0.created_at
Hibernate: 
    select
        t1_0.id,
        t1_0.category,
        t1_0.closed_at,
        t1_0.created_at,
        t1_0.customer_id,
        t1_0.deleted,
        t1_0.description,
        t1_0.executive_id,
        t1_0.priority,
        t1_0.product_id,
        t1_0.rating,
        t1_0.resolution_notes,
        t1_0.resolved_at,
        t1_0.status,
        t1_0.title,
        t1_0.updated_at 
    from
        tickets t1_0 
    where
        t1_0.deleted=false 
    order by
        case t1_0.priority 
            when 'CRITICAL' 
                then 1 
            when 'HIGH' 
                then 2 
            when 'MEDIUM' 
                then 3 
            when 'LOW' 
                then 4 
        end,
        t1_0.created_at
Hibernate: 
    select
        t1_0.id,
        t1_0.category,
        t1_0.closed_at,
        t1_0.created_at,
        t1_0.customer_id,
        t1_0.deleted,
        t1_0.description,
        t1_0.executive_id,
        t1_0.priority,
        t1_0.product_id,
        t1_0.rating,
        t1_0.resolution_notes,
        t1_0.resolved_at,
        t1_0.status,
        t1_0.title,
        t1_0.updated_at 
    from
        tickets t1_0 
    where
        t1_0.customer_id=? 
        and t1_0.deleted=?
Hibernate: 
    select
        t1_0.id,
        t1_0.category,
        t1_0.closed_at,
        t1_0.created_at,
        t1_0.customer_id,
        t1_0.deleted,
        t1_0.description,
        t1_0.executive_id,
        t1_0.priority,
        t1_0.product_id,
        t1_0.rating,
        t1_0.resolution_notes,
        t1_0.resolved_at,
        t1_0.status,
        t1_0.title,
        t1_0.updated_at 
    from
        tickets t1_0 
    where
        t1_0.customer_id=? 
        and t1_0.deleted=?
Hibernate: 
    select
        t1_0.id,
        t1_0.category,
        t1_0.closed_at,
        t1_0.created_at,
        t1_0.customer_id,
        t1_0.deleted,
        t1_0.description,
        t1_0.executive_id,
        t1_0.priority,
        t1_0.product_id,
        t1_0.rating,
        t1_0.resolution_notes,
        t1_0.resolved_at,
        t1_0.status,
        t1_0.title,
        t1_0.updated_at 
    from
        tickets t1_0 
    where
        t1_0.customer_id=? 
        and t1_0.deleted=?
Hibernate: 
    select
        t1_0.id,
        t1_0.category,
        t1_0.closed_at,
        t1_0.created_at,
        t1_0.customer_id,
        t1_0.deleted,
        t1_0.description,
        t1_0.executive_id,
        t1_0.priority,
        t1_0.product_id,
        t1_0.rating,
        t1_0.resolution_notes,
        t1_0.resolved_at,
        t1_0.status,
        t1_0.title,
        t1_0.updated_at 
    from
        tickets t1_0 
    where
        t1_0.customer_id=? 
        and t1_0.deleted=?
Hibernate: 
    select
        t1_0.id,
        t1_0.category,
        t1_0.closed_at,
        t1_0.created_at,
        t1_0.customer_id,
        t1_0.deleted,
        t1_0.description,
        t1_0.executive_id,
        t1_0.priority,
        t1_0.product_id,
        t1_0.rating,
        t1_0.resolution_notes,
        t1_0.resolved_at,
        t1_0.status,
        t1_0.title,
        t1_0.updated_at 
    from
        tickets t1_0 
    where
        t1_0.customer_id=? 
        and t1_0.deleted=?
Hibernate: 
    select
        t1_0.id,
        t1_0.category,
        t1_0.closed_at,
        t1_0.created_at,
        t1_0.customer_id,
        t1_0.deleted,
        t1_0.description,
        t1_0.executive_id,
        t1_0.priority,
        t1_0.product_id,
        t1_0.rating,
        t1_0.resolution_notes,
        t1_0.resolved_at,
        t1_0.status,
        t1_0.title,
        t1_0.updated_at 
    from
        tickets t1_0 
    where
        t1_0.customer_id=? 
        and t1_0.deleted=?
Hibernate: 
    select
        t1_0.id,
        t1_0.category,
        t1_0.closed_at,
        t1_0.created_at,
        t1_0.customer_id,
        t1_0.deleted,
        t1_0.description,
        t1_0.executive_id,
        t1_0.priority,
        t1_0.product_id,
        t1_0.rating,
        t1_0.resolution_notes,
        t1_0.resolved_at,
        t1_0.status,
        t1_0.title,
        t1_0.updated_at 
    from
        tickets t1_0 
    where
        t1_0.customer_id=? 
        and t1_0.deleted=?
Hibernate: 
    select
        t1_0.id,
        t1_0.category,
        t1_0.closed_at,
        t1_0.created_at,
        t1_0.customer_id,
        t1_0.deleted,
        t1_0.description,
        t1_0.executive_id,
        t1_0.priority,
        t1_0.product_id,
        t1_0.rating,
        t1_0.resolution_notes,
        t1_0.resolved_at,
        t1_0.status,
        t1_0.title,
        t1_0.updated_at 
    from
        tickets t1_0 
    where
        t1_0.customer_id=? 
        and t1_0.deleted=?
Hibernate: 
    select
        t1_0.id,
        t1_0.category,
        t1_0.closed_at,
        t1_0.created_at,
        t1_0.customer_id,
        t1_0.deleted,
        t1_0.description,
        t1_0.executive_id,
        t1_0.priority,
        t1_0.product_id,
        t1_0.rating,
        t1_0.resolution_notes,
        t1_0.resolved_at,
        t1_0.status,
        t1_0.title,
        t1_0.updated_at 
    from
        tickets t1_0 
    where
        t1_0.customer_id=? 
        and t1_0.deleted=?
Hibernate: 
    select
        t1_0.id,
        t1_0.category,
        t1_0.closed_at,
        t1_0.created_at,
        t1_0.customer_id,
        t1_0.deleted,
        t1_0.description,
        t1_0.executive_id,
        t1_0.priority,
        t1_0.product_id,
        t1_0.rating,
        t1_0.resolution_notes,
        t1_0.resolved_at,
        t1_0.status,
        t1_0.title,
        t1_0.updated_at 
    from
        tickets t1_0 
    where
        t1_0.customer_id=? 
        and t1_0.deleted=?
Hibernate: 
    select
        t1_0.id,
        t1_0.category,
        t1_0.closed_at,
        t1_0.created_at,
        t1_0.customer_id,
        t1_0.deleted,
        t1_0.description,
        t1_0.executive_id,
        t1_0.priority,
        t1_0.product_id,
        t1_0.rating,
        t1_0.resolution_notes,
        t1_0.resolved_at,
        t1_0.status,
        t1_0.title,
        t1_0.updated_at 
    from
        tickets t1_0 
    where
        t1_0.id=?
Hibernate: 
    select
        t1_0.id,
        t1_0.category,
        t1_0.closed_at,
        t1_0.created_at,
        t1_0.customer_id,
        t1_0.deleted,
        t1_0.description,
        t1_0.executive_id,
        t1_0.priority,
        t1_0.product_id,
        t1_0.rating,
        t1_0.resolution_notes,
        t1_0.resolved_at,
        t1_0.status,
        t1_0.title,
        t1_0.updated_at 
    from
        tickets t1_0 
    where
        t1_0.customer_id=? 
        and t1_0.deleted=?
Hibernate: 
    select
        t1_0.id,
        t1_0.category,
        t1_0.closed_at,
        t1_0.created_at,
        t1_0.customer_id,
        t1_0.deleted,
        t1_0.description,
        t1_0.executive_id,
        t1_0.priority,
        t1_0.product_id,
        t1_0.rating,
        t1_0.resolution_notes,
        t1_0.resolved_at,
        t1_0.status,
        t1_0.title,
        t1_0.updated_at 
    from
        tickets t1_0 
    where
        t1_0.customer_id=? 
        and t1_0.deleted=?
Hibernate: 
    select
        t1_0.id,
        t1_0.category,
        t1_0.closed_at,
        t1_0.created_at,
        t1_0.customer_id,
        t1_0.deleted,
        t1_0.description,
        t1_0.executive_id,
        t1_0.priority,
        t1_0.product_id,
        t1_0.rating,
        t1_0.resolution_notes,
        t1_0.resolved_at,
        t1_0.status,
        t1_0.title,
        t1_0.updated_at 
    from
        tickets t1_0 
    where
        t1_0.customer_id=? 
        and t1_0.deleted=?
Hibernate: 
    select
        t1_0.id,
        t1_0.category,
        t1_0.closed_at,
        t1_0.created_at,
        t1_0.customer_id,
        t1_0.deleted,
        t1_0.description,
        t1_0.executive_id,
        t1_0.priority,
        t1_0.product_id,
        t1_0.rating,
        t1_0.resolution_notes,
        t1_0.resolved_at,
        t1_0.status,
        t1_0.title,
        t1_0.updated_at 
    from
        tickets t1_0 
    where
        t1_0.customer_id=? 
        and t1_0.deleted=?
Hibernate: 
    select
        t1_0.id,
        t1_0.category,
        t1_0.closed_at,
        t1_0.created_at,
        t1_0.customer_id,
        t1_0.deleted,
        t1_0.description,
        t1_0.executive_id,
        t1_0.priority,
        t1_0.product_id,
        t1_0.rating,
        t1_0.resolution_notes,
        t1_0.resolved_at,
        t1_0.status,
        t1_0.title,
        t1_0.updated_at 
    from
        tickets t1_0 
    where
        t1_0.id=?
Hibernate: 
    select
        count(t1_0.id) 
    from
        tickets t1_0 
    where
        t1_0.status=? 
        and t1_0.deleted=false
Hibernate: 
    select
        count(t1_0.id) 
    from
        tickets t1_0 
    where
        t1_0.status=? 
        and t1_0.deleted=false
Hibernate: 
    select
        count(t1_0.id) 
    from
        tickets t1_0 
    where
        t1_0.status=? 
        and t1_0.deleted=false
Hibernate: 
    select
        count(t1_0.id) 
    from
        tickets t1_0 
    where
        t1_0.status=? 
        and t1_0.deleted=false
Hibernate: 
    select
        count(t1_0.id) 
    from
        tickets t1_0 
    where
        t1_0.status=? 
        and t1_0.deleted=false
Hibernate: 
    select
        count(t1_0.id) 
    from
        tickets t1_0 
    where
        t1_0.deleted=false
Hibernate: 
    select
        t1_0.id,
        t1_0.category,
        t1_0.closed_at,
        t1_0.created_at,
        t1_0.customer_id,
        t1_0.deleted,
        t1_0.description,
        t1_0.executive_id,
        t1_0.priority,
        t1_0.product_id,
        t1_0.rating,
        t1_0.resolution_notes,
        t1_0.resolved_at,
        t1_0.status,
        t1_0.title,
        t1_0.updated_at 
    from
        tickets t1_0 
    where
        t1_0.deleted=false 
    order by
        case t1_0.priority 
            when 'CRITICAL' 
                then 1 
            when 'HIGH' 
                then 2 
            when 'MEDIUM' 
                then 3 
            when 'LOW' 
                then 4 
        end,
        t1_0.created_at
Hibernate: 
    select
        t1_0.id,
        t1_0.category,
        t1_0.closed_at,
        t1_0.created_at,
        t1_0.customer_id,
        t1_0.deleted,
        t1_0.description,
        t1_0.executive_id,
        t1_0.priority,
        t1_0.product_id,
        t1_0.rating,
        t1_0.resolution_notes,
        t1_0.resolved_at,
        t1_0.status,
        t1_0.title,
        t1_0.updated_at 
    from
        tickets t1_0 
    where
        t1_0.deleted=false 
    order by
        case t1_0.priority 
            when 'CRITICAL' 
                then 1 
            when 'HIGH' 
                then 2 
            when 'MEDIUM' 
                then 3 
            when 'LOW' 
                then 4 
        end,
        t1_0.created_at
Hibernate: 
    select
        t1_0.id,
        t1_0.category,
        t1_0.closed_at,
        t1_0.created_at,
        t1_0.customer_id,
        t1_0.deleted,
        t1_0.description,
        t1_0.executive_id,
        t1_0.priority,
        t1_0.product_id,
        t1_0.rating,
        t1_0.resolution_notes,
        t1_0.resolved_at,
        t1_0.status,
        t1_0.title,
        t1_0.updated_at 
    from
        tickets t1_0 
    where
        t1_0.deleted=false 
    order by
        case t1_0.priority 
            when 'CRITICAL' 
                then 1 
            when 'HIGH' 
                then 2 
            when 'MEDIUM' 
                then 3 
            when 'LOW' 
                then 4 
        end,
        t1_0.created_at
Hibernate: 
    select
        t1_0.id,
        t1_0.category,
        t1_0.closed_at,
        t1_0.created_at,
        t1_0.customer_id,
        t1_0.deleted,
        t1_0.description,
        t1_0.executive_id,
        t1_0.priority,
        t1_0.product_id,
        t1_0.rating,
        t1_0.resolution_notes,
        t1_0.resolved_at,
        t1_0.status,
        t1_0.title,
        t1_0.updated_at 
    from
        tickets t1_0 
    where
        t1_0.customer_id=? 
        and t1_0.deleted=?
Hibernate: 
    select
        t1_0.id,
        t1_0.category,
        t1_0.closed_at,
        t1_0.created_at,
        t1_0.customer_id,
        t1_0.deleted,
        t1_0.description,
        t1_0.executive_id,
        t1_0.priority,
        t1_0.product_id,
        t1_0.rating,
        t1_0.resolution_notes,
        t1_0.resolved_at,
        t1_0.status,
        t1_0.title,
        t1_0.updated_at 
    from
        tickets t1_0 
    where
        t1_0.customer_id=? 
        and t1_0.deleted=?
Hibernate: 
    select
        t1_0.id,
        t1_0.category,
        t1_0.closed_at,
        t1_0.created_at,
        t1_0.customer_id,
        t1_0.deleted,
        t1_0.description,
        t1_0.executive_id,
        t1_0.priority,
        t1_0.product_id,
        t1_0.rating,
        t1_0.resolution_notes,
        t1_0.resolved_at,
        t1_0.status,
        t1_0.title,
        t1_0.updated_at 
    from
        tickets t1_0 
    where
        t1_0.customer_id=? 
        and t1_0.deleted=?
Hibernate: 
    select
        t1_0.id,
        t1_0.category,
        t1_0.closed_at,
        t1_0.created_at,
        t1_0.customer_id,
        t1_0.deleted,
        t1_0.description,
        t1_0.executive_id,
        t1_0.priority,
        t1_0.product_id,
        t1_0.rating,
        t1_0.resolution_notes,
        t1_0.resolved_at,
        t1_0.status,
        t1_0.title,
        t1_0.updated_at 
    from
        tickets t1_0 
    where
        t1_0.customer_id=? 
        and t1_0.deleted=?
Hibernate: 
    select
        t1_0.id,
        t1_0.category,
        t1_0.closed_at,
        t1_0.created_at,
        t1_0.customer_id,
        t1_0.deleted,
        t1_0.description,
        t1_0.executive_id,
        t1_0.priority,
        t1_0.product_id,
        t1_0.rating,
        t1_0.resolution_notes,
        t1_0.resolved_at,
        t1_0.status,
        t1_0.title,
        t1_0.updated_at 
    from
        tickets t1_0 
    where
        t1_0.customer_id=? 
        and t1_0.deleted=?
Hibernate: 
    select
        t1_0.id,
        t1_0.category,
        t1_0.closed_at,
        t1_0.created_at,
        t1_0.customer_id,
        t1_0.deleted,
        t1_0.description,
        t1_0.executive_id,
        t1_0.priority,
        t1_0.product_id,
        t1_0.rating,
        t1_0.resolution_notes,
        t1_0.resolved_at,
        t1_0.status,
        t1_0.title,
        t1_0.updated_at 
    from
        tickets t1_0 
    where
        t1_0.customer_id=? 
        and t1_0.deleted=?
Hibernate: 
    select
        t1_0.id,
        t1_0.category,
        t1_0.closed_at,
        t1_0.created_at,
        t1_0.customer_id,
        t1_0.deleted,
        t1_0.description,
        t1_0.executive_id,
        t1_0.priority,
        t1_0.product_id,
        t1_0.rating,
        t1_0.resolution_notes,
        t1_0.resolved_at,
        t1_0.status,
        t1_0.title,
        t1_0.updated_at 
    from
        tickets t1_0 
    where
        t1_0.customer_id=? 
        and t1_0.deleted=?
Hibernate: 
    select
        t1_0.id,
        t1_0.category,
        t1_0.closed_at,
        t1_0.created_at,
        t1_0.customer_id,
        t1_0.deleted,
        t1_0.description,
        t1_0.executive_id,
        t1_0.priority,
        t1_0.product_id,
        t1_0.rating,
        t1_0.resolution_notes,
        t1_0.resolved_at,
        t1_0.status,
        t1_0.title,
        t1_0.updated_at 
    from
        tickets t1_0 
    where
        t1_0.customer_id=? 
        and t1_0.deleted=?
Hibernate: 
    select
        t1_0.id,
        t1_0.category,
        t1_0.closed_at,
        t1_0.created_at,
        t1_0.customer_id,
        t1_0.deleted,
        t1_0.description,
        t1_0.executive_id,
        t1_0.priority,
        t1_0.product_id,
        t1_0.rating,
        t1_0.resolution_notes,
        t1_0.resolved_at,
        t1_0.status,
        t1_0.title,
        t1_0.updated_at 
    from
        tickets t1_0 
    where
        t1_0.id=?
2026-01-25T14:12:58.739+05:30  WARN 9673 --- [ticket-service] [nio-9102-exec-6] com.zaxxer.hikari.pool.PoolBase          : HikariPool-1 - Failed to validate connection org.postgresql.jdbc.PgConnection@49993241 (This connection has been closed.). Possibly consider using a shorter maxLifetime value.
2026-01-25T14:12:58.742+05:30  WARN 9673 --- [ticket-service] [nio-9102-exec-6] com.zaxxer.hikari.pool.PoolBase          : HikariPool-1 - Failed to validate connection org.postgresql.jdbc.PgConnection@2ff44227 (This connection has been closed.). Possibly consider using a shorter maxLifetime value.
2026-01-25T14:12:58.743+05:30  WARN 9673 --- [ticket-service] [nio-9102-exec-6] com.zaxxer.hikari.pool.PoolBase          : HikariPool-1 - Failed to validate connection org.postgresql.jdbc.PgConnection@21b52e94 (This connection has been closed.). Possibly consider using a shorter maxLifetime value.
2026-01-25T14:12:58.743+05:30  WARN 9673 --- [ticket-service] [nio-9102-exec-6] com.zaxxer.hikari.pool.PoolBase          : HikariPool-1 - Failed to validate connection org.postgresql.jdbc.PgConnection@213e0bd9 (This connection has been closed.). Possibly consider using a shorter maxLifetime value.
Hibernate: 
    select
        count(t1_0.id) 
    from
        tickets t1_0 
    where
        t1_0.status=? 
        and t1_0.deleted=false
Hibernate: 
    select
        count(t1_0.id) 
    from
        tickets t1_0 
    where
        t1_0.status=? 
        and t1_0.deleted=false
Hibernate: 
    select
        count(t1_0.id) 
    from
        tickets t1_0 
    where
        t1_0.status=? 
        and t1_0.deleted=false
Hibernate: 
    select
        count(t1_0.id) 
    from
        tickets t1_0 
    where
        t1_0.status=? 
        and t1_0.deleted=false
Hibernate: 
    select
        count(t1_0.id) 
    from
        tickets t1_0 
    where
        t1_0.status=? 
        and t1_0.deleted=false
Hibernate: 
    select
        count(t1_0.id) 
    from
        tickets t1_0 
    where
        t1_0.deleted=false
Hibernate: 
    select
        t1_0.id,
        t1_0.category,
        t1_0.closed_at,
        t1_0.created_at,
        t1_0.customer_id,
        t1_0.deleted,
        t1_0.description,
        t1_0.executive_id,
        t1_0.priority,
        t1_0.product_id,
        t1_0.rating,
        t1_0.resolution_notes,
        t1_0.resolved_at,
        t1_0.status,
        t1_0.title,
        t1_0.updated_at 
    from
        tickets t1_0 
    where
        t1_0.deleted=false 
    order by
        case t1_0.priority 
            when 'CRITICAL' 
                then 1 
            when 'HIGH' 
                then 2 
            when 'MEDIUM' 
                then 3 
            when 'LOW' 
                then 4 
        end,
        t1_0.created_at
Hibernate: 
    select
        t1_0.id,
        t1_0.category,
        t1_0.closed_at,
        t1_0.created_at,
        t1_0.customer_id,
        t1_0.deleted,
        t1_0.description,
        t1_0.executive_id,
        t1_0.priority,
        t1_0.product_id,
        t1_0.rating,
        t1_0.resolution_notes,
        t1_0.resolved_at,
        t1_0.status,
        t1_0.title,
        t1_0.updated_at 
    from
        tickets t1_0 
    where
        t1_0.deleted=false 
    order by
        case t1_0.priority 
            when 'CRITICAL' 
                then 1 
            when 'HIGH' 
                then 2 
            when 'MEDIUM' 
                then 3 
            when 'LOW' 
                then 4 
        end,
        t1_0.created_at
Hibernate: 
    select
        t1_0.id,
        t1_0.category,
        t1_0.closed_at,
        t1_0.created_at,
        t1_0.customer_id,
        t1_0.deleted,
        t1_0.description,
        t1_0.executive_id,
        t1_0.priority,
        t1_0.product_id,
        t1_0.rating,
        t1_0.resolution_notes,
        t1_0.resolved_at,
        t1_0.status,
        t1_0.title,
        t1_0.updated_at 
    from
        tickets t1_0 
    where
        t1_0.deleted=false 
    order by
        case t1_0.priority 
            when 'CRITICAL' 
                then 1 
            when 'HIGH' 
                then 2 
            when 'MEDIUM' 
                then 3 
            when 'LOW' 
                then 4 
        end,
        t1_0.created_at
Hibernate: 
    select
        t1_0.id,
        t1_0.category,
        t1_0.closed_at,
        t1_0.created_at,
        t1_0.customer_id,
        t1_0.deleted,
        t1_0.description,
        t1_0.executive_id,
        t1_0.priority,
        t1_0.product_id,
        t1_0.rating,
        t1_0.resolution_notes,
        t1_0.resolved_at,
        t1_0.status,
        t1_0.title,
        t1_0.updated_at 
    from
        tickets t1_0 
    where
        t1_0.deleted=false 
    order by
        case t1_0.priority 
            when 'CRITICAL' 
                then 1 
            when 'HIGH' 
                then 2 
            when 'MEDIUM' 
                then 3 
            when 'LOW' 
                then 4 
        end,
        t1_0.created_at
Hibernate: 
    select
        count(t1_0.id) 
    from
        tickets t1_0 
    where
        t1_0.status=? 
        and t1_0.deleted=false
Hibernate: 
    select
        count(t1_0.id) 
    from
        tickets t1_0 
    where
        t1_0.status=? 
        and t1_0.deleted=false
Hibernate: 
    select
        count(t1_0.id) 
    from
        tickets t1_0 
    where
        t1_0.status=? 
        and t1_0.deleted=false
Hibernate: 
    select
        count(t1_0.id) 
    from
        tickets t1_0 
    where
        t1_0.status=? 
        and t1_0.deleted=false
Hibernate: 
    select
        count(t1_0.id) 
    from
        tickets t1_0 
    where
        t1_0.status=? 
        and t1_0.deleted=false
Hibernate: 
    select
        count(t1_0.id) 
    from
        tickets t1_0 
    where
        t1_0.deleted=false
Hibernate: 
    select
        t1_0.id,
        t1_0.category,
        t1_0.closed_at,
        t1_0.created_at,
        t1_0.customer_id,
        t1_0.deleted,
        t1_0.description,
        t1_0.executive_id,
        t1_0.priority,
        t1_0.product_id,
        t1_0.rating,
        t1_0.resolution_notes,
        t1_0.resolved_at,
        t1_0.status,
        t1_0.title,
        t1_0.updated_at 
    from
        tickets t1_0 
    where
        t1_0.deleted=false 
    order by
        case t1_0.priority 
            when 'CRITICAL' 
                then 1 
            when 'HIGH' 
                then 2 
            when 'MEDIUM' 
                then 3 
            when 'LOW' 
                then 4 
        end,
        t1_0.created_at
Hibernate: 
    select
        t1_0.id,
        t1_0.category,
        t1_0.closed_at,
        t1_0.created_at,
        t1_0.customer_id,
        t1_0.deleted,
        t1_0.description,
        t1_0.executive_id,
        t1_0.priority,
        t1_0.product_id,
        t1_0.rating,
        t1_0.resolution_notes,
        t1_0.resolved_at,
        t1_0.status,
        t1_0.title,
        t1_0.updated_at 
    from
        tickets t1_0 
    where
        t1_0.deleted=false 
    order by
        case t1_0.priority 
            when 'CRITICAL' 
                then 1 
            when 'HIGH' 
                then 2 
            when 'MEDIUM' 
                then 3 
            when 'LOW' 
                then 4 
        end,
        t1_0.created_at
Hibernate: 
    select
        t1_0.id,
        t1_0.category,
        t1_0.closed_at,
        t1_0.created_at,
        t1_0.customer_id,
        t1_0.deleted,
        t1_0.description,
        t1_0.executive_id,
        t1_0.priority,
        t1_0.product_id,
        t1_0.rating,
        t1_0.resolution_notes,
        t1_0.resolved_at,
        t1_0.status,
        t1_0.title,
        t1_0.updated_at 
    from
        tickets t1_0 
    where
        t1_0.deleted=false 
    order by
        case t1_0.priority 
            when 'CRITICAL' 
                then 1 
            when 'HIGH' 
                then 2 
            when 'MEDIUM' 
                then 3 
            when 'LOW' 
                then 4 
        end,
        t1_0.created_at
2026-01-25T14:34:13.405+05:30  WARN 9673 --- [ticket-service] [nio-9102-exec-8] com.zaxxer.hikari.pool.PoolBase          : HikariPool-1 - Failed to validate connection org.postgresql.jdbc.PgConnection@7c94e700 (This connection has been closed.). Possibly consider using a shorter maxLifetime value.
2026-01-25T14:34:13.407+05:30  WARN 9673 --- [ticket-service] [nio-9102-exec-8] com.zaxxer.hikari.pool.PoolBase          : HikariPool-1 - Failed to validate connection org.postgresql.jdbc.PgConnection@6c1243fb (This connection has been closed.). Possibly consider using a shorter maxLifetime value.
2026-01-25T14:34:13.408+05:30  WARN 9673 --- [ticket-service] [nio-9102-exec-8] com.zaxxer.hikari.pool.PoolBase          : HikariPool-1 - Failed to validate connection org.postgresql.jdbc.PgConnection@4d1d62e (This connection has been closed.). Possibly consider using a shorter maxLifetime value.
2026-01-25T14:34:13.408+05:30  WARN 9673 --- [ticket-service] [nio-9102-exec-8] com.zaxxer.hikari.pool.PoolBase          : HikariPool-1 - Failed to validate connection org.postgresql.jdbc.PgConnection@5f269d53 (This connection has been closed.). Possibly consider using a shorter maxLifetime value.
2026-01-25T14:34:13.408+05:30  WARN 9673 --- [ticket-service] [nio-9102-exec-8] com.zaxxer.hikari.pool.PoolBase          : HikariPool-1 - Failed to validate connection org.postgresql.jdbc.PgConnection@368be727 (This connection has been closed.). Possibly consider using a shorter maxLifetime value.
Hibernate: 
    select
        count(t1_0.id) 
    from
        tickets t1_0 
    where
        t1_0.status=? 
        and t1_0.deleted=false
Hibernate: 
    select
        count(t1_0.id) 
    from
        tickets t1_0 
    where
        t1_0.status=? 
        and t1_0.deleted=false
Hibernate: 
    select
        count(t1_0.id) 
    from
        tickets t1_0 
    where
        t1_0.status=? 
        and t1_0.deleted=false
Hibernate: 
    select
        count(t1_0.id) 
    from
        tickets t1_0 
    where
        t1_0.status=? 
        and t1_0.deleted=false
Hibernate: 
    select
        count(t1_0.id) 
    from
        tickets t1_0 
    where
        t1_0.status=? 
        and t1_0.deleted=false
Hibernate: 
    select
        count(t1_0.id) 
    from
        tickets t1_0 
    where
        t1_0.deleted=false
Hibernate: 
    select
        t1_0.id,
        t1_0.category,
        t1_0.closed_at,
        t1_0.created_at,
        t1_0.customer_id,
        t1_0.deleted,
        t1_0.description,
        t1_0.executive_id,
        t1_0.priority,
        t1_0.product_id,
        t1_0.rating,
        t1_0.resolution_notes,
        t1_0.resolved_at,
        t1_0.status,
        t1_0.title,
        t1_0.updated_at 
    from
        tickets t1_0 
    where
        t1_0.deleted=false 
    order by
        case t1_0.priority 
            when 'CRITICAL' 
                then 1 
            when 'HIGH' 
                then 2 
            when 'MEDIUM' 
                then 3 
            when 'LOW' 
                then 4 
        end,
        t1_0.created_at
Hibernate: 
    select
        t1_0.id,
        t1_0.category,
        t1_0.closed_at,
        t1_0.created_at,
        t1_0.customer_id,
        t1_0.deleted,
        t1_0.description,
        t1_0.executive_id,
        t1_0.priority,
        t1_0.product_id,
        t1_0.rating,
        t1_0.resolution_notes,
        t1_0.resolved_at,
        t1_0.status,
        t1_0.title,
        t1_0.updated_at 
    from
        tickets t1_0 
    where
        t1_0.deleted=false 
    order by
        case t1_0.priority 
            when 'CRITICAL' 
                then 1 
            when 'HIGH' 
                then 2 
            when 'MEDIUM' 
                then 3 
            when 'LOW' 
                then 4 
        end,
        t1_0.created_at
Hibernate: 
    select
        t1_0.id,
        t1_0.category,
        t1_0.closed_at,
        t1_0.created_at,
        t1_0.customer_id,
        t1_0.deleted,
        t1_0.description,
        t1_0.executive_id,
        t1_0.priority,
        t1_0.product_id,
        t1_0.rating,
        t1_0.resolution_notes,
        t1_0.resolved_at,
        t1_0.status,
        t1_0.title,
        t1_0.updated_at 
    from
        tickets t1_0 
    where
        t1_0.deleted=false 
    order by
        case t1_0.priority 
            when 'CRITICAL' 
                then 1 
            when 'HIGH' 
                then 2 
            when 'MEDIUM' 
                then 3 
            when 'LOW' 
                then 4 
        end,
        t1_0.created_at
Hibernate: 
    select
        count(t1_0.id) 
    from
        tickets t1_0 
    where
        t1_0.status=? 
        and t1_0.deleted=false
Hibernate: 
    select
        count(t1_0.id) 
    from
        tickets t1_0 
    where
        t1_0.status=? 
        and t1_0.deleted=false
Hibernate: 
    select
        count(t1_0.id) 
    from
        tickets t1_0 
    where
        t1_0.status=? 
        and t1_0.deleted=false
Hibernate: 
    select
        count(t1_0.id) 
    from
        tickets t1_0 
    where
        t1_0.status=? 
        and t1_0.deleted=false
Hibernate: 
    select
        count(t1_0.id) 
    from
        tickets t1_0 
    where
        t1_0.status=? 
        and t1_0.deleted=false
Hibernate: 
    select
        count(t1_0.id) 
    from
        tickets t1_0 
    where
        t1_0.deleted=false
Hibernate: 
    select
        t1_0.id,
        t1_0.category,
        t1_0.closed_at,
        t1_0.created_at,
        t1_0.customer_id,
        t1_0.deleted,
        t1_0.description,
        t1_0.executive_id,
        t1_0.priority,
        t1_0.product_id,
        t1_0.rating,
        t1_0.resolution_notes,
        t1_0.resolved_at,
        t1_0.status,
        t1_0.title,
        t1_0.updated_at 
    from
        tickets t1_0 
    where
        t1_0.deleted=false 
    order by
        case t1_0.priority 
            when 'CRITICAL' 
                then 1 
            when 'HIGH' 
                then 2 
            when 'MEDIUM' 
                then 3 
            when 'LOW' 
                then 4 
        end,
        t1_0.created_at
Hibernate: 
    select
        t1_0.id,
        t1_0.category,
        t1_0.closed_at,
        t1_0.created_at,
        t1_0.customer_id,
        t1_0.deleted,
        t1_0.description,
        t1_0.executive_id,
        t1_0.priority,
        t1_0.product_id,
        t1_0.rating,
        t1_0.resolution_notes,
        t1_0.resolved_at,
        t1_0.status,
        t1_0.title,
        t1_0.updated_at 
    from
        tickets t1_0 
    where
        t1_0.deleted=false 
    order by
        case t1_0.priority 
            when 'CRITICAL' 
                then 1 
            when 'HIGH' 
                then 2 
            when 'MEDIUM' 
                then 3 
            when 'LOW' 
                then 4 
        end,
        t1_0.created_at
Hibernate: 
    select
        t1_0.id,
        t1_0.category,
        t1_0.closed_at,
        t1_0.created_at,
        t1_0.customer_id,
        t1_0.deleted,
        t1_0.description,
        t1_0.executive_id,
        t1_0.priority,
        t1_0.product_id,
        t1_0.rating,
        t1_0.resolution_notes,
        t1_0.resolved_at,
        t1_0.status,
        t1_0.title,
        t1_0.updated_at 
    from
        tickets t1_0 
    where
        t1_0.deleted=false 
    order by
        case t1_0.priority 
            when 'CRITICAL' 
                then 1 
            when 'HIGH' 
                then 2 
            when 'MEDIUM' 
                then 3 
            when 'LOW' 
                then 4 
        end,
        t1_0.created_at
Hibernate: 
    select
        t1_0.id,
        t1_0.category,
        t1_0.closed_at,
        t1_0.created_at,
        t1_0.customer_id,
        t1_0.deleted,
        t1_0.description,
        t1_0.executive_id,
        t1_0.priority,
        t1_0.product_id,
        t1_0.rating,
        t1_0.resolution_notes,
        t1_0.resolved_at,
        t1_0.status,
        t1_0.title,
        t1_0.updated_at 
    from
        tickets t1_0 
    where
        t1_0.deleted=false 
    order by
        case t1_0.priority 
            when 'CRITICAL' 
                then 1 
            when 'HIGH' 
                then 2 
            when 'MEDIUM' 
                then 3 
            when 'LOW' 
                then 4 
        end,
        t1_0.created_at
Hibernate: 
    select
        t1_0.id,
        t1_0.category,
        t1_0.closed_at,
        t1_0.created_at,
        t1_0.customer_id,
        t1_0.deleted,
        t1_0.description,
        t1_0.executive_id,
        t1_0.priority,
        t1_0.product_id,
        t1_0.rating,
        t1_0.resolution_notes,
        t1_0.resolved_at,
        t1_0.status,
        t1_0.title,
        t1_0.updated_at 
    from
        tickets t1_0 
    where
        t1_0.customer_id=? 
        and t1_0.deleted=?
Hibernate: 
    select
        t1_0.id,
        t1_0.category,
        t1_0.closed_at,
        t1_0.created_at,
        t1_0.customer_id,
        t1_0.deleted,
        t1_0.description,
        t1_0.executive_id,
        t1_0.priority,
        t1_0.product_id,
        t1_0.rating,
        t1_0.resolution_notes,
        t1_0.resolved_at,
        t1_0.status,
        t1_0.title,
        t1_0.updated_at 
    from
        tickets t1_0 
    where
        t1_0.customer_id=? 
        and t1_0.deleted=?
Hibernate: 
    insert 
    into
        tickets
        (category, closed_at, created_at, customer_id, deleted, description, executive_id, priority, product_id, rating, resolution_notes, resolved_at, status, title, updated_at) 
    values
        (?, ?, ?, ?, ?, ?, ?, ?, ?, ?, ?, ?, ?, ?, ?)
Hibernate: 
    select
        t1_0.id,
        t1_0.category,
        t1_0.closed_at,
        t1_0.created_at,
        t1_0.customer_id,
        t1_0.deleted,
        t1_0.description,
        t1_0.executive_id,
        t1_0.priority,
        t1_0.product_id,
        t1_0.rating,
        t1_0.resolution_notes,
        t1_0.resolved_at,
        t1_0.status,
        t1_0.title,
        t1_0.updated_at 
    from
        tickets t1_0 
    where
        t1_0.customer_id=? 
        and t1_0.deleted=?
Hibernate: 
    select
        t1_0.id,
        t1_0.category,
        t1_0.closed_at,
        t1_0.created_at,
        t1_0.customer_id,
        t1_0.deleted,
        t1_0.description,
        t1_0.executive_id,
        t1_0.priority,
        t1_0.product_id,
        t1_0.rating,
        t1_0.resolution_notes,
        t1_0.resolved_at,
        t1_0.status,
        t1_0.title,
        t1_0.updated_at 
    from
        tickets t1_0 
    where
        t1_0.deleted=false 
    order by
        case t1_0.priority 
            when 'CRITICAL' 
                then 1 
            when 'HIGH' 
                then 2 
            when 'MEDIUM' 
                then 3 
            when 'LOW' 
                then 4 
        end,
        t1_0.created_at
Hibernate: 
    select
        t1_0.id,
        t1_0.category,
        t1_0.closed_at,
        t1_0.created_at,
        t1_0.customer_id,
        t1_0.deleted,
        t1_0.description,
        t1_0.executive_id,
        t1_0.priority,
        t1_0.product_id,
        t1_0.rating,
        t1_0.resolution_notes,
        t1_0.resolved_at,
        t1_0.status,
        t1_0.title,
        t1_0.updated_at 
    from
        tickets t1_0 
    where
        t1_0.deleted=false 
    order by
        case t1_0.priority 
            when 'CRITICAL' 
                then 1 
            when 'HIGH' 
                then 2 
            when 'MEDIUM' 
                then 3 
            when 'LOW' 
                then 4 
        end,
        t1_0.created_at
Hibernate: 
    select
        t1_0.id,
        t1_0.category,
        t1_0.closed_at,
        t1_0.created_at,
        t1_0.customer_id,
        t1_0.deleted,
        t1_0.description,
        t1_0.executive_id,
        t1_0.priority,
        t1_0.product_id,
        t1_0.rating,
        t1_0.resolution_notes,
        t1_0.resolved_at,
        t1_0.status,
        t1_0.title,
        t1_0.updated_at 
    from
        tickets t1_0 
    where
        t1_0.id=?
Hibernate: 
    update
        tickets 
    set
        category=?,
        closed_at=?,
        customer_id=?,
        deleted=?,
        description=?,
        executive_id=?,
        priority=?,
        product_id=?,
        rating=?,
        resolution_notes=?,
        resolved_at=?,
        status=?,
        title=?,
        updated_at=? 
    where
        id=?
Hibernate: 
    select
        t1_0.id,
        t1_0.category,
        t1_0.closed_at,
        t1_0.created_at,
        t1_0.customer_id,
        t1_0.deleted,
        t1_0.description,
        t1_0.executive_id,
        t1_0.priority,
        t1_0.product_id,
        t1_0.rating,
        t1_0.resolution_notes,
        t1_0.resolved_at,
        t1_0.status,
        t1_0.title,
        t1_0.updated_at 
    from
        tickets t1_0 
    where
        t1_0.deleted=false 
    order by
        case t1_0.priority 
            when 'CRITICAL' 
                then 1 
            when 'HIGH' 
                then 2 
            when 'MEDIUM' 
                then 3 
            when 'LOW' 
                then 4 
        end,
        t1_0.created_at
Hibernate: 
    select
        count(t1_0.id) 
    from
        tickets t1_0 
    where
        t1_0.status=? 
        and t1_0.deleted=false
Hibernate: 
    select
        count(t1_0.id) 
    from
        tickets t1_0 
    where
        t1_0.status=? 
        and t1_0.deleted=false
Hibernate: 
    select
        count(t1_0.id) 
    from
        tickets t1_0 
    where
        t1_0.status=? 
        and t1_0.deleted=false
Hibernate: 
    select
        count(t1_0.id) 
    from
        tickets t1_0 
    where
        t1_0.status=? 
        and t1_0.deleted=false
Hibernate: 
    select
        count(t1_0.id) 
    from
        tickets t1_0 
    where
        t1_0.status=? 
        and t1_0.deleted=false
Hibernate: 
    select
        count(t1_0.id) 
    from
        tickets t1_0 
    where
        t1_0.deleted=false
Hibernate: 
    select
        t1_0.id,
        t1_0.category,
        t1_0.closed_at,
        t1_0.created_at,
        t1_0.customer_id,
        t1_0.deleted,
        t1_0.description,
        t1_0.executive_id,
        t1_0.priority,
        t1_0.product_id,
        t1_0.rating,
        t1_0.resolution_notes,
        t1_0.resolved_at,
        t1_0.status,
        t1_0.title,
        t1_0.updated_at 
    from
        tickets t1_0 
    where
        t1_0.deleted=false 
    order by
        case t1_0.priority 
            when 'CRITICAL' 
                then 1 
            when 'HIGH' 
                then 2 
            when 'MEDIUM' 
                then 3 
            when 'LOW' 
                then 4 
        end,
        t1_0.created_at
Hibernate: 
    select
        t1_0.id,
        t1_0.category,
        t1_0.closed_at,
        t1_0.created_at,
        t1_0.customer_id,
        t1_0.deleted,
        t1_0.description,
        t1_0.executive_id,
        t1_0.priority,
        t1_0.product_id,
        t1_0.rating,
        t1_0.resolution_notes,
        t1_0.resolved_at,
        t1_0.status,
        t1_0.title,
        t1_0.updated_at 
    from
        tickets t1_0 
    where
        t1_0.deleted=false 
    order by
        case t1_0.priority 
            when 'CRITICAL' 
                then 1 
            when 'HIGH' 
                then 2 
            when 'MEDIUM' 
                then 3 
            when 'LOW' 
                then 4 
        end,
        t1_0.created_at
Hibernate: 
    select
        t1_0.id,
        t1_0.category,
        t1_0.closed_at,
        t1_0.created_at,
        t1_0.customer_id,
        t1_0.deleted,
        t1_0.description,
        t1_0.executive_id,
        t1_0.priority,
        t1_0.product_id,
        t1_0.rating,
        t1_0.resolution_notes,
        t1_0.resolved_at,
        t1_0.status,
        t1_0.title,
        t1_0.updated_at 
    from
        tickets t1_0 
    where
        t1_0.deleted=false 
    order by
        case t1_0.priority 
            when 'CRITICAL' 
                then 1 
            when 'HIGH' 
                then 2 
            when 'MEDIUM' 
                then 3 
            when 'LOW' 
                then 4 
        end,
        t1_0.created_at
Hibernate: 
    select
        t1_0.id,
        t1_0.category,
        t1_0.closed_at,
        t1_0.created_at,
        t1_0.customer_id,
        t1_0.deleted,
        t1_0.description,
        t1_0.executive_id,
        t1_0.priority,
        t1_0.product_id,
        t1_0.rating,
        t1_0.resolution_notes,
        t1_0.resolved_at,
        t1_0.status,
        t1_0.title,
        t1_0.updated_at 
    from
        tickets t1_0 
    where
        t1_0.executive_id=? 
        and t1_0.deleted=?
Hibernate: 
    select
        t1_0.id,
        t1_0.category,
        t1_0.closed_at,
        t1_0.created_at,
        t1_0.customer_id,
        t1_0.deleted,
        t1_0.description,
        t1_0.executive_id,
        t1_0.priority,
        t1_0.product_id,
        t1_0.rating,
        t1_0.resolution_notes,
        t1_0.resolved_at,
        t1_0.status,
        t1_0.title,
        t1_0.updated_at 
    from
        tickets t1_0 
    where
        t1_0.executive_id=? 
        and t1_0.deleted=?
Hibernate: 
    select
        t1_0.id,
        t1_0.category,
        t1_0.closed_at,
        t1_0.created_at,
        t1_0.customer_id,
        t1_0.deleted,
        t1_0.description,
        t1_0.executive_id,
        t1_0.priority,
        t1_0.product_id,
        t1_0.rating,
        t1_0.resolution_notes,
        t1_0.resolved_at,
        t1_0.status,
        t1_0.title,
        t1_0.updated_at 
    from
        tickets t1_0 
    where
        t1_0.customer_id=? 
        and t1_0.deleted=?
Hibernate: 
    select
        t1_0.id,
        t1_0.category,
        t1_0.closed_at,
        t1_0.created_at,
        t1_0.customer_id,
        t1_0.deleted,
        t1_0.description,
        t1_0.executive_id,
        t1_0.priority,
        t1_0.product_id,
        t1_0.rating,
        t1_0.resolution_notes,
        t1_0.resolved_at,
        t1_0.status,
        t1_0.title,
        t1_0.updated_at 
    from
        tickets t1_0 
    where
        t1_0.executive_id=? 
        and t1_0.deleted=?
Hibernate: 
    select
        t1_0.id,
        t1_0.category,
        t1_0.closed_at,
        t1_0.created_at,
        t1_0.customer_id,
        t1_0.deleted,
        t1_0.description,
        t1_0.executive_id,
        t1_0.priority,
        t1_0.product_id,
        t1_0.rating,
        t1_0.resolution_notes,
        t1_0.resolved_at,
        t1_0.status,
        t1_0.title,
        t1_0.updated_at 
    from
        tickets t1_0 
    where
        t1_0.executive_id=? 
        and t1_0.deleted=?
Hibernate: 
    select
        t1_0.id,
        t1_0.category,
        t1_0.closed_at,
        t1_0.created_at,
        t1_0.customer_id,
        t1_0.deleted,
        t1_0.description,
        t1_0.executive_id,
        t1_0.priority,
        t1_0.product_id,
        t1_0.rating,
        t1_0.resolution_notes,
        t1_0.resolved_at,
        t1_0.status,
        t1_0.title,
        t1_0.updated_at 
    from
        tickets t1_0 
    where
        t1_0.id=?
Hibernate: 
    select
        t1_0.id,
        t1_0.category,
        t1_0.closed_at,
        t1_0.created_at,
        t1_0.customer_id,
        t1_0.deleted,
        t1_0.description,
        t1_0.executive_id,
        t1_0.priority,
        t1_0.product_id,
        t1_0.rating,
        t1_0.resolution_notes,
        t1_0.resolved_at,
        t1_0.status,
        t1_0.title,
        t1_0.updated_at 
    from
        tickets t1_0 
    where
        t1_0.customer_id=? 
        and t1_0.deleted=?
Hibernate: 
    select
        t1_0.id,
        t1_0.category,
        t1_0.closed_at,
        t1_0.created_at,
        t1_0.customer_id,
        t1_0.deleted,
        t1_0.description,
        t1_0.executive_id,
        t1_0.priority,
        t1_0.product_id,
        t1_0.rating,
        t1_0.resolution_notes,
        t1_0.resolved_at,
        t1_0.status,
        t1_0.title,
        t1_0.updated_at 
    from
        tickets t1_0 
    where
        t1_0.id=?
Hibernate: 
    select
        t1_0.id,
        t1_0.category,
        t1_0.closed_at,
        t1_0.created_at,
        t1_0.customer_id,
        t1_0.deleted,
        t1_0.description,
        t1_0.executive_id,
        t1_0.priority,
        t1_0.product_id,
        t1_0.rating,
        t1_0.resolution_notes,
        t1_0.resolved_at,
        t1_0.status,
        t1_0.title,
        t1_0.updated_at 
    from
        tickets t1_0 
    where
        t1_0.id=?
Hibernate: 
    select
        t1_0.id,
        t1_0.category,
        t1_0.closed_at,
        t1_0.created_at,
        t1_0.customer_id,
        t1_0.deleted,
        t1_0.description,
        t1_0.executive_id,
        t1_0.priority,
        t1_0.product_id,
        t1_0.rating,
        t1_0.resolution_notes,
        t1_0.resolved_at,
        t1_0.status,
        t1_0.title,
        t1_0.updated_at 
    from
        tickets t1_0 
    where
        t1_0.id=?
Hibernate: 
    select
        t1_0.id,
        t1_0.category,
        t1_0.closed_at,
        t1_0.created_at,
        t1_0.customer_id,
        t1_0.deleted,
        t1_0.description,
        t1_0.executive_id,
        t1_0.priority,
        t1_0.product_id,
        t1_0.rating,
        t1_0.resolution_notes,
        t1_0.resolved_at,
        t1_0.status,
        t1_0.title,
        t1_0.updated_at 
    from
        tickets t1_0 
    where
        t1_0.id=?
Hibernate: 
    select
        t1_0.id,
        t1_0.category,
        t1_0.closed_at,
        t1_0.created_at,
        t1_0.customer_id,
        t1_0.deleted,
        t1_0.description,
        t1_0.executive_id,
        t1_0.priority,
        t1_0.product_id,
        t1_0.rating,
        t1_0.resolution_notes,
        t1_0.resolved_at,
        t1_0.status,
        t1_0.title,
        t1_0.updated_at 
    from
        tickets t1_0 
    where
        t1_0.id=?
Hibernate: 
    select
        t1_0.id,
        t1_0.category,
        t1_0.closed_at,
        t1_0.created_at,
        t1_0.customer_id,
        t1_0.deleted,
        t1_0.description,
        t1_0.executive_id,
        t1_0.priority,
        t1_0.product_id,
        t1_0.rating,
        t1_0.resolution_notes,
        t1_0.resolved_at,
        t1_0.status,
        t1_0.title,
        t1_0.updated_at 
    from
        tickets t1_0 
    where
        t1_0.customer_id=? 
        and t1_0.deleted=?
Hibernate: 
    select
        t1_0.id,
        t1_0.category,
        t1_0.closed_at,
        t1_0.created_at,
        t1_0.customer_id,
        t1_0.deleted,
        t1_0.description,
        t1_0.executive_id,
        t1_0.priority,
        t1_0.product_id,
        t1_0.rating,
        t1_0.resolution_notes,
        t1_0.resolved_at,
        t1_0.status,
        t1_0.title,
        t1_0.updated_at 
    from
        tickets t1_0 
    where
        t1_0.id=?
Hibernate: 
    select
        t1_0.id,
        t1_0.category,
        t1_0.closed_at,
        t1_0.created_at,
        t1_0.customer_id,
        t1_0.deleted,
        t1_0.description,
        t1_0.executive_id,
        t1_0.priority,
        t1_0.product_id,
        t1_0.rating,
        t1_0.resolution_notes,
        t1_0.resolved_at,
        t1_0.status,
        t1_0.title,
        t1_0.updated_at 
    from
        tickets t1_0 
    where
        t1_0.customer_id=? 
        and t1_0.deleted=?
Hibernate: 
    select
        t1_0.id,
        t1_0.category,
        t1_0.closed_at,
        t1_0.created_at,
        t1_0.customer_id,
        t1_0.deleted,
        t1_0.description,
        t1_0.executive_id,
        t1_0.priority,
        t1_0.product_id,
        t1_0.rating,
        t1_0.resolution_notes,
        t1_0.resolved_at,
        t1_0.status,
        t1_0.title,
        t1_0.updated_at 
    from
        tickets t1_0 
    where
        t1_0.id=?
Hibernate: 
    select
        t1_0.id,
        t1_0.category,
        t1_0.closed_at,
        t1_0.created_at,
        t1_0.customer_id,
        t1_0.deleted,
        t1_0.description,
        t1_0.executive_id,
        t1_0.priority,
        t1_0.product_id,
        t1_0.rating,
        t1_0.resolution_notes,
        t1_0.resolved_at,
        t1_0.status,
        t1_0.title,
        t1_0.updated_at 
    from
        tickets t1_0 
    where
        t1_0.id=?
Hibernate: 
    update
        tickets 
    set
        category=?,
        closed_at=?,
        customer_id=?,
        deleted=?,
        description=?,
        executive_id=?,
        priority=?,
        product_id=?,
        rating=?,
        resolution_notes=?,
        resolved_at=?,
        status=?,
        title=?,
        updated_at=? 
    where
        id=?
Hibernate: 
    select
        t1_0.id,
        t1_0.category,
        t1_0.closed_at,
        t1_0.created_at,
        t1_0.customer_id,
        t1_0.deleted,
        t1_0.description,
        t1_0.executive_id,
        t1_0.priority,
        t1_0.product_id,
        t1_0.rating,
        t1_0.resolution_notes,
        t1_0.resolved_at,
        t1_0.status,
        t1_0.title,
        t1_0.updated_at 
    from
        tickets t1_0 
    where
        t1_0.id=?
Hibernate: 
    update
        tickets 
    set
        category=?,
        closed_at=?,
        customer_id=?,
        deleted=?,
        description=?,
        executive_id=?,
        priority=?,
        product_id=?,
        rating=?,
        resolution_notes=?,
        resolved_at=?,
        status=?,
        title=?,
        updated_at=? 
    where
        id=?
Hibernate: 
    select
        t1_0.id,
        t1_0.category,
        t1_0.closed_at,
        t1_0.created_at,
        t1_0.customer_id,
        t1_0.deleted,
        t1_0.description,
        t1_0.executive_id,
        t1_0.priority,
        t1_0.product_id,
        t1_0.rating,
        t1_0.resolution_notes,
        t1_0.resolved_at,
        t1_0.status,
        t1_0.title,
        t1_0.updated_at 
    from
        tickets t1_0 
    where
        t1_0.customer_id=? 
        and t1_0.deleted=?
Hibernate: 
    select
        t1_0.id,
        t1_0.category,
        t1_0.closed_at,
        t1_0.created_at,
        t1_0.customer_id,
        t1_0.deleted,
        t1_0.description,
        t1_0.executive_id,
        t1_0.priority,
        t1_0.product_id,
        t1_0.rating,
        t1_0.resolution_notes,
        t1_0.resolved_at,
        t1_0.status,
        t1_0.title,
        t1_0.updated_at 
    from
        tickets t1_0 
    where
        t1_0.executive_id=? 
        and t1_0.deleted=?
Hibernate: 
    select
        t1_0.id,
        t1_0.category,
        t1_0.closed_at,
        t1_0.created_at,
        t1_0.customer_id,
        t1_0.deleted,
        t1_0.description,
        t1_0.executive_id,
        t1_0.priority,
        t1_0.product_id,
        t1_0.rating,
        t1_0.resolution_notes,
        t1_0.resolved_at,
        t1_0.status,
        t1_0.title,
        t1_0.updated_at 
    from
        tickets t1_0 
    where
        t1_0.executive_id=? 
        and t1_0.deleted=?
Hibernate: 
    select
        t1_0.id,
        t1_0.category,
        t1_0.closed_at,
        t1_0.created_at,
        t1_0.customer_id,
        t1_0.deleted,
        t1_0.description,
        t1_0.executive_id,
        t1_0.priority,
        t1_0.product_id,
        t1_0.rating,
        t1_0.resolution_notes,
        t1_0.resolved_at,
        t1_0.status,
        t1_0.title,
        t1_0.updated_at 
    from
        tickets t1_0 
    where
        t1_0.executive_id=? 
        and t1_0.deleted=?
Hibernate: 
    select
        t1_0.id,
        t1_0.category,
        t1_0.closed_at,
        t1_0.created_at,
        t1_0.customer_id,
        t1_0.deleted,
        t1_0.description,
        t1_0.executive_id,
        t1_0.priority,
        t1_0.product_id,
        t1_0.rating,
        t1_0.resolution_notes,
        t1_0.resolved_at,
        t1_0.status,
        t1_0.title,
        t1_0.updated_at 
    from
        tickets t1_0 
    where
        t1_0.id=?
Hibernate: 
    select
        t1_0.id,
        t1_0.category,
        t1_0.closed_at,
        t1_0.created_at,
        t1_0.customer_id,
        t1_0.deleted,
        t1_0.description,
        t1_0.executive_id,
        t1_0.priority,
        t1_0.product_id,
        t1_0.rating,
        t1_0.resolution_notes,
        t1_0.resolved_at,
        t1_0.status,
        t1_0.title,
        t1_0.updated_at 
    from
        tickets t1_0 
    where
        t1_0.id=?
Hibernate: 
    select
        t1_0.id,
        t1_0.category,
        t1_0.closed_at,
        t1_0.created_at,
        t1_0.customer_id,
        t1_0.deleted,
        t1_0.description,
        t1_0.executive_id,
        t1_0.priority,
        t1_0.product_id,
        t1_0.rating,
        t1_0.resolution_notes,
        t1_0.resolved_at,
        t1_0.status,
        t1_0.title,
        t1_0.updated_at 
    from
        tickets t1_0 
    where
        t1_0.customer_id=? 
        and t1_0.deleted=?
Hibernate: 
    select
        t1_0.id,
        t1_0.category,
        t1_0.closed_at,
        t1_0.created_at,
        t1_0.customer_id,
        t1_0.deleted,
        t1_0.description,
        t1_0.executive_id,
        t1_0.priority,
        t1_0.product_id,
        t1_0.rating,
        t1_0.resolution_notes,
        t1_0.resolved_at,
        t1_0.status,
        t1_0.title,
        t1_0.updated_at 
    from
        tickets t1_0 
    where
        t1_0.customer_id=? 
        and t1_0.deleted=?
Hibernate: 
    insert 
    into
        tickets
        (category, closed_at, created_at, customer_id, deleted, description, executive_id, priority, product_id, rating, resolution_notes, resolved_at, status, title, updated_at) 
    values
        (?, ?, ?, ?, ?, ?, ?, ?, ?, ?, ?, ?, ?, ?, ?)
Hibernate: 
    select
        t1_0.id,
        t1_0.category,
        t1_0.closed_at,
        t1_0.created_at,
        t1_0.customer_id,
        t1_0.deleted,
        t1_0.description,
        t1_0.executive_id,
        t1_0.priority,
        t1_0.product_id,
        t1_0.rating,
        t1_0.resolution_notes,
        t1_0.resolved_at,
        t1_0.status,
        t1_0.title,
        t1_0.updated_at 
    from
        tickets t1_0 
    where
        t1_0.customer_id=? 
        and t1_0.deleted=?
Hibernate: 
    select
        t1_0.id,
        t1_0.category,
        t1_0.closed_at,
        t1_0.created_at,
        t1_0.customer_id,
        t1_0.deleted,
        t1_0.description,
        t1_0.executive_id,
        t1_0.priority,
        t1_0.product_id,
        t1_0.rating,
        t1_0.resolution_notes,
        t1_0.resolved_at,
        t1_0.status,
        t1_0.title,
        t1_0.updated_at 
    from
        tickets t1_0 
    where
        t1_0.customer_id=? 
        and t1_0.deleted=?
Hibernate: 
    select
        t1_0.id,
        t1_0.category,
        t1_0.closed_at,
        t1_0.created_at,
        t1_0.customer_id,
        t1_0.deleted,
        t1_0.description,
        t1_0.executive_id,
        t1_0.priority,
        t1_0.product_id,
        t1_0.rating,
        t1_0.resolution_notes,
        t1_0.resolved_at,
        t1_0.status,
        t1_0.title,
        t1_0.updated_at 
    from
        tickets t1_0 
    where
        t1_0.customer_id=? 
        and t1_0.deleted=?
Hibernate: 
    select
        t1_0.id,
        t1_0.category,
        t1_0.closed_at,
        t1_0.created_at,
        t1_0.customer_id,
        t1_0.deleted,
        t1_0.description,
        t1_0.executive_id,
        t1_0.priority,
        t1_0.product_id,
        t1_0.rating,
        t1_0.resolution_notes,
        t1_0.resolved_at,
        t1_0.status,
        t1_0.title,
        t1_0.updated_at 
    from
        tickets t1_0 
    where
        t1_0.customer_id=? 
        and t1_0.deleted=?
Hibernate: 
    select
        count(t1_0.id) 
    from
        tickets t1_0 
    where
        t1_0.status=? 
        and t1_0.deleted=false
Hibernate: 
    select
        count(t1_0.id) 
    from
        tickets t1_0 
    where
        t1_0.status=? 
        and t1_0.deleted=false
Hibernate: 
    select
        count(t1_0.id) 
    from
        tickets t1_0 
    where
        t1_0.status=? 
        and t1_0.deleted=false
Hibernate: 
    select
        count(t1_0.id) 
    from
        tickets t1_0 
    where
        t1_0.status=? 
        and t1_0.deleted=false
Hibernate: 
    select
        count(t1_0.id) 
    from
        tickets t1_0 
    where
        t1_0.status=? 
        and t1_0.deleted=false
Hibernate: 
    select
        count(t1_0.id) 
    from
        tickets t1_0 
    where
        t1_0.deleted=false
Hibernate: 
    select
        t1_0.id,
        t1_0.category,
        t1_0.closed_at,
        t1_0.created_at,
        t1_0.customer_id,
        t1_0.deleted,
        t1_0.description,
        t1_0.executive_id,
        t1_0.priority,
        t1_0.product_id,
        t1_0.rating,
        t1_0.resolution_notes,
        t1_0.resolved_at,
        t1_0.status,
        t1_0.title,
        t1_0.updated_at 
    from
        tickets t1_0 
    where
        t1_0.deleted=false 
    order by
        case t1_0.priority 
            when 'CRITICAL' 
                then 1 
            when 'HIGH' 
                then 2 
            when 'MEDIUM' 
                then 3 
            when 'LOW' 
                then 4 
        end,
        t1_0.created_at
Hibernate: 
    select
        t1_0.id,
        t1_0.category,
        t1_0.closed_at,
        t1_0.created_at,
        t1_0.customer_id,
        t1_0.deleted,
        t1_0.description,
        t1_0.executive_id,
        t1_0.priority,
        t1_0.product_id,
        t1_0.rating,
        t1_0.resolution_notes,
        t1_0.resolved_at,
        t1_0.status,
        t1_0.title,
        t1_0.updated_at 
    from
        tickets t1_0 
    where
        t1_0.deleted=false 
    order by
        case t1_0.priority 
            when 'CRITICAL' 
                then 1 
            when 'HIGH' 
                then 2 
            when 'MEDIUM' 
                then 3 
            when 'LOW' 
                then 4 
        end,
        t1_0.created_at
Hibernate: 
    select
        t1_0.id,
        t1_0.category,
        t1_0.closed_at,
        t1_0.created_at,
        t1_0.customer_id,
        t1_0.deleted,
        t1_0.description,
        t1_0.executive_id,
        t1_0.priority,
        t1_0.product_id,
        t1_0.rating,
        t1_0.resolution_notes,
        t1_0.resolved_at,
        t1_0.status,
        t1_0.title,
        t1_0.updated_at 
    from
        tickets t1_0 
    where
        t1_0.deleted=false 
    order by
        case t1_0.priority 
            when 'CRITICAL' 
                then 1 
            when 'HIGH' 
                then 2 
            when 'MEDIUM' 
                then 3 
            when 'LOW' 
                then 4 
        end,
        t1_0.created_at
Hibernate: 
    select
        t1_0.id,
        t1_0.category,
        t1_0.closed_at,
        t1_0.created_at,
        t1_0.customer_id,
        t1_0.deleted,
        t1_0.description,
        t1_0.executive_id,
        t1_0.priority,
        t1_0.product_id,
        t1_0.rating,
        t1_0.resolution_notes,
        t1_0.resolved_at,
        t1_0.status,
        t1_0.title,
        t1_0.updated_at 
    from
        tickets t1_0 
    where
        t1_0.customer_id=? 
        and t1_0.deleted=?
Hibernate: 
    select
        t1_0.id,
        t1_0.category,
        t1_0.closed_at,
        t1_0.created_at,
        t1_0.customer_id,
        t1_0.deleted,
        t1_0.description,
        t1_0.executive_id,
        t1_0.priority,
        t1_0.product_id,
        t1_0.rating,
        t1_0.resolution_notes,
        t1_0.resolved_at,
        t1_0.status,
        t1_0.title,
        t1_0.updated_at 
    from
        tickets t1_0 
    where
        t1_0.customer_id=? 
        and t1_0.deleted=?
Hibernate: 
    select
        count(t1_0.id) 
    from
        tickets t1_0 
    where
        t1_0.status=? 
        and t1_0.deleted=false
Hibernate: 
    select
        count(t1_0.id) 
    from
        tickets t1_0 
    where
        t1_0.status=? 
        and t1_0.deleted=false
Hibernate: 
    select
        count(t1_0.id) 
    from
        tickets t1_0 
    where
        t1_0.status=? 
        and t1_0.deleted=false
Hibernate: 
    select
        count(t1_0.id) 
    from
        tickets t1_0 
    where
        t1_0.status=? 
        and t1_0.deleted=false
Hibernate: 
    select
        count(t1_0.id) 
    from
        tickets t1_0 
    where
        t1_0.status=? 
        and t1_0.deleted=false
Hibernate: 
    select
        count(t1_0.id) 
    from
        tickets t1_0 
    where
        t1_0.deleted=false
Hibernate: 
    select
        t1_0.id,
        t1_0.category,
        t1_0.closed_at,
        t1_0.created_at,
        t1_0.customer_id,
        t1_0.deleted,
        t1_0.description,
        t1_0.executive_id,
        t1_0.priority,
        t1_0.product_id,
        t1_0.rating,
        t1_0.resolution_notes,
        t1_0.resolved_at,
        t1_0.status,
        t1_0.title,
        t1_0.updated_at 
    from
        tickets t1_0 
    where
        t1_0.deleted=false 
    order by
        case t1_0.priority 
            when 'CRITICAL' 
                then 1 
            when 'HIGH' 
                then 2 
            when 'MEDIUM' 
                then 3 
            when 'LOW' 
                then 4 
        end,
        t1_0.created_at
Hibernate: 
    select
        t1_0.id,
        t1_0.category,
        t1_0.closed_at,
        t1_0.created_at,
        t1_0.customer_id,
        t1_0.deleted,
        t1_0.description,
        t1_0.executive_id,
        t1_0.priority,
        t1_0.product_id,
        t1_0.rating,
        t1_0.resolution_notes,
        t1_0.resolved_at,
        t1_0.status,
        t1_0.title,
        t1_0.updated_at 
    from
        tickets t1_0 
    where
        t1_0.deleted=false 
    order by
        case t1_0.priority 
            when 'CRITICAL' 
                then 1 
            when 'HIGH' 
                then 2 
            when 'MEDIUM' 
                then 3 
            when 'LOW' 
                then 4 
        end,
        t1_0.created_at
Hibernate: 
    select
        t1_0.id,
        t1_0.category,
        t1_0.closed_at,
        t1_0.created_at,
        t1_0.customer_id,
        t1_0.deleted,
        t1_0.description,
        t1_0.executive_id,
        t1_0.priority,
        t1_0.product_id,
        t1_0.rating,
        t1_0.resolution_notes,
        t1_0.resolved_at,
        t1_0.status,
        t1_0.title,
        t1_0.updated_at 
    from
        tickets t1_0 
    where
        t1_0.deleted=false 
    order by
        case t1_0.priority 
            when 'CRITICAL' 
                then 1 
            when 'HIGH' 
                then 2 
            when 'MEDIUM' 
                then 3 
            when 'LOW' 
                then 4 
        end,
        t1_0.created_at
2026-01-25T14:56:03.421+05:30  WARN 9673 --- [ticket-service] [nio-9102-exec-1] com.zaxxer.hikari.pool.PoolBase          : HikariPool-1 - Failed to validate connection org.postgresql.jdbc.PgConnection@134ec60b (This connection has been closed.). Possibly consider using a shorter maxLifetime value.
2026-01-25T14:56:03.422+05:30  WARN 9673 --- [ticket-service] [nio-9102-exec-1] com.zaxxer.hikari.pool.PoolBase          : HikariPool-1 - Failed to validate connection org.postgresql.jdbc.PgConnection@53e78bd9 (This connection has been closed.). Possibly consider using a shorter maxLifetime value.
2026-01-25T14:56:03.423+05:30  WARN 9673 --- [ticket-service] [nio-9102-exec-1] com.zaxxer.hikari.pool.PoolBase          : HikariPool-1 - Failed to validate connection org.postgresql.jdbc.PgConnection@29ca917b (This connection has been closed.). Possibly consider using a shorter maxLifetime value.
2026-01-25T14:56:03.423+05:30  WARN 9673 --- [ticket-service] [nio-9102-exec-1] com.zaxxer.hikari.pool.PoolBase          : HikariPool-1 - Failed to validate connection org.postgresql.jdbc.PgConnection@4c5164d7 (This connection has been closed.). Possibly consider using a shorter maxLifetime value.
Hibernate: 
    select
        t1_0.id,
        t1_0.category,
        t1_0.closed_at,
        t1_0.created_at,
        t1_0.customer_id,
        t1_0.deleted,
        t1_0.description,
        t1_0.executive_id,
        t1_0.priority,
        t1_0.product_id,
        t1_0.rating,
        t1_0.resolution_notes,
        t1_0.resolved_at,
        t1_0.status,
        t1_0.title,
        t1_0.updated_at 
    from
        tickets t1_0 
    where
        t1_0.customer_id=? 
        and t1_0.deleted=?
Hibernate: 
    select
        t1_0.id,
        t1_0.category,
        t1_0.closed_at,
        t1_0.created_at,
        t1_0.customer_id,
        t1_0.deleted,
        t1_0.description,
        t1_0.executive_id,
        t1_0.priority,
        t1_0.product_id,
        t1_0.rating,
        t1_0.resolution_notes,
        t1_0.resolved_at,
        t1_0.status,
        t1_0.title,
        t1_0.updated_at 
    from
        tickets t1_0 
    where
        t1_0.deleted=false 
    order by
        case t1_0.priority 
            when 'CRITICAL' 
                then 1 
            when 'HIGH' 
                then 2 
            when 'MEDIUM' 
                then 3 
            when 'LOW' 
                then 4 
        end,
        t1_0.created_at
Hibernate: 
    select
        t1_0.id,
        t1_0.category,
        t1_0.closed_at,
        t1_0.created_at,
        t1_0.customer_id,
        t1_0.deleted,
        t1_0.description,
        t1_0.executive_id,
        t1_0.priority,
        t1_0.product_id,
        t1_0.rating,
        t1_0.resolution_notes,
        t1_0.resolved_at,
        t1_0.status,
        t1_0.title,
        t1_0.updated_at 
    from
        tickets t1_0 
    where
        t1_0.deleted=false 
    order by
        case t1_0.priority 
            when 'CRITICAL' 
                then 1 
            when 'HIGH' 
                then 2 
            when 'MEDIUM' 
                then 3 
            when 'LOW' 
                then 4 
        end,
        t1_0.created_at
Hibernate: 
    select
        t1_0.id,
        t1_0.category,
        t1_0.closed_at,
        t1_0.created_at,
        t1_0.customer_id,
        t1_0.deleted,
        t1_0.description,
        t1_0.executive_id,
        t1_0.priority,
        t1_0.product_id,
        t1_0.rating,
        t1_0.resolution_notes,
        t1_0.resolved_at,
        t1_0.status,
        t1_0.title,
        t1_0.updated_at 
    from
        tickets t1_0 
    where
        t1_0.customer_id=? 
        and t1_0.deleted=?
Hibernate: 
    select
        t1_0.id,
        t1_0.category,
        t1_0.closed_at,
        t1_0.created_at,
        t1_0.customer_id,
        t1_0.deleted,
        t1_0.description,
        t1_0.executive_id,
        t1_0.priority,
        t1_0.product_id,
        t1_0.rating,
        t1_0.resolution_notes,
        t1_0.resolved_at,
        t1_0.status,
        t1_0.title,
        t1_0.updated_at 
    from
        tickets t1_0 
    where
        t1_0.customer_id=? 
        and t1_0.deleted=?
Hibernate: 
    select
        t1_0.id,
        t1_0.category,
        t1_0.closed_at,
        t1_0.created_at,
        t1_0.customer_id,
        t1_0.deleted,
        t1_0.description,
        t1_0.executive_id,
        t1_0.priority,
        t1_0.product_id,
        t1_0.rating,
        t1_0.resolution_notes,
        t1_0.resolved_at,
        t1_0.status,
        t1_0.title,
        t1_0.updated_at 
    from
        tickets t1_0 
    where
        t1_0.id=?
Hibernate: 
    update
        tickets 
    set
        category=?,
        closed_at=?,
        customer_id=?,
        deleted=?,
        description=?,
        executive_id=?,
        priority=?,
        product_id=?,
        rating=?,
        resolution_notes=?,
        resolved_at=?,
        status=?,
        title=?,
        updated_at=? 
    where
        id=?
Hibernate: 
    select
        t1_0.id,
        t1_0.category,
        t1_0.closed_at,
        t1_0.created_at,
        t1_0.customer_id,
        t1_0.deleted,
        t1_0.description,
        t1_0.executive_id,
        t1_0.priority,
        t1_0.product_id,
        t1_0.rating,
        t1_0.resolution_notes,
        t1_0.resolved_at,
        t1_0.status,
        t1_0.title,
        t1_0.updated_at 
    from
        tickets t1_0 
    where
        t1_0.deleted=false 
    order by
        case t1_0.priority 
            when 'CRITICAL' 
                then 1 
            when 'HIGH' 
                then 2 
            when 'MEDIUM' 
                then 3 
            when 'LOW' 
                then 4 
        end,
        t1_0.created_at
Hibernate: 
    select
        count(t1_0.id) 
    from
        tickets t1_0 
    where
        t1_0.status=? 
        and t1_0.deleted=false
Hibernate: 
    select
        count(t1_0.id) 
    from
        tickets t1_0 
    where
        t1_0.status=? 
        and t1_0.deleted=false
Hibernate: 
    select
        count(t1_0.id) 
    from
        tickets t1_0 
    where
        t1_0.status=? 
        and t1_0.deleted=false
Hibernate: 
    select
        count(t1_0.id) 
    from
        tickets t1_0 
    where
        t1_0.status=? 
        and t1_0.deleted=false
Hibernate: 
    select
        count(t1_0.id) 
    from
        tickets t1_0 
    where
        t1_0.status=? 
        and t1_0.deleted=false
Hibernate: 
    select
        count(t1_0.id) 
    from
        tickets t1_0 
    where
        t1_0.deleted=false
Hibernate: 
    select
        t1_0.id,
        t1_0.category,
        t1_0.closed_at,
        t1_0.created_at,
        t1_0.customer_id,
        t1_0.deleted,
        t1_0.description,
        t1_0.executive_id,
        t1_0.priority,
        t1_0.product_id,
        t1_0.rating,
        t1_0.resolution_notes,
        t1_0.resolved_at,
        t1_0.status,
        t1_0.title,
        t1_0.updated_at 
    from
        tickets t1_0 
    where
        t1_0.deleted=false 
    order by
        case t1_0.priority 
            when 'CRITICAL' 
                then 1 
            when 'HIGH' 
                then 2 
            when 'MEDIUM' 
                then 3 
            when 'LOW' 
                then 4 
        end,
        t1_0.created_at
Hibernate: 
    select
        t1_0.id,
        t1_0.category,
        t1_0.closed_at,
        t1_0.created_at,
        t1_0.customer_id,
        t1_0.deleted,
        t1_0.description,
        t1_0.executive_id,
        t1_0.priority,
        t1_0.product_id,
        t1_0.rating,
        t1_0.resolution_notes,
        t1_0.resolved_at,
        t1_0.status,
        t1_0.title,
        t1_0.updated_at 
    from
        tickets t1_0 
    where
        t1_0.deleted=false 
    order by
        case t1_0.priority 
            when 'CRITICAL' 
                then 1 
            when 'HIGH' 
                then 2 
            when 'MEDIUM' 
                then 3 
            when 'LOW' 
                then 4 
        end,
        t1_0.created_at
Hibernate: 
    select
        t1_0.id,
        t1_0.category,
        t1_0.closed_at,
        t1_0.created_at,
        t1_0.customer_id,
        t1_0.deleted,
        t1_0.description,
        t1_0.executive_id,
        t1_0.priority,
        t1_0.product_id,
        t1_0.rating,
        t1_0.resolution_notes,
        t1_0.resolved_at,
        t1_0.status,
        t1_0.title,
        t1_0.updated_at 
    from
        tickets t1_0 
    where
        t1_0.deleted=false 
    order by
        case t1_0.priority 
            when 'CRITICAL' 
                then 1 
            when 'HIGH' 
                then 2 
            when 'MEDIUM' 
                then 3 
            when 'LOW' 
                then 4 
        end,
        t1_0.created_at
Hibernate: 
    select
        t1_0.id,
        t1_0.category,
        t1_0.closed_at,
        t1_0.created_at,
        t1_0.customer_id,
        t1_0.deleted,
        t1_0.description,
        t1_0.executive_id,
        t1_0.priority,
        t1_0.product_id,
        t1_0.rating,
        t1_0.resolution_notes,
        t1_0.resolved_at,
        t1_0.status,
        t1_0.title,
        t1_0.updated_at 
    from
        tickets t1_0 
    where
        t1_0.customer_id=? 
        and t1_0.deleted=?
Hibernate: 
    select
        t1_0.id,
        t1_0.category,
        t1_0.closed_at,
        t1_0.created_at,
        t1_0.customer_id,
        t1_0.deleted,
        t1_0.description,
        t1_0.executive_id,
        t1_0.priority,
        t1_0.product_id,
        t1_0.rating,
        t1_0.resolution_notes,
        t1_0.resolved_at,
        t1_0.status,
        t1_0.title,
        t1_0.updated_at 
    from
        tickets t1_0 
    where
        t1_0.customer_id=? 
        and t1_0.deleted=?
Hibernate: 
    select
        t1_0.id,
        t1_0.category,
        t1_0.closed_at,
        t1_0.created_at,
        t1_0.customer_id,
        t1_0.deleted,
        t1_0.description,
        t1_0.executive_id,
        t1_0.priority,
        t1_0.product_id,
        t1_0.rating,
        t1_0.resolution_notes,
        t1_0.resolved_at,
        t1_0.status,
        t1_0.title,
        t1_0.updated_at 
    from
        tickets t1_0 
    where
        t1_0.customer_id=? 
        and t1_0.deleted=?
Hibernate: 
    select
        t1_0.id,
        t1_0.category,
        t1_0.closed_at,
        t1_0.created_at,
        t1_0.customer_id,
        t1_0.deleted,
        t1_0.description,
        t1_0.executive_id,
        t1_0.priority,
        t1_0.product_id,
        t1_0.rating,
        t1_0.resolution_notes,
        t1_0.resolved_at,
        t1_0.status,
        t1_0.title,
        t1_0.updated_at 
    from
        tickets t1_0 
    where
        t1_0.id=?
Hibernate: 
    select
        t1_0.id,
        t1_0.category,
        t1_0.closed_at,
        t1_0.created_at,
        t1_0.customer_id,
        t1_0.deleted,
        t1_0.description,
        t1_0.executive_id,
        t1_0.priority,
        t1_0.product_id,
        t1_0.rating,
        t1_0.resolution_notes,
        t1_0.resolved_at,
        t1_0.status,
        t1_0.title,
        t1_0.updated_at 
    from
        tickets t1_0 
    where
        t1_0.executive_id=? 
        and t1_0.deleted=?
Hibernate: 
    select
        t1_0.id,
        t1_0.category,
        t1_0.closed_at,
        t1_0.created_at,
        t1_0.customer_id,
        t1_0.deleted,
        t1_0.description,
        t1_0.executive_id,
        t1_0.priority,
        t1_0.product_id,
        t1_0.rating,
        t1_0.resolution_notes,
        t1_0.resolved_at,
        t1_0.status,
        t1_0.title,
        t1_0.updated_at 
    from
        tickets t1_0 
    where
        t1_0.executive_id=? 
        and t1_0.deleted=?
Hibernate: 
    select
        t1_0.id,
        t1_0.category,
        t1_0.closed_at,
        t1_0.created_at,
        t1_0.customer_id,
        t1_0.deleted,
        t1_0.description,
        t1_0.executive_id,
        t1_0.priority,
        t1_0.product_id,
        t1_0.rating,
        t1_0.resolution_notes,
        t1_0.resolved_at,
        t1_0.status,
        t1_0.title,
        t1_0.updated_at 
    from
        tickets t1_0 
    where
        t1_0.id=?
Hibernate: 
    select
        t1_0.id,
        t1_0.category,
        t1_0.closed_at,
        t1_0.created_at,
        t1_0.customer_id,
        t1_0.deleted,
        t1_0.description,
        t1_0.executive_id,
        t1_0.priority,
        t1_0.product_id,
        t1_0.rating,
        t1_0.resolution_notes,
        t1_0.resolved_at,
        t1_0.status,
        t1_0.title,
        t1_0.updated_at 
    from
        tickets t1_0 
    where
        t1_0.executive_id=? 
        and t1_0.deleted=?
Hibernate: 
    select
        t1_0.id,
        t1_0.category,
        t1_0.closed_at,
        t1_0.created_at,
        t1_0.customer_id,
        t1_0.deleted,
        t1_0.description,
        t1_0.executive_id,
        t1_0.priority,
        t1_0.product_id,
        t1_0.rating,
        t1_0.resolution_notes,
        t1_0.resolved_at,
        t1_0.status,
        t1_0.title,
        t1_0.updated_at 
    from
        tickets t1_0 
    where
        t1_0.executive_id=? 
        and t1_0.deleted=?
Hibernate: 
    select
        t1_0.id,
        t1_0.category,
        t1_0.closed_at,
        t1_0.created_at,
        t1_0.customer_id,
        t1_0.deleted,
        t1_0.description,
        t1_0.executive_id,
        t1_0.priority,
        t1_0.product_id,
        t1_0.rating,
        t1_0.resolution_notes,
        t1_0.resolved_at,
        t1_0.status,
        t1_0.title,
        t1_0.updated_at 
    from
        tickets t1_0 
    where
        t1_0.id=?
Hibernate: 
    select
        t1_0.id,
        t1_0.category,
        t1_0.closed_at,
        t1_0.created_at,
        t1_0.customer_id,
        t1_0.deleted,
        t1_0.description,
        t1_0.executive_id,
        t1_0.priority,
        t1_0.product_id,
        t1_0.rating,
        t1_0.resolution_notes,
        t1_0.resolved_at,
        t1_0.status,
        t1_0.title,
        t1_0.updated_at 
    from
        tickets t1_0 
    where
        t1_0.id=?
Hibernate: 
    select
        t1_0.id,
        t1_0.category,
        t1_0.closed_at,
        t1_0.created_at,
        t1_0.customer_id,
        t1_0.deleted,
        t1_0.description,
        t1_0.executive_id,
        t1_0.priority,
        t1_0.product_id,
        t1_0.rating,
        t1_0.resolution_notes,
        t1_0.resolved_at,
        t1_0.status,
        t1_0.title,
        t1_0.updated_at 
    from
        tickets t1_0 
    where
        t1_0.id=?
Hibernate: 
    select
        t1_0.id,
        t1_0.category,
        t1_0.closed_at,
        t1_0.created_at,
        t1_0.customer_id,
        t1_0.deleted,
        t1_0.description,
        t1_0.executive_id,
        t1_0.priority,
        t1_0.product_id,
        t1_0.rating,
        t1_0.resolution_notes,
        t1_0.resolved_at,
        t1_0.status,
        t1_0.title,
        t1_0.updated_at 
    from
        tickets t1_0 
    where
        t1_0.id=?
Hibernate: 
    select
        t1_0.id,
        t1_0.category,
        t1_0.closed_at,
        t1_0.created_at,
        t1_0.customer_id,
        t1_0.deleted,
        t1_0.description,
        t1_0.executive_id,
        t1_0.priority,
        t1_0.product_id,
        t1_0.rating,
        t1_0.resolution_notes,
        t1_0.resolved_at,
        t1_0.status,
        t1_0.title,
        t1_0.updated_at 
    from
        tickets t1_0 
    where
        t1_0.id=?
Hibernate: 
    select
        t1_0.id,
        t1_0.category,
        t1_0.closed_at,
        t1_0.created_at,
        t1_0.customer_id,
        t1_0.deleted,
        t1_0.description,
        t1_0.executive_id,
        t1_0.priority,
        t1_0.product_id,
        t1_0.rating,
        t1_0.resolution_notes,
        t1_0.resolved_at,
        t1_0.status,
        t1_0.title,
        t1_0.updated_at 
    from
        tickets t1_0 
    where
        t1_0.id=?
Hibernate: 
    select
        t1_0.id,
        t1_0.category,
        t1_0.closed_at,
        t1_0.created_at,
        t1_0.customer_id,
        t1_0.deleted,
        t1_0.description,
        t1_0.executive_id,
        t1_0.priority,
        t1_0.product_id,
        t1_0.rating,
        t1_0.resolution_notes,
        t1_0.resolved_at,
        t1_0.status,
        t1_0.title,
        t1_0.updated_at 
    from
        tickets t1_0 
    where
        t1_0.id=?
Hibernate: 
    select
        t1_0.id,
        t1_0.category,
        t1_0.closed_at,
        t1_0.created_at,
        t1_0.customer_id,
        t1_0.deleted,
        t1_0.description,
        t1_0.executive_id,
        t1_0.priority,
        t1_0.product_id,
        t1_0.rating,
        t1_0.resolution_notes,
        t1_0.resolved_at,
        t1_0.status,
        t1_0.title,
        t1_0.updated_at 
    from
        tickets t1_0 
    where
        t1_0.id=?
Hibernate: 
    select
        t1_0.id,
        t1_0.category,
        t1_0.closed_at,
        t1_0.created_at,
        t1_0.customer_id,
        t1_0.deleted,
        t1_0.description,
        t1_0.executive_id,
        t1_0.priority,
        t1_0.product_id,
        t1_0.rating,
        t1_0.resolution_notes,
        t1_0.resolved_at,
        t1_0.status,
        t1_0.title,
        t1_0.updated_at 
    from
        tickets t1_0 
    where
        t1_0.customer_id=? 
        and t1_0.deleted=?
Hibernate: 
    select
        t1_0.id,
        t1_0.category,
        t1_0.closed_at,
        t1_0.created_at,
        t1_0.customer_id,
        t1_0.deleted,
        t1_0.description,
        t1_0.executive_id,
        t1_0.priority,
        t1_0.product_id,
        t1_0.rating,
        t1_0.resolution_notes,
        t1_0.resolved_at,
        t1_0.status,
        t1_0.title,
        t1_0.updated_at 
    from
        tickets t1_0 
    where
        t1_0.id=?
Hibernate: 
    select
        t1_0.id,
        t1_0.category,
        t1_0.closed_at,
        t1_0.created_at,
        t1_0.customer_id,
        t1_0.deleted,
        t1_0.description,
        t1_0.executive_id,
        t1_0.priority,
        t1_0.product_id,
        t1_0.rating,
        t1_0.resolution_notes,
        t1_0.resolved_at,
        t1_0.status,
        t1_0.title,
        t1_0.updated_at 
    from
        tickets t1_0 
    where
        t1_0.id=?
Hibernate: 
    update
        tickets 
    set
        category=?,
        closed_at=?,
        customer_id=?,
        deleted=?,
        description=?,
        executive_id=?,
        priority=?,
        product_id=?,
        rating=?,
        resolution_notes=?,
        resolved_at=?,
        status=?,
        title=?,
        updated_at=? 
    where
        id=?
2026-01-25T15:03:21.919+05:30  WARN 9673 --- [ticket-service] [nio-9102-exec-1] com.zaxxer.hikari.pool.PoolBase          : HikariPool-1 - Failed to validate connection org.postgresql.jdbc.PgConnection@2305b59f (This connection has been closed.). Possibly consider using a shorter maxLifetime value.
Hibernate: 
    select
        t1_0.id,
        t1_0.category,
        t1_0.closed_at,
        t1_0.created_at,
        t1_0.customer_id,
        t1_0.deleted,
        t1_0.description,
        t1_0.executive_id,
        t1_0.priority,
        t1_0.product_id,
        t1_0.rating,
        t1_0.resolution_notes,
        t1_0.resolved_at,
        t1_0.status,
        t1_0.title,
        t1_0.updated_at 
    from
        tickets t1_0 
    where
        t1_0.executive_id=? 
        and t1_0.deleted=?
Hibernate: 
    select
        t1_0.id,
        t1_0.category,
        t1_0.closed_at,
        t1_0.created_at,
        t1_0.customer_id,
        t1_0.deleted,
        t1_0.description,
        t1_0.executive_id,
        t1_0.priority,
        t1_0.product_id,
        t1_0.rating,
        t1_0.resolution_notes,
        t1_0.resolved_at,
        t1_0.status,
        t1_0.title,
        t1_0.updated_at 
    from
        tickets t1_0 
    where
        t1_0.executive_id=? 
        and t1_0.deleted=?
2026-01-25T15:03:26.839+05:30  WARN 9673 --- [ticket-service] [nio-9102-exec-5] com.zaxxer.hikari.pool.PoolBase          : HikariPool-1 - Failed to validate connection org.postgresql.jdbc.PgConnection@75564055 (This connection has been closed.). Possibly consider using a shorter maxLifetime value.
2026-01-25T15:03:26.840+05:30  WARN 9673 --- [ticket-service] [nio-9102-exec-5] com.zaxxer.hikari.pool.PoolBase          : HikariPool-1 - Failed to validate connection org.postgresql.jdbc.PgConnection@9286984 (This connection has been closed.). Possibly consider using a shorter maxLifetime value.
2026-01-25T15:03:26.841+05:30  WARN 9673 --- [ticket-service] [nio-9102-exec-5] com.zaxxer.hikari.pool.PoolBase          : HikariPool-1 - Failed to validate connection org.postgresql.jdbc.PgConnection@3a180ad5 (This connection has been closed.). Possibly consider using a shorter maxLifetime value.
Hibernate: 
    select
        t1_0.id,
        t1_0.category,
        t1_0.closed_at,
        t1_0.created_at,
        t1_0.customer_id,
        t1_0.deleted,
        t1_0.description,
        t1_0.executive_id,
        t1_0.priority,
        t1_0.product_id,
        t1_0.rating,
        t1_0.resolution_notes,
        t1_0.resolved_at,
        t1_0.status,
        t1_0.title,
        t1_0.updated_at 
    from
        tickets t1_0 
    where
        t1_0.executive_id=? 
        and t1_0.deleted=?
Hibernate: 
    select
        t1_0.id,
        t1_0.category,
        t1_0.closed_at,
        t1_0.created_at,
        t1_0.customer_id,
        t1_0.deleted,
        t1_0.description,
        t1_0.executive_id,
        t1_0.priority,
        t1_0.product_id,
        t1_0.rating,
        t1_0.resolution_notes,
        t1_0.resolved_at,
        t1_0.status,
        t1_0.title,
        t1_0.updated_at 
    from
        tickets t1_0 
    where
        t1_0.executive_id=? 
        and t1_0.deleted=?
Hibernate: 
    select
        t1_0.id,
        t1_0.category,
        t1_0.closed_at,
        t1_0.created_at,
        t1_0.customer_id,
        t1_0.deleted,
        t1_0.description,
        t1_0.executive_id,
        t1_0.priority,
        t1_0.product_id,
        t1_0.rating,
        t1_0.resolution_notes,
        t1_0.resolved_at,
        t1_0.status,
        t1_0.title,
        t1_0.updated_at 
    from
        tickets t1_0 
    where
        t1_0.executive_id=? 
        and t1_0.deleted=?
Hibernate: 
    select
        t1_0.id,
        t1_0.category,
        t1_0.closed_at,
        t1_0.created_at,
        t1_0.customer_id,
        t1_0.deleted,
        t1_0.description,
        t1_0.executive_id,
        t1_0.priority,
        t1_0.product_id,
        t1_0.rating,
        t1_0.resolution_notes,
        t1_0.resolved_at,
        t1_0.status,
        t1_0.title,
        t1_0.updated_at 
    from
        tickets t1_0 
    where
        t1_0.id=?
Hibernate: 
    select
        t1_0.id,
        t1_0.category,
        t1_0.closed_at,
        t1_0.created_at,
        t1_0.customer_id,
        t1_0.deleted,
        t1_0.description,
        t1_0.executive_id,
        t1_0.priority,
        t1_0.product_id,
        t1_0.rating,
        t1_0.resolution_notes,
        t1_0.resolved_at,
        t1_0.status,
        t1_0.title,
        t1_0.updated_at 
    from
        tickets t1_0 
    where
        t1_0.id=?
Hibernate: 
    select
        t1_0.id,
        t1_0.category,
        t1_0.closed_at,
        t1_0.created_at,
        t1_0.customer_id,
        t1_0.deleted,
        t1_0.description,
        t1_0.executive_id,
        t1_0.priority,
        t1_0.product_id,
        t1_0.rating,
        t1_0.resolution_notes,
        t1_0.resolved_at,
        t1_0.status,
        t1_0.title,
        t1_0.updated_at 
    from
        tickets t1_0 
    where
        t1_0.executive_id=? 
        and t1_0.deleted=?
Hibernate: 
    select
        t1_0.id,
        t1_0.category,
        t1_0.closed_at,
        t1_0.created_at,
        t1_0.customer_id,
        t1_0.deleted,
        t1_0.description,
        t1_0.executive_id,
        t1_0.priority,
        t1_0.product_id,
        t1_0.rating,
        t1_0.resolution_notes,
        t1_0.resolved_at,
        t1_0.status,
        t1_0.title,
        t1_0.updated_at 
    from
        tickets t1_0 
    where
        t1_0.executive_id=? 
        and t1_0.deleted=?
Hibernate: 
    select
        t1_0.id,
        t1_0.category,
        t1_0.closed_at,
        t1_0.created_at,
        t1_0.customer_id,
        t1_0.deleted,
        t1_0.description,
        t1_0.executive_id,
        t1_0.priority,
        t1_0.product_id,
        t1_0.rating,
        t1_0.resolution_notes,
        t1_0.resolved_at,
        t1_0.status,
        t1_0.title,
        t1_0.updated_at 
    from
        tickets t1_0 
    where
        t1_0.executive_id=? 
        and t1_0.deleted=?
Hibernate: 
    select
        t1_0.id,
        t1_0.category,
        t1_0.closed_at,
        t1_0.created_at,
        t1_0.customer_id,
        t1_0.deleted,
        t1_0.description,
        t1_0.executive_id,
        t1_0.priority,
        t1_0.product_id,
        t1_0.rating,
        t1_0.resolution_notes,
        t1_0.resolved_at,
        t1_0.status,
        t1_0.title,
        t1_0.updated_at 
    from
        tickets t1_0 
    where
        t1_0.id=?
Hibernate: 
    select
        t1_0.id,
        t1_0.category,
        t1_0.closed_at,
        t1_0.created_at,
        t1_0.customer_id,
        t1_0.deleted,
        t1_0.description,
        t1_0.executive_id,
        t1_0.priority,
        t1_0.product_id,
        t1_0.rating,
        t1_0.resolution_notes,
        t1_0.resolved_at,
        t1_0.status,
        t1_0.title,
        t1_0.updated_at 
    from
        tickets t1_0 
    where
        t1_0.id=?
2026-01-25T15:18:12.993+05:30  WARN 9673 --- [ticket-service] [nio-9102-exec-6] com.zaxxer.hikari.pool.PoolBase          : HikariPool-1 - Failed to validate connection org.postgresql.jdbc.PgConnection@593be7c6 (This connection has been closed.). Possibly consider using a shorter maxLifetime value.
2026-01-25T15:18:12.995+05:30  WARN 9673 --- [ticket-service] [nio-9102-exec-6] com.zaxxer.hikari.pool.PoolBase          : HikariPool-1 - Failed to validate connection org.postgresql.jdbc.PgConnection@149a0d3f (This connection has been closed.). Possibly consider using a shorter maxLifetime value.
2026-01-25T15:18:12.996+05:30  WARN 9673 --- [ticket-service] [nio-9102-exec-6] com.zaxxer.hikari.pool.PoolBase          : HikariPool-1 - Failed to validate connection org.postgresql.jdbc.PgConnection@6c64706b (This connection has been closed.). Possibly consider using a shorter maxLifetime value.
2026-01-25T15:18:12.996+05:30  WARN 9673 --- [ticket-service] [nio-9102-exec-6] com.zaxxer.hikari.pool.PoolBase          : HikariPool-1 - Failed to validate connection org.postgresql.jdbc.PgConnection@6a67aff6 (This connection has been closed.). Possibly consider using a shorter maxLifetime value.
2026-01-25T15:18:12.998+05:30  WARN 9673 --- [ticket-service] [nio-9102-exec-6] com.zaxxer.hikari.pool.PoolBase          : HikariPool-1 - Failed to validate connection org.postgresql.jdbc.PgConnection@2a4c32b1 (This connection has been closed.). Possibly consider using a shorter maxLifetime value.
Hibernate: 
    select
        t1_0.id,
        t1_0.category,
        t1_0.closed_at,
        t1_0.created_at,
        t1_0.customer_id,
        t1_0.deleted,
        t1_0.description,
        t1_0.executive_id,
        t1_0.priority,
        t1_0.product_id,
        t1_0.rating,
        t1_0.resolution_notes,
        t1_0.resolved_at,
        t1_0.status,
        t1_0.title,
        t1_0.updated_at 
    from
        tickets t1_0 
    where
        t1_0.executive_id=? 
        and t1_0.deleted=?
Hibernate: 
    select
        t1_0.id,
        t1_0.category,
        t1_0.closed_at,
        t1_0.created_at,
        t1_0.customer_id,
        t1_0.deleted,
        t1_0.description,
        t1_0.executive_id,
        t1_0.priority,
        t1_0.product_id,
        t1_0.rating,
        t1_0.resolution_notes,
        t1_0.resolved_at,
        t1_0.status,
        t1_0.title,
        t1_0.updated_at 
    from
        tickets t1_0 
    where
        t1_0.executive_id=? 
        and t1_0.deleted=?
Hibernate: 
    select
        t1_0.id,
        t1_0.category,
        t1_0.closed_at,
        t1_0.created_at,
        t1_0.customer_id,
        t1_0.deleted,
        t1_0.description,
        t1_0.executive_id,
        t1_0.priority,
        t1_0.product_id,
        t1_0.rating,
        t1_0.resolution_notes,
        t1_0.resolved_at,
        t1_0.status,
        t1_0.title,
        t1_0.updated_at 
    from
        tickets t1_0 
    where
        t1_0.executive_id=? 
        and t1_0.deleted=?
Hibernate: 
    select
        t1_0.id,
        t1_0.category,
        t1_0.closed_at,
        t1_0.created_at,
        t1_0.customer_id,
        t1_0.deleted,
        t1_0.description,
        t1_0.executive_id,
        t1_0.priority,
        t1_0.product_id,
        t1_0.rating,
        t1_0.resolution_notes,
        t1_0.resolved_at,
        t1_0.status,
        t1_0.title,
        t1_0.updated_at 
    from
        tickets t1_0 
    where
        t1_0.executive_id=? 
        and t1_0.deleted=?
Hibernate: 
    select
        t1_0.id,
        t1_0.category,
        t1_0.closed_at,
        t1_0.created_at,
        t1_0.customer_id,
        t1_0.deleted,
        t1_0.description,
        t1_0.executive_id,
        t1_0.priority,
        t1_0.product_id,
        t1_0.rating,
        t1_0.resolution_notes,
        t1_0.resolved_at,
        t1_0.status,
        t1_0.title,
        t1_0.updated_at 
    from
        tickets t1_0 
    where
        t1_0.executive_id=? 
        and t1_0.deleted=?
Hibernate: 
    select
        t1_0.id,
        t1_0.category,
        t1_0.closed_at,
        t1_0.created_at,
        t1_0.customer_id,
        t1_0.deleted,
        t1_0.description,
        t1_0.executive_id,
        t1_0.priority,
        t1_0.product_id,
        t1_0.rating,
        t1_0.resolution_notes,
        t1_0.resolved_at,
        t1_0.status,
        t1_0.title,
        t1_0.updated_at 
    from
        tickets t1_0 
    where
        t1_0.executive_id=? 
        and t1_0.deleted=?
Hibernate: 
    select
        t1_0.id,
        t1_0.category,
        t1_0.closed_at,
        t1_0.created_at,
        t1_0.customer_id,
        t1_0.deleted,
        t1_0.description,
        t1_0.executive_id,
        t1_0.priority,
        t1_0.product_id,
        t1_0.rating,
        t1_0.resolution_notes,
        t1_0.resolved_at,
        t1_0.status,
        t1_0.title,
        t1_0.updated_at 
    from
        tickets t1_0 
    where
        t1_0.executive_id=? 
        and t1_0.deleted=?
Hibernate: 
    select
        t1_0.id,
        t1_0.category,
        t1_0.closed_at,
        t1_0.created_at,
        t1_0.customer_id,
        t1_0.deleted,
        t1_0.description,
        t1_0.executive_id,
        t1_0.priority,
        t1_0.product_id,
        t1_0.rating,
        t1_0.resolution_notes,
        t1_0.resolved_at,
        t1_0.status,
        t1_0.title,
        t1_0.updated_at 
    from
        tickets t1_0 
    where
        t1_0.executive_id=? 
        and t1_0.deleted=?
Hibernate: 
    select
        t1_0.id,
        t1_0.category,
        t1_0.closed_at,
        t1_0.created_at,
        t1_0.customer_id,
        t1_0.deleted,
        t1_0.description,
        t1_0.executive_id,
        t1_0.priority,
        t1_0.product_id,
        t1_0.rating,
        t1_0.resolution_notes,
        t1_0.resolved_at,
        t1_0.status,
        t1_0.title,
        t1_0.updated_at 
    from
        tickets t1_0 
    where
        t1_0.id=?
Hibernate: 
    select
        t1_0.id,
        t1_0.category,
        t1_0.closed_at,
        t1_0.created_at,
        t1_0.customer_id,
        t1_0.deleted,
        t1_0.description,
        t1_0.executive_id,
        t1_0.priority,
        t1_0.product_id,
        t1_0.rating,
        t1_0.resolution_notes,
        t1_0.resolved_at,
        t1_0.status,
        t1_0.title,
        t1_0.updated_at 
    from
        tickets t1_0 
    where
        t1_0.id=?
Hibernate: 
    select
        t1_0.id,
        t1_0.category,
        t1_0.closed_at,
        t1_0.created_at,
        t1_0.customer_id,
        t1_0.deleted,
        t1_0.description,
        t1_0.executive_id,
        t1_0.priority,
        t1_0.product_id,
        t1_0.rating,
        t1_0.resolution_notes,
        t1_0.resolved_at,
        t1_0.status,
        t1_0.title,
        t1_0.updated_at 
    from
        tickets t1_0 
    where
        t1_0.id=?
Hibernate: 
    select
        t1_0.id,
        t1_0.category,
        t1_0.closed_at,
        t1_0.created_at,
        t1_0.customer_id,
        t1_0.deleted,
        t1_0.description,
        t1_0.executive_id,
        t1_0.priority,
        t1_0.product_id,
        t1_0.rating,
        t1_0.resolution_notes,
        t1_0.resolved_at,
        t1_0.status,
        t1_0.title,
        t1_0.updated_at 
    from
        tickets t1_0 
    where
        t1_0.customer_id=? 
        and t1_0.deleted=?
2026-01-25T15:36:42.716+05:30  INFO 9673 --- [ticket-service] [ionShutdownHook] o.s.b.w.e.tomcat.GracefulShutdown        : Commencing graceful shutdown. Waiting for active requests to complete
2026-01-25T15:36:42.771+05:30  INFO 9673 --- [ticket-service] [tomcat-shutdown] o.s.b.w.e.tomcat.GracefulShutdown        : Graceful shutdown complete
2026-01-25T15:36:42.799+05:30  INFO 9673 --- [ticket-service] [ionShutdownHook] j.LocalContainerEntityManagerFactoryBean : Closing JPA EntityManagerFactory for persistence unit 'default'
2026-01-25T15:36:42.830+05:30  INFO 9673 --- [ticket-service] [ionShutdownHook] com.zaxxer.hikari.HikariDataSource       : HikariPool-1 - Shutdown initiated...
2026-01-25T15:36:42.984+05:30  INFO 9673 --- [ticket-service] [ionShutdownHook] com.zaxxer.hikari.HikariDataSource       : HikariPool-1 - Shutdown completed.
